2025-09-26 12:32:54,973 - INFO - Loaded account states from account_state.csv
2025-09-26 12:32:55,004 - INFO - Loaded configuration from configuration.csv
2025-09-26 12:32:55,006 - INFO - Resetting account states to initial state on startup...
2025-09-26 12:32:55,030 - INFO - Updated Master (ID: 1) login_status to '0': Program startup - master not logged in
2025-09-26 12:32:55,035 - INFO - Updated Master (ID: 1) can_order to '0': Program startup - master cannot place orders
2025-09-26 12:32:55,042 - INFO - Updated Child (ID: 2) login_status to '0': Program startup - child not logged in
2025-09-26 12:32:55,051 - INFO - Updated Child (ID: 2) can_order to '0': Program startup - child cannot place orders
2025-09-26 12:32:55,054 - INFO - RESET POSITION DATA - Master (ID: 1) - position data cleared
2025-09-26 12:32:55,072 - INFO - RESET POSITION DATA - Child (ID: 2) - position data cleared
2025-09-26 12:32:55,087 - INFO - Cleared exit order info for Master (ID: 1)
2025-09-26 12:32:55,097 - INFO - Cleared exit order info for Child (ID: 2)
2025-09-26 12:32:55,097 - INFO - Enabling selection row components
2025-09-26 12:32:55,098 - ERROR - Error enabling selection row: 'MainWindow' object has no attribute 'index_dropdown'
2025-09-26 12:32:55,098 - INFO - Position data and exit order info cleared on startup for both accounts
2025-09-26 12:32:55,099 - INFO - Account states reset to initial state
2025-09-26 12:32:55,150 - INFO - Loaded index prices from text file
2025-09-26 12:32:55,170 - INFO - Cache date (2025-09-25) is not today (2025-09-26)
2025-09-26 12:32:55,170 - INFO - Calculating fresh expiry dates from master files...
2025-09-26 12:32:55,170 - INFO - Calculating expiry dates from master files...
2025-09-26 12:32:55,172 - INFO - Using NFO file: data\NFO_symbols.txt_2025-09-25.txt
2025-09-26 12:32:55,347 - INFO - NIFTY - Current: 2025-09-30, Next: 2025-10-07
2025-09-26 12:32:55,347 - INFO - BANKNIFTY - Current: 2025-09-30, Next: 2025-10-28
2025-09-26 12:32:55,350 - INFO - Using BFO file: data\BFO_symbols.txt_2025-09-25.txt
2025-09-26 12:32:55,431 - INFO - SENSEX - Current: 2025-10-01, Next: 2025-10-09
2025-09-26 12:32:55,449 - INFO - Saved expiry dates to files and cache
2025-09-26 12:32:55,450 - INFO - Successfully calculated and saved expiry dates
2025-09-26 12:32:55,693 - INFO - WebSocket connection monitoring started
2025-09-26 12:32:55,693 - INFO - SL/Target configuration loaded - SL: 3 points, Target: 40 points
2025-09-26 12:32:55,693 - INFO - Calculated differences - SL: -3, Target: 40
2025-09-26 12:32:56,172 - INFO - Checking master files...
2025-09-26 12:32:56,173 - INFO - Master file missing: data/NSE_symbols.txt_2025-09-26.txt
2025-09-26 12:32:56,173 - INFO - Master files are missing or outdated, downloading fresh files...
2025-09-26 12:32:56,175 - INFO - Attempting auto-login for master account...
2025-09-26 12:32:56,175 - INFO - Downloading NSE_symbols.txt.zip...
2025-09-26 12:32:56,175 - INFO - Starting Master-Child Trading GUI - Original UI Layout
2025-09-26 12:32:56,175 - INFO - Generated fresh 2FA for account 1: 898681
2025-09-26 12:32:56,176 - INFO - Attempting login for account 1 with userid: FA42242
2025-09-26 12:32:56,803 - INFO - Login response for account 1: {'request_time': '12:32:57 26-09-2025', 'actid': 'FA42242', 'access_type': ['MOB', 'TT', 'WEB', 'API'], 'uname': 'KRATIK YADAV', 'prarr': [{'prd': 'C', 's_prdt_ali': 'CNC', 'exch': ['NSE', 'BSE', 'NIPO', 'BSTAR']}, {'prd': 'M', 's_prdt_ali': 'NRML', 'exch': ['NFO', 'BFO', 'CDS', 'BCD']}, {'prd': 'I', 's_prdt_ali': 'MIS', 'exch': ['NSE', 'BSE', 'NFO', 'BFO', 'CDS', 'BCD']}, {'prd': 'H', 's_prdt_ali': 'CO', 'exch': ['NSE', 'NFO', 'CDS', 'BSE']}, {'prd': 'B', 's_prdt_ali': 'BO', 'exch': ['NSE', 'NFO', 'CDS', 'BSE']}], 'exch_prd': [{'exch': 'NSE', 'prds': ['C', 'I', 'H', 'B']}, {'exch': 'NFO', 'prds': ['M', 'I', 'H', 'B']}, {'exch': 'CDS', 'prds': ['M', 'I', 'H', 'B']}, {'exch': 'BSE', 'prds': ['C', 'I', 'H', 'B']}, {'exch': 'BCD', 'prds': ['M', 'I']}, {'exch': 'NIPO', 'prds': ['C']}, {'exch': 'BSTAR', 'prds': ['C']}, {'exch': 'BFO', 'prds': ['M', 'I']}], 'stat': 'Ok', 'susertoken': '2396a3fda0955d55ad82bc3b9a6132f3b29e1e05687067e4d90194ff85a42e10', 'susertokenspl': 'ad2d45363887dbd451de9131328217f5429681def66ec38f153487506757815b', 'email': 'kratikiafk@gmail.com', 'uid': 'FA42242', 'brnchid': 'HO', 'totp_set': '1', 'm_num': '6265650705', 'orarr': ['MKT', 'LMT', 'SL-LMT', 'SL-MKT'], 'exarr': ['NSE', 'NFO', 'CDS', 'BSE', 'BCD', 'NIPO', 'BSTAR', 'BFO'], 'values': ['4', '3', '2'], 'mws': {'4': [{'exch': 'NFO', 'token': '68495', 'tsym': 'BANKINDIA28OCT25P105', 'cname': 'BANKINDIA OCT 105 PE ', 'dname': 'BANKINDIA OCT 105 PE ', 'instname': 'OPTSTK', 'pp': '2', 'ls': '5200', 'ti': '0.05', 'optt': 'PE'}, {'exch': 'NFO', 'token': '68471', 'tsym': 'BANKINDIA30SEP25P142.5', 'cname': 'BANKINDIA SEP 142.50 PE ', 'dname': 'BANKINDIA SEP 142.50 PE ', 'instname': 'OPTSTK', 'pp': '2', 'ls': '5200', 'ti': '0.05', 'optt': 'PE'}], '3': [], '2': [{'exch': 'NSE', 'token': '2088', 'tsym': 'MAHSEAMLES-EQ', 'cname': 'MAHARASHTRA SEAMLESS LTD', 'instname': 'EQ', 'pp': '2', 'ls': '1', 'ti': '0.05'}, {'exch': 'NSE', 'token': '23402', 'tsym': 'SRM-EQ', 'cname': 'SRM CONTRACTORS LIMITED', 'instname': 'EQ', 'pp': '2', 'ls': '1', 'ti': '0.05'}, {'exch': 'NSE', 'token': '18110', 'tsym': 'VASCONEQ-EQ', 'cname': 'VASCON ENGINEERS LTD', 'instname': 'EQ', 'pp': '2', 'ls': '1', 'ti': '0.01'}]}, 'brkname': 'FINV', 'dmsg': '', 'lastaccesstime': '1758870177', 'lastpwdtime': '1756959759'}
2025-09-26 12:32:56,803 - INFO - Login response type: <class 'dict'>
2025-09-26 12:32:56,803 - INFO - Login Successful!, Welcome KRATIK YADAV - Master ACCOUNT
2025-09-26 12:32:56,822 - INFO - Updated Master (ID: 1) login_status to '1': Master account auto-login successful
2025-09-26 12:32:56,828 - INFO - Updated Master (ID: 1) can_order to '1': Master account ready for orders
2025-09-26 12:32:56,829 - INFO - WebSocket connection established for account 1
2025-09-26 12:32:56,829 - INFO - Network connection restored for account 1
2025-09-26 12:32:56,830 - INFO - Refreshing market data...
2025-09-26 12:32:56,832 - INFO - Master account auto-login successful: KRATIK YADAV
2025-09-26 12:32:56,832 - INFO - Refreshing index prices...
2025-09-26 12:32:56,833 - INFO - Fetching index prices from API...
2025-09-26 12:32:56,834 - INFO - Fetching NIFTY price from NSE
2025-09-26 12:32:56,924 - INFO - Extracted and renamed to: data/NSE_symbols.txt_2025-09-26.txt
2025-09-26 12:32:56,924 - INFO - Downloading NFO_symbols.txt.zip...
2025-09-26 12:32:56,992 - INFO - Websocket connected
2025-09-26 12:32:57,032 - INFO - WebSocket is now open for Account 1
2025-09-26 12:32:57,511 - INFO - Fetched NIFTY price: 24758.85
2025-09-26 12:32:57,511 - INFO - Fetching BANKNIFTY price from NSE
2025-09-26 12:32:57,942 - INFO - Extracted and renamed to: data/NFO_symbols.txt_2025-09-26.txt
2025-09-26 12:32:57,943 - INFO - Downloading MCX_symbols.txt.zip...
2025-09-26 12:32:57,996 - INFO - Fetched BANKNIFTY price: 54548.0
2025-09-26 12:32:57,997 - INFO - Fetching SENSEX price from BSE
2025-09-26 12:32:58,635 - INFO - Position check completed - No open positions found
2025-09-26 12:32:58,924 - INFO - Fetched SENSEX price: 80752.58
2025-09-26 12:32:58,927 - INFO - Saved index prices to cache files
2025-09-26 12:32:58,927 - INFO - Successfully updated all index prices
2025-09-26 12:32:58,931 - INFO - Expiry dates are current, no refresh needed
2025-09-26 12:32:58,973 - INFO - Extracted and renamed to: data/MCX_symbols.txt_2025-09-26.txt
2025-09-26 12:32:58,974 - INFO - Downloading BFO_symbols.txt.zip...
2025-09-26 12:32:59,635 - INFO - Extracted and renamed to: data/BFO_symbols.txt_2025-09-26.txt
2025-09-26 12:32:59,635 - INFO - Successfully downloaded 4 master files
2025-09-26 12:32:59,635 - INFO - [SUCCESS] Master files downloaded successfully
2025-09-26 12:32:59,635 - INFO - Cleanup completed: 0 old master files deleted
2025-09-26 12:33:01,007 - INFO - Index selected: SENSEX
2025-09-26 12:33:01,007 - INFO - On option selected called - Function not implemented yet
2025-09-26 12:33:01,007 - INFO - Not all required fields selected for strike selection
2025-09-26 12:33:01,007 - INFO - Option and strike selections cleared for new index
2025-09-26 12:33:01,007 - INFO - On expiry selected called - Function not implemented yet
2025-09-26 12:33:01,007 - INFO - Strike dropdown populated with 15 strikes for SENSEX
2025-09-26 12:33:01,007 - INFO - Updated quantity dropdown for SENSEX: ['20', '40', '60', '80', '100', '120', '140', '160', '180', '200']
2025-09-26 12:33:02,901 - INFO - On option selected called - Function not implemented yet
2025-09-26 12:33:05,555 - INFO - Buy price box cleared for new symbol selection - auto-fill re-enabled
2025-09-26 12:33:05,555 - INFO - Generated trading symbol: SENSEX25O0181000CE
2025-09-26 12:33:05,555 - INFO - Trading symbol stored: SENSEX25O0181000CE
2025-09-26 12:33:05,555 - INFO - Getting token for trading symbol: SENSEX25O0181000CE
2025-09-26 12:33:05,555 - INFO - Found token for SENSEX25O0181000CE: 865160
2025-09-26 12:33:06,044 - INFO - Fetched price for SENSEX25O0181000CE: 300.65
2025-09-26 12:33:06,044 - INFO - Getting token for trading symbol: SENSEX25O0181000CE
2025-09-26 12:33:06,050 - INFO - Found token for SENSEX25O0181000CE: 865160
2025-09-26 12:33:06,050 - INFO - Subscribed to live price feed via master account: BFO|865160
2025-09-26 12:33:06,050 - INFO - Auto-subscribed to SENSEX25O0181000CE at price 300.65
2025-09-26 12:33:06,050 - INFO - Strike selected: 81000, trading symbol: SENSEX25O0181000CE
2025-09-26 12:33:06,095 - INFO - Initial buy price set: 300.65
2025-09-26 12:33:08,978 - INFO - Buy price field value changed to empty - auto-fill disabled
2025-09-26 12:33:08,978 - INFO - Buy price box cleared for new symbol selection - auto-fill re-enabled
2025-09-26 12:33:08,978 - INFO - Generated trading symbol: SENSEX25O018100CE
2025-09-26 12:33:08,978 - INFO - Trading symbol stored: SENSEX25O018100CE
2025-09-26 12:33:08,978 - INFO - Getting token for trading symbol: SENSEX25O018100CE
2025-09-26 12:33:08,978 - ERROR - No token found for SENSEX25O018100CE
2025-09-26 12:33:09,024 - INFO - Available SENSEX symbols (first 10): ['SENSEX25SEP91600PE' 'SENSEX25SEP91500PE' 'SENSEX25SEP91400PE'
 'SENSEX25SEP91300PE' 'SENSEX25SEP91200PE' 'SENSEX25SEP91100PE'
 'SENSEX25SEP91000PE' 'SENSEX25SEP90900PE' 'SENSEX25SEP90800PE'
 'SENSEX25SEP90700PE']
2025-09-26 12:33:09,024 - ERROR - Error in fallback conversion: time data 'O01' does not match format '%b'
2025-09-26 12:33:09,025 - WARNING - Could not fetch price for SENSEX25O018100CE
2025-09-26 12:33:09,025 - INFO - Strike selected: 8100, trading symbol: SENSEX25O018100CE
2025-09-26 12:33:09,046 - INFO - Initial buy price set: 300.15
2025-09-26 12:33:09,166 - INFO - Buy price field value changed to empty - auto-fill disabled
2025-09-26 12:33:09,166 - INFO - Buy price box cleared for new symbol selection - auto-fill re-enabled
2025-09-26 12:33:09,167 - INFO - Generated trading symbol: SENSEX25O01810CE
2025-09-26 12:33:09,167 - INFO - Trading symbol stored: SENSEX25O01810CE
2025-09-26 12:33:09,167 - INFO - Getting token for trading symbol: SENSEX25O01810CE
2025-09-26 12:33:09,170 - ERROR - No token found for SENSEX25O01810CE
2025-09-26 12:33:09,191 - INFO - Available SENSEX symbols (first 10): ['SENSEX25SEP91600PE' 'SENSEX25SEP91500PE' 'SENSEX25SEP91400PE'
 'SENSEX25SEP91300PE' 'SENSEX25SEP91200PE' 'SENSEX25SEP91100PE'
 'SENSEX25SEP91000PE' 'SENSEX25SEP90900PE' 'SENSEX25SEP90800PE'
 'SENSEX25SEP90700PE']
2025-09-26 12:33:09,192 - ERROR - Error in fallback conversion: time data 'O01' does not match format '%b'
2025-09-26 12:33:09,192 - WARNING - Could not fetch price for SENSEX25O01810CE
2025-09-26 12:33:09,192 - INFO - Strike selected: 810, trading symbol: SENSEX25O01810CE
2025-09-26 12:33:09,336 - INFO - Buy price box cleared for new symbol selection - auto-fill re-enabled
2025-09-26 12:33:09,336 - INFO - Generated trading symbol: SENSEX25O0181CE
2025-09-26 12:33:09,336 - INFO - Trading symbol stored: SENSEX25O0181CE
2025-09-26 12:33:09,336 - INFO - Getting token for trading symbol: SENSEX25O0181CE
2025-09-26 12:33:09,351 - ERROR - No token found for SENSEX25O0181CE
2025-09-26 12:33:09,366 - INFO - Available SENSEX symbols (first 10): ['SENSEX25SEP91600PE' 'SENSEX25SEP91500PE' 'SENSEX25SEP91400PE'
 'SENSEX25SEP91300PE' 'SENSEX25SEP91200PE' 'SENSEX25SEP91100PE'
 'SENSEX25SEP91000PE' 'SENSEX25SEP90900PE' 'SENSEX25SEP90800PE'
 'SENSEX25SEP90700PE']
2025-09-26 12:33:09,366 - ERROR - Error in fallback conversion: time data 'O01' does not match format '%b'
2025-09-26 12:33:09,368 - WARNING - Could not fetch price for SENSEX25O0181CE
2025-09-26 12:33:09,368 - INFO - Strike selected: 81, trading symbol: SENSEX25O0181CE
2025-09-26 12:33:09,516 - INFO - Buy price box cleared for new symbol selection - auto-fill re-enabled
2025-09-26 12:33:09,516 - INFO - Generated trading symbol: SENSEX25O018CE
2025-09-26 12:33:09,516 - INFO - Trading symbol stored: SENSEX25O018CE
2025-09-26 12:33:09,516 - INFO - Getting token for trading symbol: SENSEX25O018CE
2025-09-26 12:33:09,530 - ERROR - No token found for SENSEX25O018CE
2025-09-26 12:33:09,543 - INFO - Available SENSEX symbols (first 10): ['SENSEX25SEP91600PE' 'SENSEX25SEP91500PE' 'SENSEX25SEP91400PE'
 'SENSEX25SEP91300PE' 'SENSEX25SEP91200PE' 'SENSEX25SEP91100PE'
 'SENSEX25SEP91000PE' 'SENSEX25SEP90900PE' 'SENSEX25SEP90800PE'
 'SENSEX25SEP90700PE']
2025-09-26 12:33:09,543 - ERROR - Error in fallback conversion: invalid literal for int() with base 10: '8C'
2025-09-26 12:33:09,543 - WARNING - Could not fetch price for SENSEX25O018CE
2025-09-26 12:33:09,543 - INFO - Strike selected: 8, trading symbol: SENSEX25O018CE
2025-09-26 12:33:10,089 - INFO - Initial buy price set: 299.45
2025-09-26 12:33:10,465 - INFO - Buy price field value changed to empty - auto-fill disabled
2025-09-26 12:33:10,465 - INFO - Buy price box cleared for new symbol selection - auto-fill re-enabled
2025-09-26 12:33:10,465 - INFO - Generated trading symbol: SENSEX25O0180CE
2025-09-26 12:33:10,465 - INFO - Trading symbol stored: SENSEX25O0180CE
2025-09-26 12:33:10,465 - INFO - Getting token for trading symbol: SENSEX25O0180CE
2025-09-26 12:33:10,479 - ERROR - No token found for SENSEX25O0180CE
2025-09-26 12:33:10,506 - INFO - Available SENSEX symbols (first 10): ['SENSEX25SEP91600PE' 'SENSEX25SEP91500PE' 'SENSEX25SEP91400PE'
 'SENSEX25SEP91300PE' 'SENSEX25SEP91200PE' 'SENSEX25SEP91100PE'
 'SENSEX25SEP91000PE' 'SENSEX25SEP90900PE' 'SENSEX25SEP90800PE'
 'SENSEX25SEP90700PE']
2025-09-26 12:33:10,506 - ERROR - Error in fallback conversion: time data 'O01' does not match format '%b'
2025-09-26 12:33:10,507 - WARNING - Could not fetch price for SENSEX25O0180CE
2025-09-26 12:33:10,508 - INFO - Strike selected: 80, trading symbol: SENSEX25O0180CE
2025-09-26 12:33:10,841 - INFO - Buy price box cleared for new symbol selection - auto-fill re-enabled
2025-09-26 12:33:10,841 - INFO - Generated trading symbol: SENSEX25O01805CE
2025-09-26 12:33:10,857 - INFO - Trading symbol stored: SENSEX25O01805CE
2025-09-26 12:33:10,857 - INFO - Getting token for trading symbol: SENSEX25O01805CE
2025-09-26 12:33:10,861 - ERROR - No token found for SENSEX25O01805CE
2025-09-26 12:33:10,887 - INFO - Available SENSEX symbols (first 10): ['SENSEX25SEP91600PE' 'SENSEX25SEP91500PE' 'SENSEX25SEP91400PE'
 'SENSEX25SEP91300PE' 'SENSEX25SEP91200PE' 'SENSEX25SEP91100PE'
 'SENSEX25SEP91000PE' 'SENSEX25SEP90900PE' 'SENSEX25SEP90800PE'
 'SENSEX25SEP90700PE']
2025-09-26 12:33:10,889 - ERROR - Error in fallback conversion: time data 'O01' does not match format '%b'
2025-09-26 12:33:10,889 - WARNING - Could not fetch price for SENSEX25O01805CE
2025-09-26 12:33:10,889 - INFO - Strike selected: 805, trading symbol: SENSEX25O01805CE
2025-09-26 12:33:11,000 - INFO - Buy price box cleared for new symbol selection - auto-fill re-enabled
2025-09-26 12:33:11,016 - INFO - Generated trading symbol: SENSEX25O018050CE
2025-09-26 12:33:11,016 - INFO - Trading symbol stored: SENSEX25O018050CE
2025-09-26 12:33:11,016 - INFO - Getting token for trading symbol: SENSEX25O018050CE
2025-09-26 12:33:11,016 - ERROR - No token found for SENSEX25O018050CE
2025-09-26 12:33:11,048 - INFO - Available SENSEX symbols (first 10): ['SENSEX25SEP91600PE' 'SENSEX25SEP91500PE' 'SENSEX25SEP91400PE'
 'SENSEX25SEP91300PE' 'SENSEX25SEP91200PE' 'SENSEX25SEP91100PE'
 'SENSEX25SEP91000PE' 'SENSEX25SEP90900PE' 'SENSEX25SEP90800PE'
 'SENSEX25SEP90700PE']
2025-09-26 12:33:11,048 - ERROR - Error in fallback conversion: time data 'O01' does not match format '%b'
2025-09-26 12:33:11,049 - WARNING - Could not fetch price for SENSEX25O018050CE
2025-09-26 12:33:11,049 - INFO - Strike selected: 8050, trading symbol: SENSEX25O018050CE
2025-09-26 12:33:11,194 - INFO - Buy price box cleared for new symbol selection - auto-fill re-enabled
2025-09-26 12:33:11,194 - INFO - Generated trading symbol: SENSEX25O0180500CE
2025-09-26 12:33:11,195 - INFO - Trading symbol stored: SENSEX25O0180500CE
2025-09-26 12:33:11,195 - INFO - Getting token for trading symbol: SENSEX25O0180500CE
2025-09-26 12:33:11,199 - INFO - Found token for SENSEX25O0180500CE: 865311
2025-09-26 12:33:11,685 - INFO - Fetched price for SENSEX25O0180500CE: 598.0
2025-09-26 12:33:11,685 - INFO - Getting token for trading symbol: SENSEX25O0180500CE
2025-09-26 12:33:11,690 - INFO - Found token for SENSEX25O0180500CE: 865311
2025-09-26 12:33:11,690 - INFO - Unsubscribed from previous: BFO|865160
2025-09-26 12:33:11,690 - INFO - Subscribed to live price feed via master account: BFO|865311
2025-09-26 12:33:11,690 - INFO - Auto-subscribed to SENSEX25O0180500CE at price 598.0
2025-09-26 12:33:11,690 - INFO - Strike selected: 80500, trading symbol: SENSEX25O0180500CE
2025-09-26 12:33:11,694 - INFO - Initial buy price set: 299.30
2025-09-26 12:33:17,571 - INFO - Buy price field value changed to empty - auto-fill disabled
2025-09-26 12:33:17,571 - INFO - Buy price box cleared for new symbol selection - auto-fill re-enabled
2025-09-26 12:33:17,571 - INFO - Generated trading symbol: SENSEX25O018CE
2025-09-26 12:33:17,571 - INFO - Trading symbol stored: SENSEX25O018CE
2025-09-26 12:33:17,571 - INFO - Getting token for trading symbol: SENSEX25O018CE
2025-09-26 12:33:17,584 - ERROR - No token found for SENSEX25O018CE
2025-09-26 12:33:17,593 - INFO - Available SENSEX symbols (first 10): ['SENSEX25SEP91600PE' 'SENSEX25SEP91500PE' 'SENSEX25SEP91400PE'
 'SENSEX25SEP91300PE' 'SENSEX25SEP91200PE' 'SENSEX25SEP91100PE'
 'SENSEX25SEP91000PE' 'SENSEX25SEP90900PE' 'SENSEX25SEP90800PE'
 'SENSEX25SEP90700PE']
2025-09-26 12:33:17,593 - ERROR - Error in fallback conversion: invalid literal for int() with base 10: '8C'
2025-09-26 12:33:17,593 - WARNING - Could not fetch price for SENSEX25O018CE
2025-09-26 12:33:17,593 - INFO - Strike selected: 8, trading symbol: SENSEX25O018CE
2025-09-26 12:33:17,593 - INFO - Buy price box cleared for new symbol selection - auto-fill re-enabled
2025-09-26 12:33:17,593 - INFO - Generated trading symbol: SENSEX25O0182CE
2025-09-26 12:33:17,593 - INFO - Trading symbol stored: SENSEX25O0182CE
2025-09-26 12:33:17,593 - INFO - Getting token for trading symbol: SENSEX25O0182CE
2025-09-26 12:33:17,593 - ERROR - No token found for SENSEX25O0182CE
2025-09-26 12:33:17,623 - INFO - Available SENSEX symbols (first 10): ['SENSEX25SEP91600PE' 'SENSEX25SEP91500PE' 'SENSEX25SEP91400PE'
 'SENSEX25SEP91300PE' 'SENSEX25SEP91200PE' 'SENSEX25SEP91100PE'
 'SENSEX25SEP91000PE' 'SENSEX25SEP90900PE' 'SENSEX25SEP90800PE'
 'SENSEX25SEP90700PE']
2025-09-26 12:33:17,624 - ERROR - Error in fallback conversion: time data 'O01' does not match format '%b'
2025-09-26 12:33:17,624 - WARNING - Could not fetch price for SENSEX25O0182CE
2025-09-26 12:33:17,624 - INFO - Strike selected: 82, trading symbol: SENSEX25O0182CE
2025-09-26 12:33:18,186 - INFO - Buy price box cleared for new symbol selection - auto-fill re-enabled
2025-09-26 12:33:18,186 - INFO - Generated trading symbol: SENSEX25O01825CE
2025-09-26 12:33:18,186 - INFO - Trading symbol stored: SENSEX25O01825CE
2025-09-26 12:33:18,186 - INFO - Getting token for trading symbol: SENSEX25O01825CE
2025-09-26 12:33:18,186 - ERROR - No token found for SENSEX25O01825CE
2025-09-26 12:33:18,218 - INFO - Available SENSEX symbols (first 10): ['SENSEX25SEP91600PE' 'SENSEX25SEP91500PE' 'SENSEX25SEP91400PE'
 'SENSEX25SEP91300PE' 'SENSEX25SEP91200PE' 'SENSEX25SEP91100PE'
 'SENSEX25SEP91000PE' 'SENSEX25SEP90900PE' 'SENSEX25SEP90800PE'
 'SENSEX25SEP90700PE']
2025-09-26 12:33:18,218 - ERROR - Error in fallback conversion: time data 'O01' does not match format '%b'
2025-09-26 12:33:18,218 - WARNING - Could not fetch price for SENSEX25O01825CE
2025-09-26 12:33:18,218 - INFO - Strike selected: 825, trading symbol: SENSEX25O01825CE
2025-09-26 12:33:18,348 - INFO - Buy price box cleared for new symbol selection - auto-fill re-enabled
2025-09-26 12:33:18,349 - INFO - Generated trading symbol: SENSEX25O018250CE
2025-09-26 12:33:18,350 - INFO - Trading symbol stored: SENSEX25O018250CE
2025-09-26 12:33:18,350 - INFO - Getting token for trading symbol: SENSEX25O018250CE
2025-09-26 12:33:18,354 - ERROR - No token found for SENSEX25O018250CE
2025-09-26 12:33:18,387 - INFO - Available SENSEX symbols (first 10): ['SENSEX25SEP91600PE' 'SENSEX25SEP91500PE' 'SENSEX25SEP91400PE'
 'SENSEX25SEP91300PE' 'SENSEX25SEP91200PE' 'SENSEX25SEP91100PE'
 'SENSEX25SEP91000PE' 'SENSEX25SEP90900PE' 'SENSEX25SEP90800PE'
 'SENSEX25SEP90700PE']
2025-09-26 12:33:18,388 - ERROR - Error in fallback conversion: time data 'O01' does not match format '%b'
2025-09-26 12:33:18,388 - WARNING - Could not fetch price for SENSEX25O018250CE
2025-09-26 12:33:18,388 - INFO - Strike selected: 8250, trading symbol: SENSEX25O018250CE
2025-09-26 12:33:18,504 - INFO - Buy price box cleared for new symbol selection - auto-fill re-enabled
2025-09-26 12:33:18,504 - INFO - Generated trading symbol: SENSEX25O0182500CE
2025-09-26 12:33:18,505 - INFO - Trading symbol stored: SENSEX25O0182500CE
2025-09-26 12:33:18,505 - INFO - Getting token for trading symbol: SENSEX25O0182500CE
2025-09-26 12:33:18,506 - INFO - Found token for SENSEX25O0182500CE: 865399
2025-09-26 12:33:18,954 - INFO - Fetched price for SENSEX25O0182500CE: 31.0
2025-09-26 12:33:18,954 - INFO - Getting token for trading symbol: SENSEX25O0182500CE
2025-09-26 12:33:18,959 - INFO - Found token for SENSEX25O0182500CE: 865399
2025-09-26 12:33:18,959 - INFO - Unsubscribed from previous: BFO|865311
2025-09-26 12:33:18,959 - INFO - Subscribed to live price feed via master account: BFO|865399
2025-09-26 12:33:18,959 - INFO - Auto-subscribed to SENSEX25O0182500CE at price 31.0
2025-09-26 12:33:18,959 - INFO - Strike selected: 82500, trading symbol: SENSEX25O0182500CE
2025-09-26 12:33:18,999 - INFO - Initial buy price set: 31.00
2025-09-26 12:34:40,806 - INFO - User focused on price box - current value: '31.00'
2025-09-26 12:34:42,204 - INFO - Buy price field value changed to empty - auto-fill disabled
2025-09-26 12:34:43,785 - INFO - Placing buy orders for SENSEX25O0182500CE @ 16.0 master_qty 20
2025-09-26 12:34:43,791 - INFO - Account 1 is active for order placement
2025-09-26 12:34:43,791 - WARNING - Account 2 not active - login: 0, can_order: 0
2025-09-26 12:34:43,791 - INFO - Disabling selection row components
2025-09-26 12:34:43,791 - INFO - Selection row components disabled
2025-09-26 12:34:43,791 - INFO - Master account quantity: 20
2025-09-26 12:34:43,791 - INFO - Placing order for account 1: {'buy_or_sell': 'B', 'product_type': 'M', 'exchange': 'BFO', 'tradingsymbol': 'SENSEX25O0182500CE', 'quantity': 20, 'discloseqty': 0, 'price_type': 'LMT', 'price': 16.0, 'trigger_price': None, 'retention': 'DAY', 'amo': 'NO', 'remarks': None}
2025-09-26 12:34:44,278 - INFO - Order update for account 1: {'t': 'om', 'norenordno': '25092600337612', 'uid': 'FA42242', 'actid': 'FA42242', 'exch': 'BFO', 'tsym': 'SENSEX25O0182500CE', 'trantype': 'B', 'qty': '20', 'prc': '16.00', 'pcode': 'M', 'remarks': '', 'rejreason': ' ', 'status': 'PENDING', 'reporttype': 'NewAck', 'prctyp': 'LMT', 'ret': 'DAY', 'exchordid': '', 'dscqty': '0'}
2025-09-26 12:34:44,282 - INFO - Account 1 - B PENDING NewAck
2025-09-26 12:34:44,282 - INFO - Order status debug - status: 'PENDING', reporttype: 'NewAck', trantype: 'B', price: '16.00'
2025-09-26 12:34:44,283 - INFO - Updated Master (ID: 1) order info: 25092600337612 SENSEX25O0182500CE 20@16.0
2025-09-26 12:34:44,283 - INFO - Order placed successfully for account 1: 25092600337612
2025-09-26 12:34:44,284 - INFO - Starting auto SL/Target calculation for buy price: 16.0
2025-09-26 12:34:44,284 - INFO - Using differences - SL: -3, Target: 40
2025-09-26 12:34:44,284 - INFO - Calculated prices - SL: 13.0, Target: 56.0
2025-09-26 12:34:44,285 - INFO - UI values set - SL: 13.0, Target: 56.0
2025-09-26 12:34:44,285 - INFO - SL/Target points calculated - SL points: 3.0, Target points: 40.0
2025-09-26 12:34:44,287 - INFO - Buy orders filled check - Master: filled_qty=0
2025-09-26 12:34:44,287 - INFO - Buy orders filled check - Child: filled_qty=0
2025-09-26 12:34:44,287 - INFO - Buy orders filled result: False
2025-09-26 12:34:44,287 - INFO - Auto SL/Target set - SL: 13.0, Target: 56.0 (Buy Open: 16.0)
2025-09-26 12:34:44,287 - INFO - Buy orders placed successfully
2025-09-26 12:34:44,288 - INFO - Account 1 order status updated to: PENDING
2025-09-26 12:34:44,288 - INFO - DEBUG - Account 1 status: 'PENDING' (type: <class 'str'>)
2025-09-26 12:34:44,289 - INFO - DEBUG - Current account can_order: 1
2025-09-26 12:34:44,289 - INFO - DEBUG - Transaction type: 'B'
2025-09-26 12:34:44,290 - INFO - Order status updated for account 1: Buy Order PENDING @ 16.00
2025-09-26 12:34:44,290 - INFO - Order update for account 1: {'t': 'om', 'norenordno': '25092600337612', 'uid': 'FA42242', 'actid': 'FA42242', 'exch': 'BFO', 'tsym': 'SENSEX25O0182500CE', 'trantype': 'B', 'qty': '20', 'prc': '16.00', 'pcode': 'M', 'remarks': '', 'rejreason': ' ', 'status': 'PENDING', 'reporttype': 'PendingNew', 'prctyp': 'LMT', 'ret': 'DAY', 'exchordid': '', 'dscqty': '0'}
2025-09-26 12:34:44,292 - INFO - Account 1 - B PENDING PendingNew
2025-09-26 12:34:44,293 - INFO - Order status debug - status: 'PENDING', reporttype: 'PendingNew', trantype: 'B', price: '16.00'
2025-09-26 12:34:44,297 - INFO - Account 1 order status updated to: PENDING
2025-09-26 12:34:44,298 - INFO - DEBUG - Account 1 status: 'PENDING' (type: <class 'str'>)
2025-09-26 12:34:44,299 - INFO - DEBUG - Current account can_order: 1
2025-09-26 12:34:44,299 - INFO - DEBUG - Transaction type: 'B'
2025-09-26 12:34:44,300 - INFO - Order status updated for account 1: Buy Order PENDING @ 16.00
2025-09-26 12:34:44,300 - INFO - Order update for account 1: {'t': 'om', 'norenordno': '25092600337612', 'uid': 'FA42242', 'actid': 'FA42242', 'exch': 'BFO', 'tsym': 'SENSEX25O0182500CE', 'trantype': 'B', 'qty': '20', 'prc': '16.00', 'pcode': 'M', 'remarks': '', 'rejreason': ' ', 'status': 'OPEN', 'reporttype': 'New', 'prctyp': 'LMT', 'ret': 'DAY', 'exchordid': '1758869835883590060', 'dscqty': '0', 'exch_tm': '26-09-2025 12:34:44'}
2025-09-26 12:34:44,301 - INFO - Account 1 - B OPEN New
2025-09-26 12:34:44,301 - INFO - Order status debug - status: 'OPEN', reporttype: 'New', trantype: 'B', price: '16.00'
2025-09-26 12:34:44,301 - INFO - Account 1 order status updated to: OPEN
2025-09-26 12:34:44,301 - INFO - DEBUG - Account 1 status: 'OPEN' (type: <class 'str'>)
2025-09-26 12:34:44,303 - INFO - DEBUG - Current account can_order: 1
2025-09-26 12:34:44,303 - INFO - DEBUG - Transaction type: 'B'
2025-09-26 12:34:44,303 - INFO - Order status updated for account 1: Buy Order Open @ 16.00
2025-09-26 12:38:01,337 - INFO - Order Book button clicked - showing order book
2025-09-26 12:38:01,943 - INFO - Master order book data: [{'stat': 'Ok', 'norenordno': '25092600337612', 'kidid': '1', 'uid': 'FA42242', 'actid': 'FA42242', 'exch': 'BFO', 'tsym': 'SENSEX25O0182500CE', 'rejby': '', 'src_uid': '', 'qty': '20', 'ipaddr': '103.187.213.248', 'ordenttm': '1758870284', 'trantype': 'B', 'prctyp': 'LMT', 'ret': 'DAY', 'rejreason': ' ', 'token': '865399', 'mult': '1', 'prcftr': '1.000000', 'instname': 'OPTIDX', 'ordersource': 'API', 'pp': '2', 'ls': '20', 'ti': '0.05', 'prc': '16.00', 'rprc': '16.00', 'dscqty': '0', 'brnchid': 'HO', 'C': 'C', 's_prdt_ali': 'NRML', 'prd': 'M', 'status': 'OPEN', 'st_intrn': 'OPEN', 'norentm': '12:34:44 26-09-2025', 'exch_tm': '26-09-2025 12:34:44', 'exchordid': '1758869835883590060', 'rqty': '20'}]
2025-09-26 12:38:01,943 - ERROR - Error populating Child order book: 'ShoonyaApiPy' object has no attribute '_NorenApi__username'
2025-09-26 12:38:39,196 - INFO - Cancel buy orders clicked
2025-09-26 12:38:39,213 - INFO - Cancelling Master order: 25092600337612
2025-09-26 12:38:39,713 - INFO - Order update for account 1: {'t': 'om', 'norenordno': '25092600337612', 'uid': 'FA42242', 'actid': 'FA42242', 'exch': 'BFO', 'tsym': 'SENSEX25O0182500CE', 'trantype': 'B', 'qty': '20', 'prc': '16.00', 'pcode': 'M', 'remarks': '', 'status': 'PENDING', 'reporttype': 'PendingCancel', 'prctyp': 'LMT', 'ret': 'DAY', 'exchordid': '1758869835883590060', 'dscqty': '0', 'exch_tm': '26-09-2025 12:34:44'}
2025-09-26 12:38:39,713 - INFO - Account 1 - B PENDING PendingCancel
2025-09-26 12:38:39,729 - INFO - Order status debug - status: 'PENDING', reporttype: 'PendingCancel', trantype: 'B', price: '16.00'
2025-09-26 12:38:39,730 - INFO - Successfully cancelled Master order: 25092600337612
2025-09-26 12:38:39,735 - INFO - Updated Master (ID: 1) can_order to '0': Order cancelled by user
2025-09-26 12:38:39,735 - INFO - Master buy order cancelled successfully
2025-09-26 12:38:39,736 - INFO - Account 1 order status updated to: PENDING
2025-09-26 12:38:39,737 - INFO - DEBUG - Account 1 status: 'PENDING' (type: <class 'str'>)
2025-09-26 12:38:39,738 - INFO - DEBUG - Current account can_order: 0
2025-09-26 12:38:39,738 - INFO - DEBUG - Transaction type: 'B'
2025-09-26 12:38:39,739 - INFO - Order status updated for account 1: Buy Order PENDING @ 16.00
2025-09-26 12:38:39,739 - INFO - Order update for account 1: {'t': 'om', 'norenordno': '25092600337612', 'uid': 'FA42242', 'actid': 'FA42242', 'exch': 'BFO', 'tsym': 'SENSEX25O0182500CE', 'trantype': 'B', 'qty': '20', 'prc': '16.00', 'pcode': 'M', 'remarks': '', 'rejreason': 'Order Cancelled', 'status': 'CANCELED', 'reporttype': 'Canceled', 'prctyp': 'LMT', 'ret': 'DAY', 'exchordid': '1758869835883590060', 'cancelqty': '20', 'dscqty': '0', 'exch_tm': '26-09-2025 12:38:40'}
2025-09-26 12:38:39,740 - INFO - Account 1 - B CANCELED Canceled
2025-09-26 12:38:39,740 - INFO - Order status debug - status: 'CANCELED', reporttype: 'Canceled', trantype: 'B', price: '16.00'
2025-09-26 12:38:39,741 - INFO - Order status updated for account 1: Buy Order CANCELED @ 16.00
2025-09-26 12:38:44,134 - INFO - Release buttons clicked - resetting system for new orders
2025-09-26 12:38:44,134 - INFO - Login status check - Master: True, Child: False
2025-09-26 12:38:44,140 - INFO - Updated Master (ID: 1) login_status to '1': Master account logged in
2025-09-26 12:38:44,140 - INFO - Updated Master (ID: 1) can_order to '1': Master account reset after trading block
2025-09-26 12:38:44,140 - INFO - Master account reset to ready (was logged in)
2025-09-26 12:38:44,147 - INFO - Updated Child (ID: 2) login_status to '0': Child not logged in
2025-09-26 12:38:44,150 - INFO - Updated Child (ID: 2) can_order to '1': Child account reset after trading block
2025-09-26 12:38:44,150 - INFO - Child account set to not logged in but can_order ready
2025-09-26 12:38:44,150 - INFO - Trading blocks reset while preserving login status
2025-09-26 12:38:44,151 - INFO - RESET POSITION DATA - Master (ID: 1) - position data cleared
2025-09-26 12:38:44,157 - INFO - Cleared exit order info for Master (ID: 1)
2025-09-26 12:38:44,157 - INFO - Position data and exit order info cleared for Master account
2025-09-26 12:38:44,160 - INFO - RESET POSITION DATA - Child (ID: 2) - position data cleared
2025-09-26 12:38:44,174 - INFO - Cleared exit order info for Child (ID: 2)
2025-09-26 12:38:44,174 - INFO - Position data and exit order info cleared for Child account
2025-09-26 12:38:44,174 - INFO - BUY button and Price box re-enabled for new orders - auto-fill re-enabled
2025-09-26 12:38:44,176 - INFO - Trailing monitoring stopped
2025-09-26 12:38:44,177 - INFO - Trailing controls reset to initial state
2025-09-26 12:38:44,177 - INFO - SL/Target controls reset to initial state
2025-09-26 12:38:44,177 - INFO - Enabling selection row components
2025-09-26 12:38:44,178 - INFO - Selection row components enabled
2025-09-26 12:38:44,178 - INFO - Management buttons disabled until new orders are placed
2025-09-26 12:38:44,180 - INFO - Order status displays updated with client names
2025-09-26 12:38:44,180 - INFO - Monitoring stopped and timers cleared
2025-09-26 12:38:44,180 - INFO - Enabling selection row components
2025-09-26 12:38:44,181 - INFO - Selection row components enabled
2025-09-26 12:38:44,182 - INFO - System released - ready for new orders
2025-09-26 12:38:50,036 - INFO - Index selected: NIFTY
2025-09-26 12:38:50,037 - INFO - On option selected called - Function not implemented yet
2025-09-26 12:38:50,037 - INFO - Not all required fields selected for strike selection
2025-09-26 12:38:50,038 - INFO - Option and strike selections cleared for new index
2025-09-26 12:38:50,039 - INFO - On expiry selected called - Function not implemented yet
2025-09-26 12:38:50,039 - INFO - Strike dropdown populated with 15 strikes for NIFTY
2025-09-26 12:38:50,039 - INFO - Updated quantity dropdown for NIFTY: ['75', '150', '225', '300', '375', '450', '525', '600', '675', '750']
2025-09-26 12:38:52,493 - INFO - On option selected called - Function not implemented yet
2025-09-26 12:39:00,579 - INFO - Buy price box cleared for new symbol selection - auto-fill re-enabled
2025-09-26 12:39:00,580 - INFO - Generated trading symbol: NIFTY30SEP25C24850
2025-09-26 12:39:00,580 - INFO - Trading symbol stored: NIFTY30SEP25C24850
2025-09-26 12:39:00,580 - INFO - Getting token for trading symbol: NIFTY30SEP25C24850
2025-09-26 12:39:00,584 - INFO - Found NFO token for NIFTY30SEP25C24850: 60467
2025-09-26 12:39:01,071 - INFO - Fetched price for NIFTY30SEP25C24850: 67.3
2025-09-26 12:39:01,071 - INFO - Getting token for trading symbol: NIFTY30SEP25C24850
2025-09-26 12:39:01,080 - INFO - Found NFO token for NIFTY30SEP25C24850: 60467
2025-09-26 12:39:01,080 - INFO - Unsubscribed from previous: BFO|865399
2025-09-26 12:39:01,082 - INFO - Subscribed to live price feed via master account: NFO|60467
2025-09-26 12:39:01,082 - INFO - Auto-subscribed to NIFTY30SEP25C24850 at price 67.3
2025-09-26 12:39:01,082 - INFO - Strike selected: 24850, trading symbol: NIFTY30SEP25C24850
2025-09-26 12:39:01,121 - INFO - Initial buy price set: 67.30
2025-09-26 12:41:21,844 - INFO - Buy price field value changed to empty - auto-fill disabled
2025-09-26 12:41:21,846 - INFO - Buy price box cleared for new symbol selection - auto-fill re-enabled
2025-09-26 12:41:21,846 - INFO - Generated trading symbol: NIFTY30SEP25C2
2025-09-26 12:41:21,846 - INFO - Trading symbol stored: NIFTY30SEP25C2
2025-09-26 12:41:21,846 - INFO - Getting token for trading symbol: NIFTY30SEP25C2
2025-09-26 12:41:21,852 - ERROR - No token found for NIFTY30SEP25C2
2025-09-26 12:41:21,865 - INFO - Available NFO symbols (first 10): ['ZYDUSLIFE30SEP25P1360' 'ZYDUSLIFE30SEP25C1360' 'ZYDUSLIFE30SEP25P1320'
 'ZYDUSLIFE30SEP25C1320' 'ZYDUSLIFE30SEP25P1280' 'ZYDUSLIFE30SEP25C1280'
 'ZYDUSLIFE30SEP25P1260' 'ZYDUSLIFE30SEP25C1260' 'ZYDUSLIFE30SEP25P1240'
 'ZYDUSLIFE30SEP25C1240']
2025-09-26 12:41:21,866 - WARNING - Could not fetch price for NIFTY30SEP25C2
2025-09-26 12:41:21,866 - INFO - Strike selected: 2, trading symbol: NIFTY30SEP25C2
2025-09-26 12:41:21,868 - INFO - Buy price box cleared for new symbol selection - auto-fill re-enabled
2025-09-26 12:41:21,868 - INFO - Generated trading symbol: NIFTY30SEP25C25
2025-09-26 12:41:21,868 - INFO - Trading symbol stored: NIFTY30SEP25C25
2025-09-26 12:41:21,868 - INFO - Getting token for trading symbol: NIFTY30SEP25C25
2025-09-26 12:41:21,872 - ERROR - No token found for NIFTY30SEP25C25
2025-09-26 12:41:21,880 - INFO - Available NFO symbols (first 10): ['ZYDUSLIFE30SEP25P1360' 'ZYDUSLIFE30SEP25C1360' 'ZYDUSLIFE30SEP25P1320'
 'ZYDUSLIFE30SEP25C1320' 'ZYDUSLIFE30SEP25P1280' 'ZYDUSLIFE30SEP25C1280'
 'ZYDUSLIFE30SEP25P1260' 'ZYDUSLIFE30SEP25C1260' 'ZYDUSLIFE30SEP25P1240'
 'ZYDUSLIFE30SEP25C1240']
2025-09-26 12:41:21,880 - WARNING - Could not fetch price for NIFTY30SEP25C25
2025-09-26 12:41:21,882 - INFO - Strike selected: 25, trading symbol: NIFTY30SEP25C25
2025-09-26 12:41:22,055 - INFO - Initial buy price set: 67.15
2025-09-26 12:41:22,317 - INFO - Buy price field value changed to empty - auto-fill disabled
2025-09-26 12:41:22,319 - INFO - Buy price box cleared for new symbol selection - auto-fill re-enabled
2025-09-26 12:41:22,319 - INFO - Generated trading symbol: NIFTY30SEP25C250
2025-09-26 12:41:22,319 - INFO - Trading symbol stored: NIFTY30SEP25C250
2025-09-26 12:41:22,319 - INFO - Getting token for trading symbol: NIFTY30SEP25C250
2025-09-26 12:41:22,326 - ERROR - No token found for NIFTY30SEP25C250
2025-09-26 12:41:22,342 - INFO - Available NFO symbols (first 10): ['ZYDUSLIFE30SEP25P1360' 'ZYDUSLIFE30SEP25C1360' 'ZYDUSLIFE30SEP25P1320'
 'ZYDUSLIFE30SEP25C1320' 'ZYDUSLIFE30SEP25P1280' 'ZYDUSLIFE30SEP25C1280'
 'ZYDUSLIFE30SEP25P1260' 'ZYDUSLIFE30SEP25C1260' 'ZYDUSLIFE30SEP25P1240'
 'ZYDUSLIFE30SEP25C1240']
2025-09-26 12:41:22,344 - WARNING - Could not fetch price for NIFTY30SEP25C250
2025-09-26 12:41:22,344 - INFO - Strike selected: 250, trading symbol: NIFTY30SEP25C250
2025-09-26 12:41:22,510 - INFO - Buy price box cleared for new symbol selection - auto-fill re-enabled
2025-09-26 12:41:22,510 - INFO - Generated trading symbol: NIFTY30SEP25C2500
2025-09-26 12:41:22,510 - INFO - Trading symbol stored: NIFTY30SEP25C2500
2025-09-26 12:41:22,510 - INFO - Getting token for trading symbol: NIFTY30SEP25C2500
2025-09-26 12:41:22,529 - ERROR - No token found for NIFTY30SEP25C2500
2025-09-26 12:41:22,544 - INFO - Available NFO symbols (first 10): ['ZYDUSLIFE30SEP25P1360' 'ZYDUSLIFE30SEP25C1360' 'ZYDUSLIFE30SEP25P1320'
 'ZYDUSLIFE30SEP25C1320' 'ZYDUSLIFE30SEP25P1280' 'ZYDUSLIFE30SEP25C1280'
 'ZYDUSLIFE30SEP25P1260' 'ZYDUSLIFE30SEP25C1260' 'ZYDUSLIFE30SEP25P1240'
 'ZYDUSLIFE30SEP25C1240']
2025-09-26 12:41:22,553 - WARNING - Could not fetch price for NIFTY30SEP25C2500
2025-09-26 12:41:22,553 - INFO - Strike selected: 2500, trading symbol: NIFTY30SEP25C2500
2025-09-26 12:41:22,677 - INFO - Buy price box cleared for new symbol selection - auto-fill re-enabled
2025-09-26 12:41:22,678 - INFO - Generated trading symbol: NIFTY30SEP25C25000
2025-09-26 12:41:22,678 - INFO - Trading symbol stored: NIFTY30SEP25C25000
2025-09-26 12:41:22,679 - INFO - Getting token for trading symbol: NIFTY30SEP25C25000
2025-09-26 12:41:22,686 - INFO - Found NFO token for NIFTY30SEP25C25000: 64694
2025-09-26 12:41:23,201 - INFO - Fetched price for NIFTY30SEP25C25000: 25.35
2025-09-26 12:41:23,201 - INFO - Getting token for trading symbol: NIFTY30SEP25C25000
2025-09-26 12:41:23,201 - INFO - Found NFO token for NIFTY30SEP25C25000: 64694
2025-09-26 12:41:23,201 - INFO - Unsubscribed from previous: NFO|60467
2025-09-26 12:41:23,201 - INFO - Subscribed to live price feed via master account: NFO|64694
2025-09-26 12:41:23,201 - INFO - Auto-subscribed to NIFTY30SEP25C25000 at price 25.35
2025-09-26 12:41:23,213 - INFO - Strike selected: 25000, trading symbol: NIFTY30SEP25C25000
2025-09-26 12:41:23,221 - INFO - Initial buy price set: 67.30
2025-09-26 12:41:28,090 - INFO - Buy price field value changed to empty - auto-fill disabled
2025-09-26 12:41:28,090 - INFO - Buy price box cleared for new symbol selection - auto-fill re-enabled
2025-09-26 12:41:28,090 - INFO - Generated trading symbol: NIFTY30SEP25C25
2025-09-26 12:41:28,090 - INFO - Trading symbol stored: NIFTY30SEP25C25
2025-09-26 12:41:28,090 - INFO - Getting token for trading symbol: NIFTY30SEP25C25
2025-09-26 12:41:28,103 - ERROR - No token found for NIFTY30SEP25C25
2025-09-26 12:41:28,119 - INFO - Available NFO symbols (first 10): ['ZYDUSLIFE30SEP25P1360' 'ZYDUSLIFE30SEP25C1360' 'ZYDUSLIFE30SEP25P1320'
 'ZYDUSLIFE30SEP25C1320' 'ZYDUSLIFE30SEP25P1280' 'ZYDUSLIFE30SEP25C1280'
 'ZYDUSLIFE30SEP25P1260' 'ZYDUSLIFE30SEP25C1260' 'ZYDUSLIFE30SEP25P1240'
 'ZYDUSLIFE30SEP25C1240']
2025-09-26 12:41:28,121 - WARNING - Could not fetch price for NIFTY30SEP25C25
2025-09-26 12:41:28,121 - INFO - Strike selected: 25, trading symbol: NIFTY30SEP25C25
2025-09-26 12:41:28,122 - INFO - Buy price box cleared for new symbol selection - auto-fill re-enabled
2025-09-26 12:41:28,122 - INFO - Generated trading symbol: NIFTY30SEP25C255
2025-09-26 12:41:28,122 - INFO - Trading symbol stored: NIFTY30SEP25C255
2025-09-26 12:41:28,122 - INFO - Getting token for trading symbol: NIFTY30SEP25C255
2025-09-26 12:41:28,128 - ERROR - No token found for NIFTY30SEP25C255
2025-09-26 12:41:28,139 - INFO - Available NFO symbols (first 10): ['ZYDUSLIFE30SEP25P1360' 'ZYDUSLIFE30SEP25C1360' 'ZYDUSLIFE30SEP25P1320'
 'ZYDUSLIFE30SEP25C1320' 'ZYDUSLIFE30SEP25P1280' 'ZYDUSLIFE30SEP25C1280'
 'ZYDUSLIFE30SEP25P1260' 'ZYDUSLIFE30SEP25C1260' 'ZYDUSLIFE30SEP25P1240'
 'ZYDUSLIFE30SEP25C1240']
2025-09-26 12:41:28,141 - WARNING - Could not fetch price for NIFTY30SEP25C255
2025-09-26 12:41:28,141 - INFO - Strike selected: 255, trading symbol: NIFTY30SEP25C255
2025-09-26 12:41:28,602 - INFO - Buy price box cleared for new symbol selection - auto-fill re-enabled
2025-09-26 12:41:28,602 - INFO - Generated trading symbol: NIFTY30SEP25C2550
2025-09-26 12:41:28,602 - INFO - Trading symbol stored: NIFTY30SEP25C2550
2025-09-26 12:41:28,602 - INFO - Getting token for trading symbol: NIFTY30SEP25C2550
2025-09-26 12:41:28,619 - ERROR - No token found for NIFTY30SEP25C2550
2025-09-26 12:41:28,619 - INFO - Available NFO symbols (first 10): ['ZYDUSLIFE30SEP25P1360' 'ZYDUSLIFE30SEP25C1360' 'ZYDUSLIFE30SEP25P1320'
 'ZYDUSLIFE30SEP25C1320' 'ZYDUSLIFE30SEP25P1280' 'ZYDUSLIFE30SEP25C1280'
 'ZYDUSLIFE30SEP25P1260' 'ZYDUSLIFE30SEP25C1260' 'ZYDUSLIFE30SEP25P1240'
 'ZYDUSLIFE30SEP25C1240']
2025-09-26 12:41:28,619 - WARNING - Could not fetch price for NIFTY30SEP25C2550
2025-09-26 12:41:28,619 - INFO - Strike selected: 2550, trading symbol: NIFTY30SEP25C2550
2025-09-26 12:41:28,896 - INFO - Buy price box cleared for new symbol selection - auto-fill re-enabled
2025-09-26 12:41:28,896 - INFO - Generated trading symbol: NIFTY30SEP25C25500
2025-09-26 12:41:28,896 - INFO - Trading symbol stored: NIFTY30SEP25C25500
2025-09-26 12:41:28,896 - INFO - Getting token for trading symbol: NIFTY30SEP25C25500
2025-09-26 12:41:28,913 - INFO - Found NFO token for NIFTY30SEP25C25500: 60499
2025-09-26 12:41:29,363 - INFO - Fetched price for NIFTY30SEP25C25500: 3.35
2025-09-26 12:41:29,364 - INFO - Getting token for trading symbol: NIFTY30SEP25C25500
2025-09-26 12:41:29,367 - INFO - Found NFO token for NIFTY30SEP25C25500: 60499
2025-09-26 12:41:29,367 - INFO - Unsubscribed from previous: NFO|64694
2025-09-26 12:41:29,367 - INFO - Subscribed to live price feed via master account: NFO|60499
2025-09-26 12:41:29,367 - INFO - Auto-subscribed to NIFTY30SEP25C25500 at price 3.35
2025-09-26 12:41:29,367 - INFO - Strike selected: 25500, trading symbol: NIFTY30SEP25C25500
2025-09-26 12:41:29,409 - INFO - Initial buy price set: 3.35
2025-09-26 12:41:29,471 - INFO - Buy price field value changed to empty - auto-fill disabled
2025-09-26 12:41:29,471 - INFO - Buy price box cleared for new symbol selection - auto-fill re-enabled
2025-09-26 12:41:29,471 - INFO - Generated trading symbol: NIFTY30SEP25C255000
2025-09-26 12:41:29,472 - INFO - Trading symbol stored: NIFTY30SEP25C255000
2025-09-26 12:41:29,472 - INFO - Getting token for trading symbol: NIFTY30SEP25C255000
2025-09-26 12:41:29,478 - ERROR - No token found for NIFTY30SEP25C255000
2025-09-26 12:41:29,490 - INFO - Available NFO symbols (first 10): ['ZYDUSLIFE30SEP25P1360' 'ZYDUSLIFE30SEP25C1360' 'ZYDUSLIFE30SEP25P1320'
 'ZYDUSLIFE30SEP25C1320' 'ZYDUSLIFE30SEP25P1280' 'ZYDUSLIFE30SEP25C1280'
 'ZYDUSLIFE30SEP25P1260' 'ZYDUSLIFE30SEP25C1260' 'ZYDUSLIFE30SEP25P1240'
 'ZYDUSLIFE30SEP25C1240']
2025-09-26 12:41:29,491 - WARNING - Could not fetch price for NIFTY30SEP25C255000
2025-09-26 12:41:29,491 - INFO - Strike selected: 255000, trading symbol: NIFTY30SEP25C255000
2025-09-26 12:41:30,551 - INFO - Buy price box cleared for new symbol selection - auto-fill re-enabled
2025-09-26 12:41:30,551 - INFO - Generated trading symbol: NIFTY30SEP25C25500
2025-09-26 12:41:30,551 - INFO - Trading symbol stored: NIFTY30SEP25C25500
2025-09-26 12:41:30,551 - INFO - Getting token for trading symbol: NIFTY30SEP25C25500
2025-09-26 12:41:30,556 - INFO - Found NFO token for NIFTY30SEP25C25500: 60499
2025-09-26 12:41:31,047 - INFO - Fetched price for NIFTY30SEP25C25500: 3.35
2025-09-26 12:41:31,047 - INFO - Getting token for trading symbol: NIFTY30SEP25C25500
2025-09-26 12:41:31,047 - INFO - Found NFO token for NIFTY30SEP25C25500: 60499
2025-09-26 12:41:31,047 - INFO - Unsubscribed from previous: NFO|60499
2025-09-26 12:41:31,047 - INFO - Subscribed to live price feed via master account: NFO|60499
2025-09-26 12:41:31,055 - INFO - Auto-subscribed to NIFTY30SEP25C25500 at price 3.35
2025-09-26 12:41:31,055 - INFO - Strike selected: 25500, trading symbol: NIFTY30SEP25C25500
2025-09-26 12:41:31,098 - INFO - Initial buy price set: 3.35
2025-09-26 12:43:20,656 - INFO - Buy price field value changed to empty - auto-fill disabled
2025-09-26 12:43:20,657 - INFO - Buy price box cleared for new symbol selection - auto-fill re-enabled
2025-09-26 12:43:20,657 - INFO - Generated trading symbol: NIFTY30SEP25C24750
2025-09-26 12:43:20,657 - INFO - Trading symbol stored: NIFTY30SEP25C24750
2025-09-26 12:43:20,658 - INFO - Getting token for trading symbol: NIFTY30SEP25C24750
2025-09-26 12:43:20,664 - INFO - Found NFO token for NIFTY30SEP25C24750: 60461
2025-09-26 12:43:21,162 - INFO - Fetched price for NIFTY30SEP25C24750: 122.95
2025-09-26 12:43:21,162 - INFO - Getting token for trading symbol: NIFTY30SEP25C24750
2025-09-26 12:43:21,173 - INFO - Found NFO token for NIFTY30SEP25C24750: 60461
2025-09-26 12:43:21,173 - INFO - Unsubscribed from previous: NFO|60499
2025-09-26 12:43:21,175 - INFO - Subscribed to live price feed via master account: NFO|60461
2025-09-26 12:43:21,175 - INFO - Auto-subscribed to NIFTY30SEP25C24750 at price 122.95
2025-09-26 12:43:21,176 - INFO - Strike selected: 24750, trading symbol: NIFTY30SEP25C24750
2025-09-26 12:43:21,220 - INFO - Initial buy price set: 122.95
2025-09-26 12:45:42,391 - INFO - Buy price field value changed to empty - auto-fill disabled
2025-09-26 12:45:42,392 - INFO - Buy price box cleared for new symbol selection - auto-fill re-enabled
2025-09-26 12:45:42,393 - INFO - Generated trading symbol: NIFTY30SEP25C2
2025-09-26 12:45:42,393 - INFO - Trading symbol stored: NIFTY30SEP25C2
2025-09-26 12:45:42,393 - INFO - Getting token for trading symbol: NIFTY30SEP25C2
2025-09-26 12:45:42,404 - ERROR - No token found for NIFTY30SEP25C2
2025-09-26 12:45:42,428 - INFO - Available NFO symbols (first 10): ['ZYDUSLIFE30SEP25P1360' 'ZYDUSLIFE30SEP25C1360' 'ZYDUSLIFE30SEP25P1320'
 'ZYDUSLIFE30SEP25C1320' 'ZYDUSLIFE30SEP25P1280' 'ZYDUSLIFE30SEP25C1280'
 'ZYDUSLIFE30SEP25P1260' 'ZYDUSLIFE30SEP25C1260' 'ZYDUSLIFE30SEP25P1240'
 'ZYDUSLIFE30SEP25C1240']
2025-09-26 12:45:42,431 - WARNING - Could not fetch price for NIFTY30SEP25C2
2025-09-26 12:45:42,432 - INFO - Strike selected: 2, trading symbol: NIFTY30SEP25C2
2025-09-26 12:45:42,433 - INFO - Buy price box cleared for new symbol selection - auto-fill re-enabled
2025-09-26 12:45:42,434 - INFO - Generated trading symbol: NIFTY30SEP25C25
2025-09-26 12:45:42,434 - INFO - Trading symbol stored: NIFTY30SEP25C25
2025-09-26 12:45:42,435 - INFO - Getting token for trading symbol: NIFTY30SEP25C25
2025-09-26 12:45:42,443 - ERROR - No token found for NIFTY30SEP25C25
2025-09-26 12:45:42,459 - INFO - Available NFO symbols (first 10): ['ZYDUSLIFE30SEP25P1360' 'ZYDUSLIFE30SEP25C1360' 'ZYDUSLIFE30SEP25P1320'
 'ZYDUSLIFE30SEP25C1320' 'ZYDUSLIFE30SEP25P1280' 'ZYDUSLIFE30SEP25C1280'
 'ZYDUSLIFE30SEP25P1260' 'ZYDUSLIFE30SEP25C1260' 'ZYDUSLIFE30SEP25P1240'
 'ZYDUSLIFE30SEP25C1240']
2025-09-26 12:45:42,460 - WARNING - Could not fetch price for NIFTY30SEP25C25
2025-09-26 12:45:42,460 - INFO - Strike selected: 25, trading symbol: NIFTY30SEP25C25
2025-09-26 12:45:42,638 - INFO - Buy price box cleared for new symbol selection - auto-fill re-enabled
2025-09-26 12:45:42,639 - INFO - Generated trading symbol: NIFTY30SEP25C250
2025-09-26 12:45:42,639 - INFO - Trading symbol stored: NIFTY30SEP25C250
2025-09-26 12:45:42,640 - INFO - Getting token for trading symbol: NIFTY30SEP25C250
2025-09-26 12:45:42,647 - ERROR - No token found for NIFTY30SEP25C250
2025-09-26 12:45:42,655 - INFO - Available NFO symbols (first 10): ['ZYDUSLIFE30SEP25P1360' 'ZYDUSLIFE30SEP25C1360' 'ZYDUSLIFE30SEP25P1320'
 'ZYDUSLIFE30SEP25C1320' 'ZYDUSLIFE30SEP25P1280' 'ZYDUSLIFE30SEP25C1280'
 'ZYDUSLIFE30SEP25P1260' 'ZYDUSLIFE30SEP25C1260' 'ZYDUSLIFE30SEP25P1240'
 'ZYDUSLIFE30SEP25C1240']
2025-09-26 12:45:42,656 - WARNING - Could not fetch price for NIFTY30SEP25C250
2025-09-26 12:45:42,657 - INFO - Strike selected: 250, trading symbol: NIFTY30SEP25C250
2025-09-26 12:45:42,662 - INFO - Initial buy price set: 126.70
2025-09-26 12:45:42,822 - INFO - Buy price field value changed to empty - auto-fill disabled
2025-09-26 12:45:42,823 - INFO - Buy price box cleared for new symbol selection - auto-fill re-enabled
2025-09-26 12:45:42,824 - INFO - Generated trading symbol: NIFTY30SEP25C2500
2025-09-26 12:45:42,825 - INFO - Trading symbol stored: NIFTY30SEP25C2500
2025-09-26 12:45:42,825 - INFO - Getting token for trading symbol: NIFTY30SEP25C2500
2025-09-26 12:45:42,831 - ERROR - No token found for NIFTY30SEP25C2500
2025-09-26 12:45:42,845 - INFO - Available NFO symbols (first 10): ['ZYDUSLIFE30SEP25P1360' 'ZYDUSLIFE30SEP25C1360' 'ZYDUSLIFE30SEP25P1320'
 'ZYDUSLIFE30SEP25C1320' 'ZYDUSLIFE30SEP25P1280' 'ZYDUSLIFE30SEP25C1280'
 'ZYDUSLIFE30SEP25P1260' 'ZYDUSLIFE30SEP25C1260' 'ZYDUSLIFE30SEP25P1240'
 'ZYDUSLIFE30SEP25C1240']
2025-09-26 12:45:42,847 - WARNING - Could not fetch price for NIFTY30SEP25C2500
2025-09-26 12:45:42,848 - INFO - Strike selected: 2500, trading symbol: NIFTY30SEP25C2500
2025-09-26 12:45:42,977 - INFO - Buy price box cleared for new symbol selection - auto-fill re-enabled
2025-09-26 12:45:42,977 - INFO - Generated trading symbol: NIFTY30SEP25C25000
2025-09-26 12:45:42,978 - INFO - Trading symbol stored: NIFTY30SEP25C25000
2025-09-26 12:45:42,978 - INFO - Getting token for trading symbol: NIFTY30SEP25C25000
2025-09-26 12:45:42,986 - INFO - Found NFO token for NIFTY30SEP25C25000: 64694
2025-09-26 12:45:43,529 - WARNING - Could not fetch price for NIFTY30SEP25C25000
2025-09-26 12:45:43,530 - INFO - Strike selected: 25000, trading symbol: NIFTY30SEP25C25000
2025-09-26 12:45:43,537 - INFO - Initial buy price set: 126.50
2025-09-26 12:45:46,824 - INFO - Buy price field value changed to empty - auto-fill disabled
2025-09-26 12:45:46,825 - INFO - Buy price box cleared for new symbol selection - auto-fill re-enabled
2025-09-26 12:45:46,826 - INFO - Generated trading symbol: NIFTY30SEP25C25000\
2025-09-26 12:45:46,826 - INFO - Trading symbol stored: NIFTY30SEP25C25000\
2025-09-26 12:45:46,827 - INFO - Getting token for trading symbol: NIFTY30SEP25C25000\
2025-09-26 12:45:46,831 - ERROR - No token found for NIFTY30SEP25C25000\
2025-09-26 12:45:46,840 - INFO - Available NFO symbols (first 10): ['ZYDUSLIFE30SEP25P1360' 'ZYDUSLIFE30SEP25C1360' 'ZYDUSLIFE30SEP25P1320'
 'ZYDUSLIFE30SEP25C1320' 'ZYDUSLIFE30SEP25P1280' 'ZYDUSLIFE30SEP25C1280'
 'ZYDUSLIFE30SEP25P1260' 'ZYDUSLIFE30SEP25C1260' 'ZYDUSLIFE30SEP25P1240'
 'ZYDUSLIFE30SEP25C1240']
2025-09-26 12:45:46,842 - WARNING - Could not fetch price for NIFTY30SEP25C25000\
2025-09-26 12:45:46,843 - INFO - Strike selected: 25000\, trading symbol: NIFTY30SEP25C25000\
2025-09-26 12:45:46,904 - INFO - Initial buy price set: 126.65
2025-09-26 12:45:47,205 - INFO - Buy price field value changed to empty - auto-fill disabled
2025-09-26 12:45:47,206 - INFO - Buy price box cleared for new symbol selection - auto-fill re-enabled
2025-09-26 12:45:47,206 - INFO - Generated trading symbol: NIFTY30SEP25C25000
2025-09-26 12:45:47,206 - INFO - Trading symbol stored: NIFTY30SEP25C25000
2025-09-26 12:45:47,206 - INFO - Getting token for trading symbol: NIFTY30SEP25C25000
2025-09-26 12:45:47,210 - INFO - Found NFO token for NIFTY30SEP25C25000: 64694
2025-09-26 12:45:47,707 - WARNING - Could not fetch price for NIFTY30SEP25C25000
2025-09-26 12:45:47,709 - INFO - Strike selected: 25000, trading symbol: NIFTY30SEP25C25000
2025-09-26 12:45:47,710 - INFO - Initial buy price set: 126.90
2025-09-26 12:45:47,715 - INFO - Buy price field value changed to empty - auto-fill disabled
2025-09-26 12:45:47,715 - INFO - Buy price box cleared for new symbol selection - auto-fill re-enabled
2025-09-26 12:45:47,716 - INFO - Generated trading symbol: NIFTY30SEP25C2500
2025-09-26 12:45:47,716 - INFO - Trading symbol stored: NIFTY30SEP25C2500
2025-09-26 12:45:47,717 - INFO - Getting token for trading symbol: NIFTY30SEP25C2500
2025-09-26 12:45:47,726 - ERROR - No token found for NIFTY30SEP25C2500
2025-09-26 12:45:47,743 - INFO - Available NFO symbols (first 10): ['ZYDUSLIFE30SEP25P1360' 'ZYDUSLIFE30SEP25C1360' 'ZYDUSLIFE30SEP25P1320'
 'ZYDUSLIFE30SEP25C1320' 'ZYDUSLIFE30SEP25P1280' 'ZYDUSLIFE30SEP25C1280'
 'ZYDUSLIFE30SEP25P1260' 'ZYDUSLIFE30SEP25C1260' 'ZYDUSLIFE30SEP25P1240'
 'ZYDUSLIFE30SEP25C1240']
2025-09-26 12:45:47,746 - WARNING - Could not fetch price for NIFTY30SEP25C2500
2025-09-26 12:45:47,747 - INFO - Strike selected: 2500, trading symbol: NIFTY30SEP25C2500
2025-09-26 12:45:47,749 - INFO - Buy price box cleared for new symbol selection - auto-fill re-enabled
2025-09-26 12:45:47,750 - INFO - Generated trading symbol: NIFTY30SEP25C250
2025-09-26 12:45:47,750 - INFO - Trading symbol stored: NIFTY30SEP25C250
2025-09-26 12:45:47,750 - INFO - Getting token for trading symbol: NIFTY30SEP25C250
2025-09-26 12:45:47,759 - ERROR - No token found for NIFTY30SEP25C250
2025-09-26 12:45:47,775 - INFO - Available NFO symbols (first 10): ['ZYDUSLIFE30SEP25P1360' 'ZYDUSLIFE30SEP25C1360' 'ZYDUSLIFE30SEP25P1320'
 'ZYDUSLIFE30SEP25C1320' 'ZYDUSLIFE30SEP25P1280' 'ZYDUSLIFE30SEP25C1280'
 'ZYDUSLIFE30SEP25P1260' 'ZYDUSLIFE30SEP25C1260' 'ZYDUSLIFE30SEP25P1240'
 'ZYDUSLIFE30SEP25C1240']
2025-09-26 12:45:47,776 - WARNING - Could not fetch price for NIFTY30SEP25C250
2025-09-26 12:45:47,776 - INFO - Strike selected: 250, trading symbol: NIFTY30SEP25C250
2025-09-26 12:45:47,793 - INFO - Buy price box cleared for new symbol selection - auto-fill re-enabled
2025-09-26 12:45:47,794 - INFO - Generated trading symbol: NIFTY30SEP25C25
2025-09-26 12:45:47,795 - INFO - Trading symbol stored: NIFTY30SEP25C25
2025-09-26 12:45:47,795 - INFO - Getting token for trading symbol: NIFTY30SEP25C25
2025-09-26 12:45:47,800 - ERROR - No token found for NIFTY30SEP25C25
2025-09-26 12:45:47,813 - INFO - Available NFO symbols (first 10): ['ZYDUSLIFE30SEP25P1360' 'ZYDUSLIFE30SEP25C1360' 'ZYDUSLIFE30SEP25P1320'
 'ZYDUSLIFE30SEP25C1320' 'ZYDUSLIFE30SEP25P1280' 'ZYDUSLIFE30SEP25C1280'
 'ZYDUSLIFE30SEP25P1260' 'ZYDUSLIFE30SEP25C1260' 'ZYDUSLIFE30SEP25P1240'
 'ZYDUSLIFE30SEP25C1240']
2025-09-26 12:45:47,815 - WARNING - Could not fetch price for NIFTY30SEP25C25
2025-09-26 12:45:47,816 - INFO - Strike selected: 25, trading symbol: NIFTY30SEP25C25
2025-09-26 12:45:49,208 - INFO - Buy price box cleared for new symbol selection - auto-fill re-enabled
2025-09-26 12:45:49,208 - INFO - Generated trading symbol: NIFTY30SEP25C255
2025-09-26 12:45:49,209 - INFO - Trading symbol stored: NIFTY30SEP25C255
2025-09-26 12:45:49,209 - INFO - Getting token for trading symbol: NIFTY30SEP25C255
2025-09-26 12:45:49,216 - ERROR - No token found for NIFTY30SEP25C255
2025-09-26 12:45:49,230 - INFO - Available NFO symbols (first 10): ['ZYDUSLIFE30SEP25P1360' 'ZYDUSLIFE30SEP25C1360' 'ZYDUSLIFE30SEP25P1320'
 'ZYDUSLIFE30SEP25C1320' 'ZYDUSLIFE30SEP25P1280' 'ZYDUSLIFE30SEP25C1280'
 'ZYDUSLIFE30SEP25P1260' 'ZYDUSLIFE30SEP25C1260' 'ZYDUSLIFE30SEP25P1240'
 'ZYDUSLIFE30SEP25C1240']
2025-09-26 12:45:49,233 - WARNING - Could not fetch price for NIFTY30SEP25C255
2025-09-26 12:45:49,235 - INFO - Strike selected: 255, trading symbol: NIFTY30SEP25C255
2025-09-26 12:45:49,615 - INFO - Buy price box cleared for new symbol selection - auto-fill re-enabled
2025-09-26 12:45:49,616 - INFO - Generated trading symbol: NIFTY30SEP25C2550
2025-09-26 12:45:49,617 - INFO - Trading symbol stored: NIFTY30SEP25C2550
2025-09-26 12:45:49,617 - INFO - Getting token for trading symbol: NIFTY30SEP25C2550
2025-09-26 12:45:49,627 - ERROR - No token found for NIFTY30SEP25C2550
2025-09-26 12:45:49,647 - INFO - Available NFO symbols (first 10): ['ZYDUSLIFE30SEP25P1360' 'ZYDUSLIFE30SEP25C1360' 'ZYDUSLIFE30SEP25P1320'
 'ZYDUSLIFE30SEP25C1320' 'ZYDUSLIFE30SEP25P1280' 'ZYDUSLIFE30SEP25C1280'
 'ZYDUSLIFE30SEP25P1260' 'ZYDUSLIFE30SEP25C1260' 'ZYDUSLIFE30SEP25P1240'
 'ZYDUSLIFE30SEP25C1240']
2025-09-26 12:45:49,649 - WARNING - Could not fetch price for NIFTY30SEP25C2550
2025-09-26 12:45:49,650 - INFO - Strike selected: 2550, trading symbol: NIFTY30SEP25C2550
2025-09-26 12:45:49,666 - INFO - Initial buy price set: 126.80
2025-09-26 12:45:49,771 - INFO - Buy price field value changed to empty - auto-fill disabled
2025-09-26 12:45:49,772 - INFO - Buy price box cleared for new symbol selection - auto-fill re-enabled
2025-09-26 12:45:49,772 - INFO - Generated trading symbol: NIFTY30SEP25C25500
2025-09-26 12:45:49,772 - INFO - Trading symbol stored: NIFTY30SEP25C25500
2025-09-26 12:45:49,772 - INFO - Getting token for trading symbol: NIFTY30SEP25C25500
2025-09-26 12:45:49,777 - INFO - Found NFO token for NIFTY30SEP25C25500: 60499
2025-09-26 12:45:50,252 - WARNING - Could not fetch price for NIFTY30SEP25C25500
2025-09-26 12:45:50,252 - INFO - Strike selected: 25500, trading symbol: NIFTY30SEP25C25500
2025-09-26 12:45:50,255 - INFO - Initial buy price set: 126.95
2025-09-26 12:45:57,375 - INFO - Buy price field value changed to empty - auto-fill disabled
2025-09-26 12:45:57,375 - INFO - Buy price box cleared for new symbol selection - auto-fill re-enabled
2025-09-26 12:45:57,375 - INFO - Generated trading symbol: NIFTY30SEP25C2550
2025-09-26 12:45:57,376 - INFO - Trading symbol stored: NIFTY30SEP25C2550
2025-09-26 12:45:57,376 - INFO - Getting token for trading symbol: NIFTY30SEP25C2550
2025-09-26 12:45:57,381 - ERROR - No token found for NIFTY30SEP25C2550
2025-09-26 12:45:57,394 - INFO - Available NFO symbols (first 10): ['ZYDUSLIFE30SEP25P1360' 'ZYDUSLIFE30SEP25C1360' 'ZYDUSLIFE30SEP25P1320'
 'ZYDUSLIFE30SEP25C1320' 'ZYDUSLIFE30SEP25P1280' 'ZYDUSLIFE30SEP25C1280'
 'ZYDUSLIFE30SEP25P1260' 'ZYDUSLIFE30SEP25C1260' 'ZYDUSLIFE30SEP25P1240'
 'ZYDUSLIFE30SEP25C1240']
2025-09-26 12:45:57,398 - WARNING - Could not fetch price for NIFTY30SEP25C2550
2025-09-26 12:45:57,399 - INFO - Strike selected: 2550, trading symbol: NIFTY30SEP25C2550
2025-09-26 12:45:57,665 - INFO - Initial buy price set: 126.90
2025-09-26 12:45:58,141 - INFO - Buy price field value changed to empty - auto-fill disabled
2025-09-26 12:45:58,141 - INFO - Buy price box cleared for new symbol selection - auto-fill re-enabled
2025-09-26 12:45:58,142 - INFO - Generated trading symbol: NIFTY30SEP25C25505
2025-09-26 12:45:58,142 - INFO - Trading symbol stored: NIFTY30SEP25C25505
2025-09-26 12:45:58,142 - INFO - Getting token for trading symbol: NIFTY30SEP25C25505
2025-09-26 12:45:58,149 - ERROR - No token found for NIFTY30SEP25C25505
2025-09-26 12:45:58,162 - INFO - Available NFO symbols (first 10): ['ZYDUSLIFE30SEP25P1360' 'ZYDUSLIFE30SEP25C1360' 'ZYDUSLIFE30SEP25P1320'
 'ZYDUSLIFE30SEP25C1320' 'ZYDUSLIFE30SEP25P1280' 'ZYDUSLIFE30SEP25C1280'
 'ZYDUSLIFE30SEP25P1260' 'ZYDUSLIFE30SEP25C1260' 'ZYDUSLIFE30SEP25P1240'
 'ZYDUSLIFE30SEP25C1240']
2025-09-26 12:45:58,163 - WARNING - Could not fetch price for NIFTY30SEP25C25505
2025-09-26 12:45:58,164 - INFO - Strike selected: 25505, trading symbol: NIFTY30SEP25C25505
2025-09-26 12:45:58,305 - INFO - Initial buy price set: 126.55
2025-09-26 12:45:59,468 - INFO - Buy price field value changed to empty - auto-fill disabled
2025-09-26 12:45:59,468 - INFO - Buy price box cleared for new symbol selection - auto-fill re-enabled
2025-09-26 12:45:59,469 - INFO - Generated trading symbol: NIFTY30SEP25C2550
2025-09-26 12:45:59,469 - INFO - Trading symbol stored: NIFTY30SEP25C2550
2025-09-26 12:45:59,469 - INFO - Getting token for trading symbol: NIFTY30SEP25C2550
2025-09-26 12:45:59,473 - ERROR - No token found for NIFTY30SEP25C2550
2025-09-26 12:45:59,481 - INFO - Available NFO symbols (first 10): ['ZYDUSLIFE30SEP25P1360' 'ZYDUSLIFE30SEP25C1360' 'ZYDUSLIFE30SEP25P1320'
 'ZYDUSLIFE30SEP25C1320' 'ZYDUSLIFE30SEP25P1280' 'ZYDUSLIFE30SEP25C1280'
 'ZYDUSLIFE30SEP25P1260' 'ZYDUSLIFE30SEP25C1260' 'ZYDUSLIFE30SEP25P1240'
 'ZYDUSLIFE30SEP25C1240']
2025-09-26 12:45:59,481 - WARNING - Could not fetch price for NIFTY30SEP25C2550
2025-09-26 12:45:59,481 - INFO - Strike selected: 2550, trading symbol: NIFTY30SEP25C2550
2025-09-26 12:45:59,668 - INFO - Initial buy price set: 125.95
2025-09-26 12:46:00,772 - INFO - Buy price field value changed to empty - auto-fill disabled
2025-09-26 12:46:00,773 - INFO - Buy price box cleared for new symbol selection - auto-fill re-enabled
2025-09-26 12:46:00,773 - INFO - Generated trading symbol: NIFTY30SEP25C25500
2025-09-26 12:46:00,773 - INFO - Trading symbol stored: NIFTY30SEP25C25500
2025-09-26 12:46:00,774 - INFO - Getting token for trading symbol: NIFTY30SEP25C25500
2025-09-26 12:46:00,777 - INFO - Found NFO token for NIFTY30SEP25C25500: 60499
2025-09-26 12:46:01,270 - WARNING - Could not fetch price for NIFTY30SEP25C25500
2025-09-26 12:46:01,271 - INFO - Strike selected: 25500, trading symbol: NIFTY30SEP25C25500
2025-09-26 12:46:02,672 - INFO - Initial buy price set: 125.65
2025-09-26 12:46:09,975 - INFO - Buy price field value changed to empty - auto-fill disabled
2025-09-26 12:46:09,975 - INFO - Buy price box cleared for new symbol selection - auto-fill re-enabled
2025-09-26 12:46:09,977 - INFO - Generated trading symbol: NIFTY30SEP25C25
2025-09-26 12:46:09,977 - INFO - Trading symbol stored: NIFTY30SEP25C25
2025-09-26 12:46:09,977 - INFO - Getting token for trading symbol: NIFTY30SEP25C25
2025-09-26 12:46:09,982 - ERROR - No token found for NIFTY30SEP25C25
2025-09-26 12:46:09,992 - INFO - Available NFO symbols (first 10): ['ZYDUSLIFE30SEP25P1360' 'ZYDUSLIFE30SEP25C1360' 'ZYDUSLIFE30SEP25P1320'
 'ZYDUSLIFE30SEP25C1320' 'ZYDUSLIFE30SEP25P1280' 'ZYDUSLIFE30SEP25C1280'
 'ZYDUSLIFE30SEP25P1260' 'ZYDUSLIFE30SEP25C1260' 'ZYDUSLIFE30SEP25P1240'
 'ZYDUSLIFE30SEP25C1240']
2025-09-26 12:46:09,994 - WARNING - Could not fetch price for NIFTY30SEP25C25
2025-09-26 12:46:09,995 - INFO - Strike selected: 25, trading symbol: NIFTY30SEP25C25
2025-09-26 12:46:09,995 - INFO - Buy price box cleared for new symbol selection - auto-fill re-enabled
2025-09-26 12:46:09,996 - INFO - Generated trading symbol: NIFTY30SEP25C252
2025-09-26 12:46:09,997 - INFO - Trading symbol stored: NIFTY30SEP25C252
2025-09-26 12:46:09,998 - INFO - Getting token for trading symbol: NIFTY30SEP25C252
2025-09-26 12:46:10,003 - ERROR - No token found for NIFTY30SEP25C252
2025-09-26 12:46:10,021 - INFO - Available NFO symbols (first 10): ['ZYDUSLIFE30SEP25P1360' 'ZYDUSLIFE30SEP25C1360' 'ZYDUSLIFE30SEP25P1320'
 'ZYDUSLIFE30SEP25C1320' 'ZYDUSLIFE30SEP25P1280' 'ZYDUSLIFE30SEP25C1280'
 'ZYDUSLIFE30SEP25P1260' 'ZYDUSLIFE30SEP25C1260' 'ZYDUSLIFE30SEP25P1240'
 'ZYDUSLIFE30SEP25C1240']
2025-09-26 12:46:10,023 - WARNING - Could not fetch price for NIFTY30SEP25C252
2025-09-26 12:46:10,024 - INFO - Strike selected: 252, trading symbol: NIFTY30SEP25C252
2025-09-26 12:46:10,428 - INFO - Buy price box cleared for new symbol selection - auto-fill re-enabled
2025-09-26 12:46:10,428 - INFO - Generated trading symbol: NIFTY30SEP25C2520
2025-09-26 12:46:10,429 - INFO - Trading symbol stored: NIFTY30SEP25C2520
2025-09-26 12:46:10,429 - INFO - Getting token for trading symbol: NIFTY30SEP25C2520
2025-09-26 12:46:10,434 - ERROR - No token found for NIFTY30SEP25C2520
2025-09-26 12:46:10,441 - INFO - Available NFO symbols (first 10): ['ZYDUSLIFE30SEP25P1360' 'ZYDUSLIFE30SEP25C1360' 'ZYDUSLIFE30SEP25P1320'
 'ZYDUSLIFE30SEP25C1320' 'ZYDUSLIFE30SEP25P1280' 'ZYDUSLIFE30SEP25C1280'
 'ZYDUSLIFE30SEP25P1260' 'ZYDUSLIFE30SEP25C1260' 'ZYDUSLIFE30SEP25P1240'
 'ZYDUSLIFE30SEP25C1240']
2025-09-26 12:46:10,443 - WARNING - Could not fetch price for NIFTY30SEP25C2520
2025-09-26 12:46:10,443 - INFO - Strike selected: 2520, trading symbol: NIFTY30SEP25C2520
2025-09-26 12:46:10,629 - INFO - Buy price box cleared for new symbol selection - auto-fill re-enabled
2025-09-26 12:46:10,630 - INFO - Generated trading symbol: NIFTY30SEP25C25200
2025-09-26 12:46:10,631 - INFO - Trading symbol stored: NIFTY30SEP25C25200
2025-09-26 12:46:10,631 - INFO - Getting token for trading symbol: NIFTY30SEP25C25200
2025-09-26 12:46:10,636 - INFO - Found NFO token for NIFTY30SEP25C25200: 60487
2025-09-26 12:46:11,112 - WARNING - Could not fetch price for NIFTY30SEP25C25200
2025-09-26 12:46:11,113 - INFO - Strike selected: 25200, trading symbol: NIFTY30SEP25C25200
2025-09-26 12:46:11,117 - INFO - Initial buy price set: 126.05
2025-09-26 12:46:19,809 - INFO - Buy price field value changed to empty - auto-fill disabled
2025-09-26 12:46:19,811 - INFO - Buy price box cleared for new symbol selection - auto-fill re-enabled
2025-09-26 12:46:19,812 - INFO - Generated trading symbol: NIFTY30SEP25C25
2025-09-26 12:46:19,812 - INFO - Trading symbol stored: NIFTY30SEP25C25
2025-09-26 12:46:19,814 - INFO - Getting token for trading symbol: NIFTY30SEP25C25
2025-09-26 12:46:19,822 - ERROR - No token found for NIFTY30SEP25C25
2025-09-26 12:46:19,839 - INFO - Available NFO symbols (first 10): ['ZYDUSLIFE30SEP25P1360' 'ZYDUSLIFE30SEP25C1360' 'ZYDUSLIFE30SEP25P1320'
 'ZYDUSLIFE30SEP25C1320' 'ZYDUSLIFE30SEP25P1280' 'ZYDUSLIFE30SEP25C1280'
 'ZYDUSLIFE30SEP25P1260' 'ZYDUSLIFE30SEP25C1260' 'ZYDUSLIFE30SEP25P1240'
 'ZYDUSLIFE30SEP25C1240']
2025-09-26 12:46:19,844 - WARNING - Could not fetch price for NIFTY30SEP25C25
2025-09-26 12:46:19,845 - INFO - Strike selected: 25, trading symbol: NIFTY30SEP25C25
2025-09-26 12:46:19,846 - INFO - Buy price box cleared for new symbol selection - auto-fill re-enabled
2025-09-26 12:46:19,846 - INFO - Generated trading symbol: NIFTY30SEP25C250
2025-09-26 12:46:19,847 - INFO - Trading symbol stored: NIFTY30SEP25C250
2025-09-26 12:46:19,847 - INFO - Getting token for trading symbol: NIFTY30SEP25C250
2025-09-26 12:46:19,855 - ERROR - No token found for NIFTY30SEP25C250
2025-09-26 12:46:19,875 - INFO - Available NFO symbols (first 10): ['ZYDUSLIFE30SEP25P1360' 'ZYDUSLIFE30SEP25C1360' 'ZYDUSLIFE30SEP25P1320'
 'ZYDUSLIFE30SEP25C1320' 'ZYDUSLIFE30SEP25P1280' 'ZYDUSLIFE30SEP25C1280'
 'ZYDUSLIFE30SEP25P1260' 'ZYDUSLIFE30SEP25C1260' 'ZYDUSLIFE30SEP25P1240'
 'ZYDUSLIFE30SEP25C1240']
2025-09-26 12:46:19,877 - WARNING - Could not fetch price for NIFTY30SEP25C250
2025-09-26 12:46:19,878 - INFO - Strike selected: 250, trading symbol: NIFTY30SEP25C250
2025-09-26 12:46:19,952 - INFO - Initial buy price set: 125.70
2025-09-26 12:46:20,010 - INFO - Buy price field value changed to empty - auto-fill disabled
2025-09-26 12:46:20,010 - INFO - Buy price box cleared for new symbol selection - auto-fill re-enabled
2025-09-26 12:46:20,011 - INFO - Generated trading symbol: NIFTY30SEP25C2500
2025-09-26 12:46:20,012 - INFO - Trading symbol stored: NIFTY30SEP25C2500
2025-09-26 12:46:20,013 - INFO - Getting token for trading symbol: NIFTY30SEP25C2500
2025-09-26 12:46:20,018 - ERROR - No token found for NIFTY30SEP25C2500
2025-09-26 12:46:20,026 - INFO - Available NFO symbols (first 10): ['ZYDUSLIFE30SEP25P1360' 'ZYDUSLIFE30SEP25C1360' 'ZYDUSLIFE30SEP25P1320'
 'ZYDUSLIFE30SEP25C1320' 'ZYDUSLIFE30SEP25P1280' 'ZYDUSLIFE30SEP25C1280'
 'ZYDUSLIFE30SEP25P1260' 'ZYDUSLIFE30SEP25C1260' 'ZYDUSLIFE30SEP25P1240'
 'ZYDUSLIFE30SEP25C1240']
2025-09-26 12:46:20,027 - WARNING - Could not fetch price for NIFTY30SEP25C2500
2025-09-26 12:46:20,027 - INFO - Strike selected: 2500, trading symbol: NIFTY30SEP25C2500
2025-09-26 12:46:20,215 - INFO - Buy price box cleared for new symbol selection - auto-fill re-enabled
2025-09-26 12:46:20,215 - INFO - Generated trading symbol: NIFTY30SEP25C25000
2025-09-26 12:46:20,215 - INFO - Trading symbol stored: NIFTY30SEP25C25000
2025-09-26 12:46:20,215 - INFO - Getting token for trading symbol: NIFTY30SEP25C25000
2025-09-26 12:46:20,219 - INFO - Found NFO token for NIFTY30SEP25C25000: 64694
2025-09-26 12:46:20,773 - WARNING - Could not fetch price for NIFTY30SEP25C25000
2025-09-26 12:46:20,773 - INFO - Strike selected: 25000, trading symbol: NIFTY30SEP25C25000
2025-09-26 12:46:20,777 - INFO - Initial buy price set: 126.00
2025-09-26 12:46:38,114 - INFO - Release buttons clicked - resetting system for new orders
2025-09-26 12:46:38,115 - INFO - Login status check - Master: True, Child: False
2025-09-26 12:46:38,122 - INFO - Updated Master (ID: 1) login_status to '1': Master account logged in
2025-09-26 12:46:38,125 - INFO - Updated Master (ID: 1) can_order to '1': Master account reset after trading block
2025-09-26 12:46:38,125 - INFO - Master account reset to ready (was logged in)
2025-09-26 12:46:38,128 - INFO - Updated Child (ID: 2) login_status to '0': Child not logged in
2025-09-26 12:46:38,132 - INFO - Updated Child (ID: 2) can_order to '1': Child account reset after trading block
2025-09-26 12:46:38,133 - INFO - Child account set to not logged in but can_order ready
2025-09-26 12:46:38,133 - INFO - Trading blocks reset while preserving login status
2025-09-26 12:46:38,135 - INFO - RESET POSITION DATA - Master (ID: 1) - position data cleared
2025-09-26 12:46:38,150 - INFO - Cleared exit order info for Master (ID: 1)
2025-09-26 12:46:38,154 - INFO - Position data and exit order info cleared for Master account
2025-09-26 12:46:38,162 - INFO - RESET POSITION DATA - Child (ID: 2) - position data cleared
2025-09-26 12:46:38,182 - INFO - Cleared exit order info for Child (ID: 2)
2025-09-26 12:46:38,184 - INFO - Position data and exit order info cleared for Child account
2025-09-26 12:46:38,186 - INFO - BUY button and Price box re-enabled for new orders - auto-fill re-enabled
2025-09-26 12:46:38,192 - INFO - Trailing monitoring stopped
2025-09-26 12:46:38,193 - INFO - Trailing controls reset to initial state
2025-09-26 12:46:38,194 - INFO - SL/Target controls reset to initial state
2025-09-26 12:46:38,194 - INFO - Enabling selection row components
2025-09-26 12:46:38,196 - INFO - Selection row components enabled
2025-09-26 12:46:38,196 - INFO - Management buttons disabled until new orders are placed
2025-09-26 12:46:38,199 - INFO - Order status displays updated with client names
2025-09-26 12:46:38,199 - INFO - Monitoring stopped and timers cleared
2025-09-26 12:46:38,199 - INFO - Enabling selection row components
2025-09-26 12:46:38,203 - INFO - Selection row components enabled
2025-09-26 12:46:38,208 - INFO - System released - ready for new orders
2025-09-26 12:46:42,240 - INFO - Index selected: SENSEX
2025-09-26 12:46:42,241 - INFO - On option selected called - Function not implemented yet
2025-09-26 12:46:42,242 - INFO - Not all required fields selected for strike selection
2025-09-26 12:46:42,243 - INFO - Option and strike selections cleared for new index
2025-09-26 12:46:42,244 - INFO - On expiry selected called - Function not implemented yet
2025-09-26 12:46:42,245 - INFO - Strike dropdown populated with 15 strikes for SENSEX
2025-09-26 12:46:42,246 - INFO - Updated quantity dropdown for SENSEX: ['20', '40', '60', '80', '100', '120', '140', '160', '180', '200']
2025-09-26 12:46:44,441 - INFO - Index selected: NIFTY
2025-09-26 12:46:44,441 - INFO - On option selected called - Function not implemented yet
2025-09-26 12:46:44,441 - INFO - Not all required fields selected for strike selection
2025-09-26 12:46:44,442 - INFO - Option and strike selections cleared for new index
2025-09-26 12:46:44,442 - INFO - On expiry selected called - Function not implemented yet
2025-09-26 12:46:44,443 - INFO - Strike dropdown populated with 15 strikes for NIFTY
2025-09-26 12:46:44,443 - INFO - Updated quantity dropdown for NIFTY: ['75', '150', '225', '300', '375', '450', '525', '600', '675', '750']
2025-09-26 12:46:51,709 - INFO - On option selected called - Function not implemented yet
2025-09-26 12:47:15,650 - INFO - Buy price box cleared for new symbol selection - auto-fill re-enabled
2025-09-26 12:47:15,651 - INFO - Generated trading symbol: NIFTY30SEP25C24500
2025-09-26 12:47:15,652 - INFO - Trading symbol stored: NIFTY30SEP25C24500
2025-09-26 12:47:15,652 - INFO - Getting token for trading symbol: NIFTY30SEP25C24500
2025-09-26 12:47:15,657 - INFO - Found NFO token for NIFTY30SEP25C24500: 60443
2025-09-26 12:47:16,185 - WARNING - Could not fetch price for NIFTY30SEP25C24500
2025-09-26 12:47:16,186 - INFO - Strike selected: 24500, trading symbol: NIFTY30SEP25C24500
2025-09-26 12:47:16,189 - INFO - Initial buy price set: 124.60
2025-09-26 12:47:45,701 - INFO - Application closing - cleaning up resources
2025-09-26 12:47:45,739 - INFO - WebSocket connection monitoring stopped
2025-09-26 12:48:12,247 - INFO - Loaded account states from account_state.csv
2025-09-26 12:48:12,249 - INFO - Loaded configuration from configuration.csv
2025-09-26 12:48:12,250 - INFO - Resetting account states to initial state on startup...
2025-09-26 12:48:12,257 - INFO - Updated Master (ID: 1) login_status to '0': Program startup - master not logged in
2025-09-26 12:48:12,267 - INFO - Updated Master (ID: 1) can_order to '0': Program startup - master cannot place orders
2025-09-26 12:48:12,271 - INFO - Updated Child (ID: 2) login_status to '0': Program startup - child not logged in
2025-09-26 12:48:12,275 - INFO - Updated Child (ID: 2) can_order to '0': Program startup - child cannot place orders
2025-09-26 12:48:12,278 - INFO - RESET POSITION DATA - Master (ID: 1) - position data cleared
2025-09-26 12:48:12,296 - INFO - RESET POSITION DATA - Child (ID: 2) - position data cleared
2025-09-26 12:48:12,318 - INFO - Cleared exit order info for Master (ID: 1)
2025-09-26 12:48:12,343 - INFO - Cleared exit order info for Child (ID: 2)
2025-09-26 12:48:12,357 - INFO - Enabling selection row components
2025-09-26 12:48:12,361 - ERROR - Error enabling selection row: 'MainWindow' object has no attribute 'index_dropdown'
2025-09-26 12:48:12,361 - INFO - Position data and exit order info cleared on startup for both accounts
2025-09-26 12:48:12,361 - INFO - Account states reset to initial state
2025-09-26 12:48:12,362 - INFO - Loaded cached index prices from today
2025-09-26 12:48:12,364 - INFO - All expiry dates are valid
2025-09-26 12:48:12,366 - INFO - Loaded cached expiry dates from today
2025-09-26 12:48:12,669 - INFO - WebSocket connection monitoring started
2025-09-26 12:48:12,670 - INFO - SL/Target configuration loaded - SL: 3 points, Target: 40 points
2025-09-26 12:48:12,671 - INFO - Calculated differences - SL: -3, Target: 40
2025-09-26 12:48:12,867 - INFO - Checking master files...
2025-09-26 12:48:12,868 - INFO - All master files are current
2025-09-26 12:48:12,868 - INFO - [SUCCESS] Master files are up to date
2025-09-26 12:48:12,869 - INFO - Attempting auto-login for master account...
2025-09-26 12:48:12,869 - INFO - Starting Master-Child Trading GUI - Original UI Layout
2025-09-26 12:48:12,869 - INFO - Generated fresh 2FA for account 1: 926281
2025-09-26 12:48:12,870 - INFO - Attempting login for account 1 with userid: FA42242
2025-09-26 12:48:13,543 - INFO - Login response for account 1: {'request_time': '12:48:14 26-09-2025', 'actid': 'FA42242', 'access_type': ['MOB', 'TT', 'WEB', 'API'], 'uname': 'KRATIK YADAV', 'prarr': [{'prd': 'C', 's_prdt_ali': 'CNC', 'exch': ['NSE', 'BSE', 'NIPO', 'BSTAR']}, {'prd': 'M', 's_prdt_ali': 'NRML', 'exch': ['NFO', 'BFO', 'CDS', 'BCD']}, {'prd': 'I', 's_prdt_ali': 'MIS', 'exch': ['NSE', 'BSE', 'NFO', 'BFO', 'CDS', 'BCD']}, {'prd': 'H', 's_prdt_ali': 'CO', 'exch': ['NSE', 'NFO', 'CDS', 'BSE']}, {'prd': 'B', 's_prdt_ali': 'BO', 'exch': ['NSE', 'NFO', 'CDS', 'BSE']}], 'exch_prd': [{'exch': 'NSE', 'prds': ['C', 'I', 'H', 'B']}, {'exch': 'NFO', 'prds': ['M', 'I', 'H', 'B']}, {'exch': 'CDS', 'prds': ['M', 'I', 'H', 'B']}, {'exch': 'BSE', 'prds': ['C', 'I', 'H', 'B']}, {'exch': 'BCD', 'prds': ['M', 'I']}, {'exch': 'NIPO', 'prds': ['C']}, {'exch': 'BSTAR', 'prds': ['C']}, {'exch': 'BFO', 'prds': ['M', 'I']}], 'stat': 'Ok', 'susertoken': '9262dcf12135f7689e69f2f13cf2b909a3ca94064e6b8c8ff87480deddf48c10', 'susertokenspl': '66a8254650cce4c9990d605475d5c030e2111a026768f0bb7f26a1645d9d42e3', 'email': 'kratikiafk@gmail.com', 'uid': 'FA42242', 'brnchid': 'HO', 'totp_set': '1', 'm_num': '6265650705', 'orarr': ['MKT', 'LMT', 'SL-LMT', 'SL-MKT'], 'exarr': ['NSE', 'NFO', 'CDS', 'BSE', 'BCD', 'NIPO', 'BSTAR', 'BFO'], 'values': ['4', '3', '2'], 'mws': {'4': [{'exch': 'NFO', 'token': '68495', 'tsym': 'BANKINDIA28OCT25P105', 'cname': 'BANKINDIA OCT 105 PE ', 'dname': 'BANKINDIA OCT 105 PE ', 'instname': 'OPTSTK', 'pp': '2', 'ls': '5200', 'ti': '0.05', 'optt': 'PE'}, {'exch': 'NFO', 'token': '68471', 'tsym': 'BANKINDIA30SEP25P142.5', 'cname': 'BANKINDIA SEP 142.50 PE ', 'dname': 'BANKINDIA SEP 142.50 PE ', 'instname': 'OPTSTK', 'pp': '2', 'ls': '5200', 'ti': '0.05', 'optt': 'PE'}], '3': [], '2': [{'exch': 'NSE', 'token': '2088', 'tsym': 'MAHSEAMLES-EQ', 'cname': 'MAHARASHTRA SEAMLESS LTD', 'instname': 'EQ', 'pp': '2', 'ls': '1', 'ti': '0.05'}, {'exch': 'NSE', 'token': '23402', 'tsym': 'SRM-EQ', 'cname': 'SRM CONTRACTORS LIMITED', 'instname': 'EQ', 'pp': '2', 'ls': '1', 'ti': '0.05'}, {'exch': 'NSE', 'token': '18110', 'tsym': 'VASCONEQ-EQ', 'cname': 'VASCON ENGINEERS LTD', 'instname': 'EQ', 'pp': '2', 'ls': '1', 'ti': '0.01'}]}, 'brkname': 'FINV', 'dmsg': '', 'lastaccesstime': '1758871094', 'lastpwdtime': '1756959759'}
2025-09-26 12:48:13,545 - INFO - Login response type: <class 'dict'>
2025-09-26 12:48:13,545 - INFO - Login Successful!, Welcome KRATIK YADAV - Master ACCOUNT
2025-09-26 12:48:13,548 - INFO - Updated Master (ID: 1) login_status to '1': Master account auto-login successful
2025-09-26 12:48:13,551 - INFO - Updated Master (ID: 1) can_order to '1': Master account ready for orders
2025-09-26 12:48:13,552 - INFO - WebSocket connection established for account 1
2025-09-26 12:48:13,555 - INFO - Network connection restored for account 1
2025-09-26 12:48:13,557 - INFO - Refreshing market data...
2025-09-26 12:48:13,558 - INFO - Index prices are current, no refresh needed
2025-09-26 12:48:13,559 - INFO - Master account auto-login successful: KRATIK YADAV
2025-09-26 12:48:13,559 - INFO - Expiry dates are current, no refresh needed
2025-09-26 12:48:13,721 - INFO - Websocket connected
2025-09-26 12:48:13,769 - INFO - WebSocket is now open for Account 1
2025-09-26 12:48:15,035 - INFO - Position check completed - No open positions found
2025-09-26 12:48:16,709 - INFO - Index selected: NIFTY
2025-09-26 12:48:16,710 - INFO - On option selected called - Function not implemented yet
2025-09-26 12:48:16,711 - INFO - Not all required fields selected for strike selection
2025-09-26 12:48:16,711 - INFO - Option and strike selections cleared for new index
2025-09-26 12:48:16,713 - INFO - On expiry selected called - Function not implemented yet
2025-09-26 12:48:16,713 - INFO - Strike dropdown populated with 15 strikes for NIFTY
2025-09-26 12:48:16,714 - INFO - Updated quantity dropdown for NIFTY: ['75', '150', '225', '300', '375', '450', '525', '600', '675', '750']
2025-09-26 12:48:18,853 - INFO - On option selected called - Function not implemented yet
2025-09-26 12:48:22,160 - INFO - Buy price box cleared for new symbol selection - auto-fill re-enabled
2025-09-26 12:48:22,161 - INFO - Generated trading symbol: NIFTY30SEP25C24700
2025-09-26 12:48:22,162 - INFO - Trading symbol stored: NIFTY30SEP25C24700
2025-09-26 12:48:22,164 - INFO - Getting token for trading symbol: NIFTY30SEP25C24700
2025-09-26 12:48:22,170 - INFO - Found NFO token for NIFTY30SEP25C24700: 60457
2025-09-26 12:48:22,688 - INFO - Fetched price for NIFTY30SEP25C24700: 163.1
2025-09-26 12:48:22,689 - INFO - Getting token for trading symbol: NIFTY30SEP25C24700
2025-09-26 12:48:22,696 - INFO - Found NFO token for NIFTY30SEP25C24700: 60457
2025-09-26 12:48:22,696 - INFO - Subscribed to live price feed via master account: NFO|60457
2025-09-26 12:48:22,697 - INFO - Auto-subscribed to NIFTY30SEP25C24700 at price 163.1
2025-09-26 12:48:22,697 - INFO - Strike selected: 24700, trading symbol: NIFTY30SEP25C24700
2025-09-26 12:48:22,744 - INFO - Initial buy price set: 162.65
2025-09-26 12:48:26,710 - INFO - Buy price field value changed to empty - auto-fill disabled
2025-09-26 12:48:26,710 - INFO - Buy price box cleared for new symbol selection - auto-fill re-enabled
2025-09-26 12:48:26,711 - INFO - Generated trading symbol: NIFTY30SEP25C24800
2025-09-26 12:48:26,711 - INFO - Trading symbol stored: NIFTY30SEP25C24800
2025-09-26 12:48:26,711 - INFO - Getting token for trading symbol: NIFTY30SEP25C24800
2025-09-26 12:48:26,718 - INFO - Found NFO token for NIFTY30SEP25C24800: 60465
2025-09-26 12:48:27,208 - INFO - Fetched price for NIFTY30SEP25C24800: 95.5
2025-09-26 12:48:27,208 - INFO - Getting token for trading symbol: NIFTY30SEP25C24800
2025-09-26 12:48:27,212 - INFO - Found NFO token for NIFTY30SEP25C24800: 60465
2025-09-26 12:48:27,213 - INFO - Unsubscribed from previous: NFO|60457
2025-09-26 12:48:27,213 - INFO - Subscribed to live price feed via master account: NFO|60465
2025-09-26 12:48:27,214 - INFO - Auto-subscribed to NIFTY30SEP25C24800 at price 95.5
2025-09-26 12:48:27,214 - INFO - Strike selected: 24800, trading symbol: NIFTY30SEP25C24800
2025-09-26 12:48:27,218 - INFO - Initial buy price set: 162.50
2025-09-26 12:48:31,281 - INFO - Buy price field value changed to empty - auto-fill disabled
2025-09-26 12:48:31,281 - INFO - Buy price box cleared for new symbol selection - auto-fill re-enabled
2025-09-26 12:48:31,282 - INFO - Generated trading symbol: NIFTY30SEP25C25000
2025-09-26 12:48:31,282 - INFO - Trading symbol stored: NIFTY30SEP25C25000
2025-09-26 12:48:31,283 - INFO - Getting token for trading symbol: NIFTY30SEP25C25000
2025-09-26 12:48:31,292 - INFO - Found NFO token for NIFTY30SEP25C25000: 64694
2025-09-26 12:48:31,808 - INFO - Fetched price for NIFTY30SEP25C25000: 26.15
2025-09-26 12:48:31,809 - INFO - Getting token for trading symbol: NIFTY30SEP25C25000
2025-09-26 12:48:31,812 - INFO - Found NFO token for NIFTY30SEP25C25000: 64694
2025-09-26 12:48:31,813 - INFO - Unsubscribed from previous: NFO|60465
2025-09-26 12:48:31,813 - INFO - Subscribed to live price feed via master account: NFO|64694
2025-09-26 12:48:31,813 - INFO - Auto-subscribed to NIFTY30SEP25C25000 at price 26.15
2025-09-26 12:48:31,814 - INFO - Strike selected: 25000, trading symbol: NIFTY30SEP25C25000
2025-09-26 12:48:31,816 - INFO - Initial buy price set: 95.45
2025-09-26 12:48:36,841 - INFO - Release buttons clicked - resetting system for new orders
2025-09-26 12:48:36,842 - INFO - Login status check - Master: True, Child: False
2025-09-26 12:48:36,845 - INFO - Updated Master (ID: 1) login_status to '1': Master account logged in
2025-09-26 12:48:36,849 - INFO - Updated Master (ID: 1) can_order to '1': Master account reset after trading block
2025-09-26 12:48:36,849 - INFO - Master account reset to ready (was logged in)
2025-09-26 12:48:36,852 - INFO - Updated Child (ID: 2) login_status to '0': Child not logged in
2025-09-26 12:48:36,855 - INFO - Updated Child (ID: 2) can_order to '1': Child account reset after trading block
2025-09-26 12:48:36,855 - INFO - Child account set to not logged in but can_order ready
2025-09-26 12:48:36,856 - INFO - Trading blocks reset while preserving login status
2025-09-26 12:48:36,857 - INFO - RESET POSITION DATA - Master (ID: 1) - position data cleared
2025-09-26 12:48:36,862 - INFO - Cleared exit order info for Master (ID: 1)
2025-09-26 12:48:36,862 - INFO - Position data and exit order info cleared for Master account
2025-09-26 12:48:36,863 - INFO - RESET POSITION DATA - Child (ID: 2) - position data cleared
2025-09-26 12:48:36,871 - INFO - Cleared exit order info for Child (ID: 2)
2025-09-26 12:48:36,871 - INFO - Position data and exit order info cleared for Child account
2025-09-26 12:48:36,872 - INFO - BUY button and Price box re-enabled for new orders - auto-fill re-enabled
2025-09-26 12:48:36,873 - INFO - Trailing monitoring stopped
2025-09-26 12:48:36,873 - INFO - Trailing controls reset to initial state
2025-09-26 12:48:36,873 - INFO - SL/Target controls reset to initial state
2025-09-26 12:48:36,873 - INFO - Enabling selection row components
2025-09-26 12:48:36,874 - INFO - Selection row components enabled
2025-09-26 12:48:36,874 - INFO - Management buttons disabled until new orders are placed
2025-09-26 12:48:36,875 - INFO - Order status displays updated with client names
2025-09-26 12:48:36,876 - INFO - Monitoring stopped and timers cleared
2025-09-26 12:48:36,876 - INFO - Enabling selection row components
2025-09-26 12:48:36,876 - INFO - Selection row components enabled
2025-09-26 12:48:36,880 - INFO - System released - ready for new orders
2025-09-26 12:48:42,855 - INFO - Buy price box cleared for new symbol selection - auto-fill re-enabled
2025-09-26 12:48:42,856 - INFO - Generated trading symbol: NIFTY30SEP25C24500
2025-09-26 12:48:42,856 - INFO - Trading symbol stored: NIFTY30SEP25C24500
2025-09-26 12:48:42,857 - INFO - Getting token for trading symbol: NIFTY30SEP25C24500
2025-09-26 12:48:42,865 - INFO - Found NFO token for NIFTY30SEP25C24500: 60443
2025-09-26 12:48:43,362 - INFO - Fetched price for NIFTY30SEP25C24500: 335.5
2025-09-26 12:48:43,363 - INFO - Getting token for trading symbol: NIFTY30SEP25C24500
2025-09-26 12:48:43,368 - INFO - Found NFO token for NIFTY30SEP25C24500: 60443
2025-09-26 12:48:43,369 - INFO - Unsubscribed from previous: NFO|64694
2025-09-26 12:48:43,370 - INFO - Subscribed to live price feed via master account: NFO|60443
2025-09-26 12:48:43,371 - INFO - Auto-subscribed to NIFTY30SEP25C24500 at price 335.5
2025-09-26 12:48:43,372 - INFO - Strike selected: 24500, trading symbol: NIFTY30SEP25C24500
2025-09-26 12:48:43,376 - INFO - Initial buy price set: 26.35
2025-09-26 12:50:00,181 - INFO - Buy price field value changed to empty - auto-fill disabled
2025-09-26 12:50:00,181 - INFO - Buy price box cleared for new symbol selection - auto-fill re-enabled
2025-09-26 12:50:00,181 - INFO - Generated trading symbol: NIFTY30SEP25C25000
2025-09-26 12:50:00,181 - INFO - Trading symbol stored: NIFTY30SEP25C25000
2025-09-26 12:50:00,182 - INFO - Getting token for trading symbol: NIFTY30SEP25C25000
2025-09-26 12:50:00,186 - INFO - Found NFO token for NIFTY30SEP25C25000: 64694
2025-09-26 12:50:00,689 - INFO - Fetched price for NIFTY30SEP25C25000: 27.8
2025-09-26 12:50:00,689 - INFO - Getting token for trading symbol: NIFTY30SEP25C25000
2025-09-26 12:50:00,694 - INFO - Found NFO token for NIFTY30SEP25C25000: 64694
2025-09-26 12:50:00,695 - INFO - Unsubscribed from previous: NFO|60443
2025-09-26 12:50:00,695 - INFO - Subscribed to live price feed via master account: NFO|64694
2025-09-26 12:50:00,695 - INFO - Auto-subscribed to NIFTY30SEP25C25000 at price 27.8
2025-09-26 12:50:00,695 - INFO - Strike selected: 25000, trading symbol: NIFTY30SEP25C25000
2025-09-26 12:50:00,738 - INFO - Initial buy price set: 27.80
2025-09-26 12:50:31,164 - INFO - Index selected: SENSEX
2025-09-26 12:50:31,165 - INFO - On option selected called - Function not implemented yet
2025-09-26 12:50:31,165 - INFO - Not all required fields selected for strike selection
2025-09-26 12:50:31,166 - INFO - Option and strike selections cleared for new index
2025-09-26 12:50:31,166 - INFO - On expiry selected called - Function not implemented yet
2025-09-26 12:50:31,166 - INFO - Strike dropdown populated with 15 strikes for SENSEX
2025-09-26 12:50:31,166 - INFO - Updated quantity dropdown for SENSEX: ['20', '40', '60', '80', '100', '120', '140', '160', '180', '200']
2025-09-26 12:50:33,888 - INFO - On option selected called - Function not implemented yet
2025-09-26 12:50:40,039 - INFO - Buy price field value changed to empty - auto-fill disabled
2025-09-26 12:50:40,040 - INFO - Buy price box cleared for new symbol selection - auto-fill re-enabled
2025-09-26 12:50:40,041 - INFO - Generated trading symbol: SENSEX25O0181500CE
2025-09-26 12:50:40,041 - INFO - Trading symbol stored: SENSEX25O0181500CE
2025-09-26 12:50:40,042 - INFO - Getting token for trading symbol: SENSEX25O0181500CE
2025-09-26 12:50:40,046 - INFO - Found token for SENSEX25O0181500CE: 865102
2025-09-26 12:50:40,567 - INFO - Fetched price for SENSEX25O0181500CE: 150.1
2025-09-26 12:50:40,568 - INFO - Getting token for trading symbol: SENSEX25O0181500CE
2025-09-26 12:50:40,572 - INFO - Found token for SENSEX25O0181500CE: 865102
2025-09-26 12:50:40,573 - INFO - Unsubscribed from previous: NFO|64694
2025-09-26 12:50:40,574 - INFO - Subscribed to live price feed via master account: BFO|865102
2025-09-26 12:50:40,575 - INFO - Auto-subscribed to SENSEX25O0181500CE at price 150.1
2025-09-26 12:50:40,575 - INFO - Strike selected: 81500, trading symbol: SENSEX25O0181500CE
2025-09-26 12:50:40,623 - INFO - Initial buy price set: 150.10
2025-09-26 12:50:43,627 - INFO - Buy price field value changed to empty - auto-fill disabled
2025-09-26 12:50:43,627 - INFO - Buy price box cleared for new symbol selection - auto-fill re-enabled
2025-09-26 12:50:43,628 - INFO - Generated trading symbol: SENSEX25O018500CE
2025-09-26 12:50:43,629 - INFO - Trading symbol stored: SENSEX25O018500CE
2025-09-26 12:50:43,629 - INFO - Getting token for trading symbol: SENSEX25O018500CE
2025-09-26 12:50:43,634 - ERROR - No token found for SENSEX25O018500CE
2025-09-26 12:50:43,659 - INFO - Available SENSEX symbols (first 10): ['SENSEX26SEP86000PE' 'SENSEX26SEP85000PE' 'SENSEX26SEP84000PE'
 'SENSEX26SEP83000PE' 'SENSEX26SEP82000PE' 'SENSEX26SEP81000PE'
 'SENSEX26SEP80000PE' 'SENSEX26SEP79000PE' 'SENSEX26SEP78000PE'
 'SENSEX26SEP77000PE']
2025-09-26 12:50:43,660 - ERROR - Error in fallback conversion: time data 'O01' does not match format '%b'
2025-09-26 12:50:43,663 - WARNING - Could not fetch price for SENSEX25O018500CE
2025-09-26 12:50:43,664 - INFO - Strike selected: 8500, trading symbol: SENSEX25O018500CE
2025-09-26 12:50:43,886 - INFO - Buy price box cleared for new symbol selection - auto-fill re-enabled
2025-09-26 12:50:43,886 - INFO - Generated trading symbol: SENSEX25O0182500CE
2025-09-26 12:50:43,887 - INFO - Trading symbol stored: SENSEX25O0182500CE
2025-09-26 12:50:43,887 - INFO - Getting token for trading symbol: SENSEX25O0182500CE
2025-09-26 12:50:43,889 - INFO - Found token for SENSEX25O0182500CE: 865399
2025-09-26 12:50:44,402 - INFO - Fetched price for SENSEX25O0182500CE: 32.05
2025-09-26 12:50:44,403 - INFO - Getting token for trading symbol: SENSEX25O0182500CE
2025-09-26 12:50:44,405 - INFO - Found token for SENSEX25O0182500CE: 865399
2025-09-26 12:50:44,405 - INFO - Unsubscribed from previous: BFO|865102
2025-09-26 12:50:44,405 - INFO - Subscribed to live price feed via master account: BFO|865399
2025-09-26 12:50:44,406 - INFO - Auto-subscribed to SENSEX25O0182500CE at price 32.05
2025-09-26 12:50:44,406 - INFO - Strike selected: 82500, trading symbol: SENSEX25O0182500CE
2025-09-26 12:50:44,449 - INFO - Initial buy price set: 32.05
2025-09-26 12:51:00,885 - INFO - Attempting login for child account 2...
2025-09-26 12:51:00,885 - INFO - Login attempt 1/3 for child account 2
2025-09-26 12:51:00,885 - INFO - Generated fresh 2FA for account 2: 645505
2025-09-26 12:51:00,886 - INFO - Attempting login for account 2 with userid: FA32246
2025-09-26 12:51:01,438 - INFO - Login response for account 2: {'request_time': '12:51:02 26-09-2025', 'actid': 'FA32246', 'access_type': ['MOB', 'TT', 'WEB', 'API'], 'uname': 'ROOPAL SONI', 'prarr': [{'prd': 'C', 's_prdt_ali': 'CNC', 'exch': ['NSE', 'BSE', 'NIPO', 'BSTAR']}, {'prd': 'M', 's_prdt_ali': 'NRML', 'exch': ['NFO', 'BFO', 'CDS', 'BCD', 'MCX']}, {'prd': 'I', 's_prdt_ali': 'MIS', 'exch': ['NSE', 'BSE', 'NFO', 'BFO', 'CDS', 'BCD', 'MCX']}, {'prd': 'H', 's_prdt_ali': 'CO', 'exch': ['NSE', 'NFO', 'CDS', 'MCX', 'BSE']}, {'prd': 'B', 's_prdt_ali': 'BO', 'exch': ['NSE', 'NFO', 'CDS', 'MCX', 'BSE']}], 'exch_prd': [{'exch': 'NSE', 'prds': ['C', 'I', 'H', 'B']}, {'exch': 'NFO', 'prds': ['M', 'I', 'H', 'B']}, {'exch': 'CDS', 'prds': ['M', 'I', 'H', 'B']}, {'exch': 'BSE', 'prds': ['C', 'I', 'H', 'B']}, {'exch': 'BCD', 'prds': ['M', 'I']}, {'exch': 'MCX', 'prds': ['M', 'I', 'H', 'B']}, {'exch': 'NIPO', 'prds': ['C']}, {'exch': 'BSTAR', 'prds': ['C']}, {'exch': 'BFO', 'prds': ['M', 'I']}], 'stat': 'Ok', 'susertoken': 'fd5af316d03defa5cb3b46c4d98e4334578b77e8db8857d97aa47a1aca5c6992', 'susertokenspl': 'c461230c5b5d304b754f5b5ceb3fb8edaf9b2bc03d564f7d94014afdb949162b', 'email': 'kratik.kunal@gmail.com', 'uid': 'FA32246', 'brnchid': 'HO', 'totp_set': '1', 'm_num': '9424018696', 'orarr': ['MKT', 'LMT', 'SL-LMT', 'SL-MKT'], 'exarr': ['NSE', 'NFO', 'CDS', 'BSE', 'BCD', 'MCX', 'NIPO', 'BSTAR', 'BFO'], 'values': ['l', 'calls', 'Puts'], 'mws': {'l': [], 'calls': [{'exch': 'NFO', 'token': '54979', 'tsym': 'ADANIGREEN28OCT25P1100', 'cname': 'ADANIGREEN OCT 1100 PE ', 'dname': 'ADANIGREEN OCT 1100 PE ', 'instname': 'OPTSTK', 'pp': '2', 'ls': '600', 'ti': '0.05', 'optt': 'PE'}, {'exch': 'NFO', 'token': '54957', 'tsym': 'ADANIGREEN28OCT25P660', 'cname': 'ADANIGREEN OCT 660 PE ', 'dname': 'ADANIGREEN OCT 660 PE ', 'instname': 'OPTSTK', 'pp': '2', 'ls': '600', 'ti': '0.05', 'optt': 'PE'}, {'exch': 'NFO', 'token': '54995', 'tsym': 'ADANIGREEN25NOV25P600', 'cname': 'ADANIGREEN NOV 600 PE ', 'dname': 'ADANIGREEN NOV 600 PE ', 'instname': 'OPTSTK', 'pp': '2', 'ls': '600', 'ti': '0.05', 'optt': 'PE'}, {'exch': 'NFO', 'token': '54991', 'tsym': 'BANKNIFTY30SEP25C55400', 'cname': 'BANKNIFTY 30SEP25 55400 CE ', 'dname': 'BANKNIFTY 30SEP25 55400 CE ', 'instname': 'OPTIDX', 'pp': '2', 'ls': '35', 'ti': '0.05', 'optt': 'CE'}, {'exch': 'NFO', 'token': '54983', 'tsym': 'ADANIGREEN28OCT25P1180', 'cname': 'ADANIGREEN OCT 1180 PE ', 'dname': 'ADANIGREEN OCT 1180 PE ', 'instname': 'OPTSTK', 'pp': '2', 'ls': '600', 'ti': '0.05', 'optt': 'PE'}, {'exch': 'NFO', 'token': '54965', 'tsym': 'ADANIGREEN28OCT25P820', 'cname': 'ADANIGREEN OCT 820 PE ', 'dname': 'ADANIGREEN OCT 820 PE ', 'instname': 'OPTSTK', 'pp': '2', 'ls': '600', 'ti': '0.05', 'optt': 'PE'}, {'exch': 'NFO', 'token': '54953', 'tsym': 'ADANIGREEN28OCT25P520', 'cname': 'ADANIGREEN OCT 520 PE ', 'dname': 'ADANIGREEN OCT 520 PE ', 'instname': 'OPTSTK', 'pp': '2', 'ls': '600', 'ti': '0.05', 'optt': 'PE'}], 'Puts': [{'exch': 'NFO', 'token': '60487', 'tsym': 'NIFTY30SEP25C25200', 'cname': 'NIFTY 30SEP25 25200 CE ', 'dname': 'NIFTY 30SEP25 25200 CE ', 'instname': 'OPTIDX', 'pp': '2', 'ls': '75', 'ti': '0.05', 'optt': 'CE'}, {'exch': 'NFO', 'token': '64694', 'tsym': 'NIFTY30SEP25C25000', 'cname': 'NIFTY 30SEP25 25000 CE ', 'dname': 'NIFTY 30SEP25 25000 CE ', 'instname': 'OPTIDX', 'pp': '2', 'ls': '75', 'ti': '0.05', 'optt': 'CE'}, {'exch': 'BSE', 'token': '1', 'tsym': 'SENSEX', 'cname': 'BSE SENSEX', 'instname': 'UNDIND', 'pp': '2', 'ls': '1', 'ti': '0.05', 'nontrd': '1'}, {'exch': 'NFO', 'token': '48898', 'tsym': 'MCX25NOV25F', 'cname': 'MCX NOV FUT', 'dname': 'MCX NOV FUT', 'instname': 'FUTSTK', 'pp': '2', 'ls': '125', 'ti': '0.50', 'optt': 'XX'}, {'exch': 'MCX', 'token': '456955', 'tsym': 'COPPER30SEP25', 'instname': 'FUTCOM', 'pp': '2', 'ls': '2500', 'ti': '0.05', 'optt': 'XX'}, {'exch': 'NSE', 'token': '4598', 'tsym': 'HERITGFOOD-EQ', 'cname': 'HERITAGE FOODS LTD', 'instname': 'EQ', 'pp': '2', 'ls': '1', 'ti': '0.05'}, {'exch': 'NSE', 'token': '2885', 'tsym': 'RELIANCE-EQ', 'cname': 'RELIANCE INDUSTRIES LTD', 'instname': 'EQ', 'pp': '2', 'ls': '1', 'ti': '0.10'}, {'exch': 'NSE', 'token': '31181', 'tsym': 'MCX-EQ', 'cname': 'MULTI COMMODITY EXCHANGE', 'instname': 'EQ', 'pp': '2', 'ls': '1', 'ti': '0.50'}, {'exch': 'NSE', 'token': '8003', 'tsym': 'SILVER-EQ', 'cname': 'BIRLASLAMC - SILVER', 'instname': 'EQ', 'pp': '2', 'ls': '1', 'ti': '0.01'}, {'exch': 'NSE', 'token': '26037', 'tsym': 'Nifty Fin Service', 'cname': 'FIN NIFTY', 'instname': 'UNDIND', 'pp': '2', 'ls': '1', 'ti': '0.05', 'nontrd': '1'}]}, 'brkname': 'FINV', 'dmsg': '', 'lastaccesstime': '1758871262', 'lastpwdtime': '1757444505'}
2025-09-26 12:51:01,439 - INFO - Login response type: <class 'dict'>
2025-09-26 12:51:01,439 - INFO - Login Successful!, Welcome ROOPAL SONI - Child2 ACCOUNT
2025-09-26 12:51:01,444 - INFO - Updated Child (ID: 2) login_status to '1': Child account 2 login successful
2025-09-26 12:51:01,449 - INFO - Updated Child (ID: 2) can_order to '1': Child account 2 ready for orders
2025-09-26 12:51:01,451 - INFO - WebSocket connection established for account 2
2025-09-26 12:51:01,452 - INFO - Network connection restored for account 2
2025-09-26 12:51:01,453 - INFO - Child account login successful: ROOPAL SONI
2025-09-26 12:51:01,633 - INFO - Websocket connected
2025-09-26 12:51:01,679 - INFO - WebSocket is now open for Account 2
2025-09-26 12:51:03,539 - INFO - Position check completed - No open positions found
2025-09-26 12:51:04,367 - INFO - User focused on price box - current value: '32.05'
2025-09-26 12:51:06,435 - INFO - Buy price field value changed to empty - auto-fill disabled
2025-09-26 12:51:08,950 - INFO - Placing buy orders for SENSEX25O0182500CE @ 25.0 master_qty 20
2025-09-26 12:51:08,952 - INFO - Account 1 is active for order placement
2025-09-26 12:51:08,954 - INFO - Account 2 is active for order placement
2025-09-26 12:51:08,954 - INFO - Disabling selection row components
2025-09-26 12:51:08,955 - INFO - Selection row components disabled
2025-09-26 12:51:08,955 - INFO - Master account quantity: 20
2025-09-26 12:51:08,956 - INFO - Placing order for account 1: {'buy_or_sell': 'B', 'product_type': 'M', 'exchange': 'BFO', 'tradingsymbol': 'SENSEX25O0182500CE', 'quantity': 20, 'discloseqty': 0, 'price_type': 'LMT', 'price': 25.0, 'trigger_price': None, 'retention': 'DAY', 'amo': 'NO', 'remarks': None}
2025-09-26 12:51:08,956 - INFO - Child lots set to minimum for SENSEX: 20
2025-09-26 12:51:08,958 - INFO - Child account quantity: 20 (master: 20, index: SENSEX)
2025-09-26 12:51:08,959 - INFO - Placing order for account 2: {'buy_or_sell': 'B', 'product_type': 'M', 'exchange': 'BFO', 'tradingsymbol': 'SENSEX25O0182500CE', 'quantity': 20, 'discloseqty': 0, 'price_type': 'LMT', 'price': 25.0, 'trigger_price': None, 'retention': 'DAY', 'amo': 'NO', 'remarks': None}
2025-09-26 12:51:09,593 - INFO - Order update for account 2: {'t': 'om', 'norenordno': '25092600347897', 'uid': 'FA32246', 'actid': 'FA32246', 'exch': 'BFO', 'tsym': 'SENSEX25O0182500CE', 'trantype': 'B', 'qty': '20', 'prc': '25.00', 'pcode': 'M', 'remarks': '', 'rejreason': ' ', 'status': 'PENDING', 'reporttype': 'NewAck', 'prctyp': 'LMT', 'ret': 'DAY', 'exchordid': '', 'dscqty': '0'}
2025-09-26 12:51:09,597 - INFO - Order update for account 1: {'t': 'om', 'norenordno': '25092600347896', 'uid': 'FA42242', 'actid': 'FA42242', 'exch': 'BFO', 'tsym': 'SENSEX25O0182500CE', 'trantype': 'B', 'qty': '20', 'prc': '25.00', 'pcode': 'M', 'remarks': '', 'rejreason': ' ', 'status': 'PENDING', 'reporttype': 'NewAck', 'prctyp': 'LMT', 'ret': 'DAY', 'exchordid': '', 'dscqty': '0'}
2025-09-26 12:51:09,597 - INFO - Account 2 - B PENDING NewAck
2025-09-26 12:51:09,598 - INFO - Order status debug - status: 'PENDING', reporttype: 'NewAck', trantype: 'B', price: '25.00'
2025-09-26 12:51:09,602 - INFO - Updated Master (ID: 1) order info: 25092600347896 SENSEX25O0182500CE 20@25.0
2025-09-26 12:51:09,602 - INFO - Account 1 - B PENDING NewAck
2025-09-26 12:51:09,603 - INFO - Updated Child (ID: 2) order info: 25092600347897 SENSEX25O0182500CE 20@25.0
2025-09-26 12:51:09,603 - INFO - Order status debug - status: 'PENDING', reporttype: 'NewAck', trantype: 'B', price: '25.00'
2025-09-26 12:51:09,603 - INFO - Order placed successfully for account 1: 25092600347896
2025-09-26 12:51:09,604 - INFO - Order placed successfully for account 2: 25092600347897
2025-09-26 12:51:09,606 - INFO - Starting auto SL/Target calculation for buy price: 25.0
2025-09-26 12:51:09,608 - INFO - Using differences - SL: -3, Target: 40
2025-09-26 12:51:09,609 - INFO - Calculated prices - SL: 22.0, Target: 65.0
2025-09-26 12:51:09,609 - INFO - UI values set - SL: 22.0, Target: 65.0
2025-09-26 12:51:09,610 - INFO - SL/Target points calculated - SL points: 3.0, Target points: 40.0
2025-09-26 12:51:09,611 - INFO - Buy orders filled check - Master: filled_qty=0
2025-09-26 12:51:09,612 - INFO - Buy orders filled check - Child: filled_qty=0
2025-09-26 12:51:09,612 - INFO - Buy orders filled result: False
2025-09-26 12:51:09,613 - INFO - Auto SL/Target set - SL: 22.0, Target: 65.0 (Buy Open: 25.0)
2025-09-26 12:51:09,615 - INFO - Buy orders placed successfully
2025-09-26 12:51:09,616 - INFO - Account 2 order status updated to: PENDING
2025-09-26 12:51:09,616 - INFO - Account 1 order status updated to: PENDING
2025-09-26 12:51:09,617 - INFO - DEBUG - Account 2 status: 'PENDING' (type: <class 'str'>)
2025-09-26 12:51:09,618 - INFO - DEBUG - Account 1 status: 'PENDING' (type: <class 'str'>)
2025-09-26 12:51:09,621 - INFO - DEBUG - Current account can_order: 1
2025-09-26 12:51:09,624 - INFO - DEBUG - Current account can_order: 1
2025-09-26 12:51:09,624 - INFO - DEBUG - Transaction type: 'B'
2025-09-26 12:51:09,625 - INFO - DEBUG - Transaction type: 'B'
2025-09-26 12:51:09,627 - INFO - Order status updated for account 2: Buy Order PENDING @ 25.00
2025-09-26 12:51:09,628 - INFO - Order status updated for account 1: Buy Order PENDING @ 25.00
2025-09-26 12:51:09,630 - INFO - Order update for account 2: {'t': 'om', 'norenordno': '25092600347897', 'uid': 'FA32246', 'actid': 'FA32246', 'exch': 'BFO', 'tsym': 'SENSEX25O0182500CE', 'trantype': 'B', 'qty': '20', 'prc': '25.00', 'pcode': 'M', 'remarks': '', 'rejreason': ' ', 'status': 'PENDING', 'reporttype': 'PendingNew', 'prctyp': 'LMT', 'ret': 'DAY', 'exchordid': '', 'dscqty': '0'}
2025-09-26 12:51:09,631 - INFO - Order update for account 1: {'t': 'om', 'norenordno': '25092600347896', 'uid': 'FA42242', 'actid': 'FA42242', 'exch': 'BFO', 'tsym': 'SENSEX25O0182500CE', 'trantype': 'B', 'qty': '20', 'prc': '25.00', 'pcode': 'M', 'remarks': '', 'rejreason': ' ', 'status': 'PENDING', 'reporttype': 'PendingNew', 'prctyp': 'LMT', 'ret': 'DAY', 'exchordid': '', 'dscqty': '0'}
2025-09-26 12:51:09,632 - INFO - Account 2 - B PENDING PendingNew
2025-09-26 12:51:09,632 - INFO - Order status debug - status: 'PENDING', reporttype: 'PendingNew', trantype: 'B', price: '25.00'
2025-09-26 12:51:09,633 - INFO - Account 1 - B PENDING PendingNew
2025-09-26 12:51:09,633 - INFO - Order status debug - status: 'PENDING', reporttype: 'PendingNew', trantype: 'B', price: '25.00'
2025-09-26 12:51:09,639 - INFO - Account 2 order status updated to: PENDING
2025-09-26 12:51:09,640 - INFO - Account 1 order status updated to: PENDING
2025-09-26 12:51:09,640 - INFO - DEBUG - Account 2 status: 'PENDING' (type: <class 'str'>)
2025-09-26 12:51:09,641 - INFO - DEBUG - Account 1 status: 'PENDING' (type: <class 'str'>)
2025-09-26 12:51:09,647 - INFO - DEBUG - Current account can_order: 1
2025-09-26 12:51:09,652 - INFO - DEBUG - Current account can_order: 1
2025-09-26 12:51:09,654 - INFO - DEBUG - Transaction type: 'B'
2025-09-26 12:51:09,654 - INFO - DEBUG - Transaction type: 'B'
2025-09-26 12:51:09,655 - INFO - Order status updated for account 2: Buy Order PENDING @ 25.00
2025-09-26 12:51:09,656 - INFO - Order status updated for account 1: Buy Order PENDING @ 25.00
2025-09-26 12:51:09,657 - INFO - Order update for account 2: {'t': 'om', 'norenordno': '25092600347897', 'uid': 'FA32246', 'actid': 'FA32246', 'exch': 'BFO', 'tsym': 'SENSEX25O0182500CE', 'trantype': 'B', 'qty': '20', 'prc': '25.00', 'pcode': 'M', 'remarks': '', 'rejreason': ' ', 'status': 'OPEN', 'reporttype': 'New', 'prctyp': 'LMT', 'ret': 'DAY', 'exchordid': '1758870800231555451', 'dscqty': '0', 'exch_tm': '26-09-2025 12:51:10'}
2025-09-26 12:51:09,658 - INFO - Order update for account 1: {'t': 'om', 'norenordno': '25092600347896', 'uid': 'FA42242', 'actid': 'FA42242', 'exch': 'BFO', 'tsym': 'SENSEX25O0182500CE', 'trantype': 'B', 'qty': '20', 'prc': '25.00', 'pcode': 'M', 'remarks': '', 'rejreason': ' ', 'status': 'OPEN', 'reporttype': 'New', 'prctyp': 'LMT', 'ret': 'DAY', 'exchordid': '1758870800231555448', 'dscqty': '0', 'exch_tm': '26-09-2025 12:51:10'}
2025-09-26 12:51:09,663 - INFO - Account 2 - B OPEN New
2025-09-26 12:51:09,665 - INFO - Order status debug - status: 'OPEN', reporttype: 'New', trantype: 'B', price: '25.00'
2025-09-26 12:51:09,666 - INFO - Account 1 - B OPEN New
2025-09-26 12:51:09,668 - INFO - Order status debug - status: 'OPEN', reporttype: 'New', trantype: 'B', price: '25.00'
2025-09-26 12:51:09,671 - INFO - Account 2 order status updated to: OPEN
2025-09-26 12:51:09,674 - INFO - DEBUG - Account 2 status: 'OPEN' (type: <class 'str'>)
2025-09-26 12:51:09,674 - INFO - Account 1 order status updated to: OPEN
2025-09-26 12:51:09,678 - INFO - DEBUG - Current account can_order: 1
2025-09-26 12:51:09,679 - INFO - DEBUG - Account 1 status: 'OPEN' (type: <class 'str'>)
2025-09-26 12:51:09,679 - INFO - DEBUG - Transaction type: 'B'
2025-09-26 12:51:09,682 - INFO - DEBUG - Current account can_order: 1
2025-09-26 12:51:09,685 - INFO - Order status updated for account 2: Buy Order Open @ 25.00
2025-09-26 12:51:09,687 - INFO - DEBUG - Transaction type: 'B'
2025-09-26 12:51:09,690 - INFO - Order status updated for account 1: Buy Order Open @ 25.00
2025-09-26 12:52:25,287 - INFO - Modify buy orders clicked
2025-09-26 12:52:25,291 - INFO - Order states reset for modify operations
2025-09-26 12:52:25,293 - INFO - Modifying Master order: 25092600347896 to price: 23.0
2025-09-26 12:52:25,294 - INFO - Modifying Child order: 25092600347897 to price: 23.0
2025-09-26 12:52:25,938 - INFO - Successfully modified Master order: 25092600347896
2025-09-26 12:52:25,943 - INFO - Order update for account 1: {'t': 'om', 'norenordno': '25092600347896', 'uid': 'FA42242', 'actid': 'FA42242', 'exch': 'BFO', 'tsym': 'SENSEX25O0182500CE', 'trantype': 'B', 'qty': '20', 'prc': '23.00', 'pcode': 'M', 'remarks': '', 'rejreason': ' ', 'status': 'PENDING', 'reporttype': 'ModAck', 'prctyp': 'LMT', 'ret': 'DAY', 'exchordid': '1758870800231555448', 'dscqty': '0', 'exch_tm': '26-09-2025 12:51:10'}
2025-09-26 12:52:25,951 - INFO - Successfully modified Child order: 25092600347897
2025-09-26 12:52:25,954 - INFO - Account 1 - B PENDING ModAck
2025-09-26 12:52:25,954 - INFO - Order status debug - status: 'PENDING', reporttype: 'ModAck', trantype: 'B', price: '23.00'
2025-09-26 12:52:25,955 - INFO - Order update for account 2: {'t': 'om', 'norenordno': '25092600347897', 'uid': 'FA32246', 'actid': 'FA32246', 'exch': 'BFO', 'tsym': 'SENSEX25O0182500CE', 'trantype': 'B', 'qty': '20', 'prc': '23.00', 'pcode': 'M', 'remarks': '', 'rejreason': ' ', 'status': 'PENDING', 'reporttype': 'ModAck', 'prctyp': 'LMT', 'ret': 'DAY', 'exchordid': '1758870800231555451', 'dscqty': '0', 'exch_tm': '26-09-2025 12:51:10'}
2025-09-26 12:52:25,961 - INFO - Updated Master (ID: 1) order info: 25092600347896 SENSEX25O0182500CE 20@23.0
2025-09-26 12:52:25,967 - INFO - Updated Child (ID: 2) order info: 25092600347897 SENSEX25O0182500CE 20@23.0
2025-09-26 12:52:25,968 - INFO - Account 2 - B PENDING ModAck
2025-09-26 12:52:25,969 - INFO - Order status debug - status: 'PENDING', reporttype: 'ModAck', trantype: 'B', price: '23.00'
2025-09-26 12:52:25,969 - INFO - Master buy order modified successfully
2025-09-26 12:52:25,971 - INFO - Child buy order modified successfully
2025-09-26 12:52:25,976 - INFO - SL/Target adjusted for new buy price - SL: 20.0, Target: 63.0 (Buy: 23.0)
2025-09-26 12:52:25,978 - INFO - Account 1 order status updated to: PENDING
2025-09-26 12:52:25,979 - INFO - Account 2 order status updated to: PENDING
2025-09-26 12:52:25,980 - INFO - DEBUG - Account 1 status: 'PENDING' (type: <class 'str'>)
2025-09-26 12:52:25,982 - INFO - DEBUG - Account 2 status: 'PENDING' (type: <class 'str'>)
2025-09-26 12:52:25,991 - INFO - DEBUG - Current account can_order: 1
2025-09-26 12:52:25,995 - INFO - DEBUG - Current account can_order: 1
2025-09-26 12:52:25,996 - INFO - DEBUG - Transaction type: 'B'
2025-09-26 12:52:25,997 - INFO - DEBUG - Transaction type: 'B'
2025-09-26 12:52:25,998 - INFO - Order status updated for account 1: Buy Order PENDING @ 23.00
2025-09-26 12:52:25,999 - INFO - Order status updated for account 2: Buy Order PENDING @ 23.00
2025-09-26 12:52:26,001 - INFO - Order update for account 2: {'t': 'om', 'norenordno': '25092600347897', 'uid': 'FA32246', 'actid': 'FA32246', 'exch': 'BFO', 'tsym': 'SENSEX25O0182500CE', 'trantype': 'B', 'qty': '20', 'prc': '23.00', 'pcode': 'M', 'remarks': '', 'rejreason': ' ', 'status': 'PENDING', 'reporttype': 'PendingReplace', 'prctyp': 'LMT', 'ret': 'DAY', 'exchordid': '1758870800231555451', 'dscqty': '0', 'exch_tm': '26-09-2025 12:51:10'}
2025-09-26 12:52:26,003 - INFO - Order update for account 1: {'t': 'om', 'norenordno': '25092600347896', 'uid': 'FA42242', 'actid': 'FA42242', 'exch': 'BFO', 'tsym': 'SENSEX25O0182500CE', 'trantype': 'B', 'qty': '20', 'prc': '23.00', 'pcode': 'M', 'remarks': '', 'rejreason': ' ', 'status': 'PENDING', 'reporttype': 'PendingReplace', 'prctyp': 'LMT', 'ret': 'DAY', 'exchordid': '1758870800231555448', 'dscqty': '0', 'exch_tm': '26-09-2025 12:51:10'}
2025-09-26 12:52:26,005 - INFO - Account 2 - B PENDING PendingReplace
2025-09-26 12:52:26,005 - INFO - Order status debug - status: 'PENDING', reporttype: 'PendingReplace', trantype: 'B', price: '23.00'
2025-09-26 12:52:26,009 - INFO - Account 1 - B PENDING PendingReplace
2025-09-26 12:52:26,011 - INFO - Order status debug - status: 'PENDING', reporttype: 'PendingReplace', trantype: 'B', price: '23.00'
2025-09-26 12:52:26,013 - INFO - Account 2 order status updated to: PENDING
2025-09-26 12:52:26,014 - INFO - Account 1 order status updated to: PENDING
2025-09-26 12:52:26,014 - INFO - DEBUG - Account 2 status: 'PENDING' (type: <class 'str'>)
2025-09-26 12:52:26,015 - INFO - DEBUG - Account 1 status: 'PENDING' (type: <class 'str'>)
2025-09-26 12:52:26,019 - INFO - DEBUG - Current account can_order: 1
2025-09-26 12:52:26,021 - INFO - DEBUG - Current account can_order: 1
2025-09-26 12:52:26,021 - INFO - DEBUG - Transaction type: 'B'
2025-09-26 12:52:26,023 - INFO - DEBUG - Transaction type: 'B'
2025-09-26 12:52:26,024 - INFO - Order status updated for account 2: Buy Order PENDING @ 23.00
2025-09-26 12:52:26,025 - INFO - Order status updated for account 1: Buy Order PENDING @ 23.00
2025-09-26 12:52:26,027 - INFO - Order update for account 2: {'t': 'om', 'norenordno': '25092600347897', 'uid': 'FA32246', 'actid': 'FA32246', 'exch': 'BFO', 'tsym': 'SENSEX25O0182500CE', 'trantype': 'B', 'qty': '20', 'prc': '23.00', 'pcode': 'M', 'remarks': '', 'rejreason': ' ', 'status': 'OPEN', 'reporttype': 'Replaced', 'prctyp': 'LMT', 'ret': 'DAY', 'exchordid': '1758870800231555451', 'dscqty': '0', 'exch_tm': '26-09-2025 12:52:26'}
2025-09-26 12:52:26,030 - INFO - Order update for account 1: {'t': 'om', 'norenordno': '25092600347896', 'uid': 'FA42242', 'actid': 'FA42242', 'exch': 'BFO', 'tsym': 'SENSEX25O0182500CE', 'trantype': 'B', 'qty': '20', 'prc': '23.00', 'pcode': 'M', 'remarks': '', 'rejreason': ' ', 'status': 'OPEN', 'reporttype': 'Replaced', 'prctyp': 'LMT', 'ret': 'DAY', 'exchordid': '1758870800231555448', 'dscqty': '0', 'exch_tm': '26-09-2025 12:52:26'}
2025-09-26 12:52:26,031 - INFO - Account 2 - B OPEN Replaced
2025-09-26 12:52:26,031 - INFO - Order status debug - status: 'OPEN', reporttype: 'Replaced', trantype: 'B', price: '23.00'
2025-09-26 12:52:26,031 - INFO - Account 1 - B OPEN Replaced
2025-09-26 12:52:26,031 - INFO - Order status debug - status: 'OPEN', reporttype: 'Replaced', trantype: 'B', price: '23.00'
2025-09-26 12:52:26,032 - INFO - Account 2 order status updated to: OPEN
2025-09-26 12:52:26,032 - INFO - DEBUG - Account 2 status: 'OPEN' (type: <class 'str'>)
2025-09-26 12:52:26,035 - INFO - DEBUG - Current account can_order: 1
2025-09-26 12:52:26,036 - INFO - Account 1 order status updated to: OPEN
2025-09-26 12:52:26,036 - INFO - DEBUG - Transaction type: 'B'
2025-09-26 12:52:26,036 - INFO - DEBUG - Account 1 status: 'OPEN' (type: <class 'str'>)
2025-09-26 12:52:26,037 - INFO - Order status updated for account 2: Buy Order OPEN @ 23.00
2025-09-26 12:52:26,040 - INFO - DEBUG - Current account can_order: 1
2025-09-26 12:52:26,043 - INFO - DEBUG - Transaction type: 'B'
2025-09-26 12:52:26,044 - INFO - Order status updated for account 1: Buy Order OPEN @ 23.00
2025-09-26 12:57:22,609 - INFO - Release buttons clicked - resetting system for new orders
2025-09-26 12:57:22,610 - INFO - Login status check - Master: True, Child: True
2025-09-26 12:57:22,615 - INFO - Updated Master (ID: 1) login_status to '1': Master account logged in
2025-09-26 12:57:22,622 - INFO - Updated Master (ID: 1) can_order to '1': Master account reset after trading block
2025-09-26 12:57:22,623 - INFO - Master account reset to ready (was logged in)
2025-09-26 12:57:22,635 - INFO - Updated Child (ID: 2) login_status to '1': Child account logged in
2025-09-26 12:57:22,650 - INFO - Updated Child (ID: 2) can_order to '1': Child account reset after trading block
2025-09-26 12:57:22,650 - INFO - Child account reset to ready (was logged in)
2025-09-26 12:57:22,651 - INFO - Trading blocks reset while preserving login status
2025-09-26 12:57:22,656 - INFO - RESET POSITION DATA - Master (ID: 1) - position data cleared
2025-09-26 12:57:22,681 - INFO - Cleared exit order info for Master (ID: 1)
2025-09-26 12:57:22,683 - INFO - Position data and exit order info cleared for Master account
2025-09-26 12:57:22,689 - INFO - RESET POSITION DATA - Child (ID: 2) - position data cleared
2025-09-26 12:57:22,709 - INFO - Cleared exit order info for Child (ID: 2)
2025-09-26 12:57:22,727 - INFO - Position data and exit order info cleared for Child account
2025-09-26 12:57:22,734 - INFO - BUY button and Price box re-enabled for new orders - auto-fill re-enabled
2025-09-26 12:57:22,735 - INFO - Trailing monitoring stopped
2025-09-26 12:57:22,736 - INFO - Trailing controls reset to initial state
2025-09-26 12:57:22,737 - INFO - SL/Target controls reset to initial state
2025-09-26 12:57:22,737 - INFO - Enabling selection row components
2025-09-26 12:57:22,738 - INFO - Selection row components enabled
2025-09-26 12:57:22,745 - INFO - Management buttons disabled until new orders are placed
2025-09-26 12:57:22,752 - INFO - Order status displays updated with client names
2025-09-26 12:57:22,752 - INFO - Monitoring stopped and timers cleared
2025-09-26 12:57:22,752 - INFO - Enabling selection row components
2025-09-26 12:57:22,752 - INFO - Selection row components enabled
2025-09-26 12:57:22,754 - INFO - System released - ready for new orders
2025-09-26 12:57:29,354 - INFO - Buy price box cleared for new symbol selection - auto-fill re-enabled
2025-09-26 12:57:29,355 - INFO - Generated trading symbol: SENSEX25O018250CE
2025-09-26 12:57:29,355 - INFO - Trading symbol stored: SENSEX25O018250CE
2025-09-26 12:57:29,356 - INFO - Getting token for trading symbol: SENSEX25O018250CE
2025-09-26 12:57:29,359 - ERROR - No token found for SENSEX25O018250CE
2025-09-26 12:57:29,383 - INFO - Available SENSEX symbols (first 10): ['SENSEX26SEP86000PE' 'SENSEX26SEP85000PE' 'SENSEX26SEP84000PE'
 'SENSEX26SEP83000PE' 'SENSEX26SEP82000PE' 'SENSEX26SEP81000PE'
 'SENSEX26SEP80000PE' 'SENSEX26SEP79000PE' 'SENSEX26SEP78000PE'
 'SENSEX26SEP77000PE']
2025-09-26 12:57:29,384 - ERROR - Error in fallback conversion: time data 'O01' does not match format '%b'
2025-09-26 12:57:29,386 - WARNING - Could not fetch price for SENSEX25O018250CE
2025-09-26 12:57:29,387 - INFO - Strike selected: 8250, trading symbol: SENSEX25O018250CE
2025-09-26 12:57:29,809 - INFO - Buy price box cleared for new symbol selection - auto-fill re-enabled
2025-09-26 12:57:29,810 - INFO - Generated trading symbol: SENSEX25O01825CE
2025-09-26 12:57:29,810 - INFO - Trading symbol stored: SENSEX25O01825CE
2025-09-26 12:57:29,811 - INFO - Getting token for trading symbol: SENSEX25O01825CE
2025-09-26 12:57:29,816 - ERROR - No token found for SENSEX25O01825CE
2025-09-26 12:57:29,849 - INFO - Available SENSEX symbols (first 10): ['SENSEX26SEP86000PE' 'SENSEX26SEP85000PE' 'SENSEX26SEP84000PE'
 'SENSEX26SEP83000PE' 'SENSEX26SEP82000PE' 'SENSEX26SEP81000PE'
 'SENSEX26SEP80000PE' 'SENSEX26SEP79000PE' 'SENSEX26SEP78000PE'
 'SENSEX26SEP77000PE']
2025-09-26 12:57:29,850 - ERROR - Error in fallback conversion: time data 'O01' does not match format '%b'
2025-09-26 12:57:29,852 - WARNING - Could not fetch price for SENSEX25O01825CE
2025-09-26 12:57:29,852 - INFO - Strike selected: 825, trading symbol: SENSEX25O01825CE
2025-09-26 12:57:30,523 - INFO - Buy price box cleared for new symbol selection - auto-fill re-enabled
2025-09-26 12:57:30,524 - INFO - Generated trading symbol: SENSEX25O0182CE
2025-09-26 12:57:30,524 - INFO - Trading symbol stored: SENSEX25O0182CE
2025-09-26 12:57:30,524 - INFO - Getting token for trading symbol: SENSEX25O0182CE
2025-09-26 12:57:30,530 - ERROR - No token found for SENSEX25O0182CE
2025-09-26 12:57:30,571 - INFO - Available SENSEX symbols (first 10): ['SENSEX26SEP86000PE' 'SENSEX26SEP85000PE' 'SENSEX26SEP84000PE'
 'SENSEX26SEP83000PE' 'SENSEX26SEP82000PE' 'SENSEX26SEP81000PE'
 'SENSEX26SEP80000PE' 'SENSEX26SEP79000PE' 'SENSEX26SEP78000PE'
 'SENSEX26SEP77000PE']
2025-09-26 12:57:30,572 - ERROR - Error in fallback conversion: time data 'O01' does not match format '%b'
2025-09-26 12:57:30,572 - WARNING - Could not fetch price for SENSEX25O0182CE
2025-09-26 12:57:30,573 - INFO - Strike selected: 82, trading symbol: SENSEX25O0182CE
2025-09-26 12:57:31,492 - INFO - Buy price box cleared for new symbol selection - auto-fill re-enabled
2025-09-26 12:57:31,493 - INFO - Generated trading symbol: SENSEX25O018CE
2025-09-26 12:57:31,494 - INFO - Trading symbol stored: SENSEX25O018CE
2025-09-26 12:57:31,494 - INFO - Getting token for trading symbol: SENSEX25O018CE
2025-09-26 12:57:31,497 - ERROR - No token found for SENSEX25O018CE
2025-09-26 12:57:31,523 - INFO - Available SENSEX symbols (first 10): ['SENSEX26SEP86000PE' 'SENSEX26SEP85000PE' 'SENSEX26SEP84000PE'
 'SENSEX26SEP83000PE' 'SENSEX26SEP82000PE' 'SENSEX26SEP81000PE'
 'SENSEX26SEP80000PE' 'SENSEX26SEP79000PE' 'SENSEX26SEP78000PE'
 'SENSEX26SEP77000PE']
2025-09-26 12:57:31,524 - ERROR - Error in fallback conversion: invalid literal for int() with base 10: '8C'
2025-09-26 12:57:31,524 - WARNING - Could not fetch price for SENSEX25O018CE
2025-09-26 12:57:31,524 - INFO - Strike selected: 8, trading symbol: SENSEX25O018CE
2025-09-26 12:57:31,681 - INFO - Initial buy price set: 31.90
2025-09-26 12:57:32,684 - INFO - Buy price field value changed to empty - auto-fill disabled
2025-09-26 12:57:32,685 - INFO - Buy price box cleared for new symbol selection - auto-fill re-enabled
2025-09-26 12:57:32,685 - INFO - Generated trading symbol: SENSEX25O0182CE
2025-09-26 12:57:32,685 - INFO - Trading symbol stored: SENSEX25O0182CE
2025-09-26 12:57:32,685 - INFO - Getting token for trading symbol: SENSEX25O0182CE
2025-09-26 12:57:32,688 - ERROR - No token found for SENSEX25O0182CE
2025-09-26 12:57:32,704 - INFO - Available SENSEX symbols (first 10): ['SENSEX26SEP86000PE' 'SENSEX26SEP85000PE' 'SENSEX26SEP84000PE'
 'SENSEX26SEP83000PE' 'SENSEX26SEP82000PE' 'SENSEX26SEP81000PE'
 'SENSEX26SEP80000PE' 'SENSEX26SEP79000PE' 'SENSEX26SEP78000PE'
 'SENSEX26SEP77000PE']
2025-09-26 12:57:32,705 - ERROR - Error in fallback conversion: time data 'O01' does not match format '%b'
2025-09-26 12:57:32,705 - WARNING - Could not fetch price for SENSEX25O0182CE
2025-09-26 12:57:32,705 - INFO - Strike selected: 82, trading symbol: SENSEX25O0182CE
2025-09-26 12:57:32,745 - INFO - Initial buy price set: 32.10
2025-09-26 12:57:32,998 - INFO - Buy price field value changed to empty - auto-fill disabled
2025-09-26 12:57:32,999 - INFO - Buy price box cleared for new symbol selection - auto-fill re-enabled
2025-09-26 12:57:32,999 - INFO - Generated trading symbol: SENSEX25O01820CE
2025-09-26 12:57:32,999 - INFO - Trading symbol stored: SENSEX25O01820CE
2025-09-26 12:57:32,999 - INFO - Getting token for trading symbol: SENSEX25O01820CE
2025-09-26 12:57:33,002 - ERROR - No token found for SENSEX25O01820CE
2025-09-26 12:57:33,017 - INFO - Available SENSEX symbols (first 10): ['SENSEX26SEP86000PE' 'SENSEX26SEP85000PE' 'SENSEX26SEP84000PE'
 'SENSEX26SEP83000PE' 'SENSEX26SEP82000PE' 'SENSEX26SEP81000PE'
 'SENSEX26SEP80000PE' 'SENSEX26SEP79000PE' 'SENSEX26SEP78000PE'
 'SENSEX26SEP77000PE']
2025-09-26 12:57:33,017 - ERROR - Error in fallback conversion: time data 'O01' does not match format '%b'
2025-09-26 12:57:33,017 - WARNING - Could not fetch price for SENSEX25O01820CE
2025-09-26 12:57:33,018 - INFO - Strike selected: 820, trading symbol: SENSEX25O01820CE
2025-09-26 12:57:33,178 - INFO - Buy price box cleared for new symbol selection - auto-fill re-enabled
2025-09-26 12:57:33,178 - INFO - Generated trading symbol: SENSEX25O018200CE
2025-09-26 12:57:33,178 - INFO - Trading symbol stored: SENSEX25O018200CE
2025-09-26 12:57:33,179 - INFO - Getting token for trading symbol: SENSEX25O018200CE
2025-09-26 12:57:33,180 - ERROR - No token found for SENSEX25O018200CE
2025-09-26 12:57:33,196 - INFO - Available SENSEX symbols (first 10): ['SENSEX26SEP86000PE' 'SENSEX26SEP85000PE' 'SENSEX26SEP84000PE'
 'SENSEX26SEP83000PE' 'SENSEX26SEP82000PE' 'SENSEX26SEP81000PE'
 'SENSEX26SEP80000PE' 'SENSEX26SEP79000PE' 'SENSEX26SEP78000PE'
 'SENSEX26SEP77000PE']
2025-09-26 12:57:33,197 - ERROR - Error in fallback conversion: time data 'O01' does not match format '%b'
2025-09-26 12:57:33,197 - WARNING - Could not fetch price for SENSEX25O018200CE
2025-09-26 12:57:33,197 - INFO - Strike selected: 8200, trading symbol: SENSEX25O018200CE
2025-09-26 12:57:33,359 - INFO - Buy price box cleared for new symbol selection - auto-fill re-enabled
2025-09-26 12:57:33,360 - INFO - Generated trading symbol: SENSEX25O0182000CE
2025-09-26 12:57:33,360 - INFO - Trading symbol stored: SENSEX25O0182000CE
2025-09-26 12:57:33,361 - INFO - Getting token for trading symbol: SENSEX25O0182000CE
2025-09-26 12:57:33,364 - INFO - Found token for SENSEX25O0182000CE: 865469
2025-09-26 12:57:33,917 - INFO - Fetched price for SENSEX25O0182000CE: 65.45
2025-09-26 12:57:33,918 - INFO - Getting token for trading symbol: SENSEX25O0182000CE
2025-09-26 12:57:33,922 - INFO - Found token for SENSEX25O0182000CE: 865469
2025-09-26 12:57:33,923 - INFO - Unsubscribed from previous: BFO|865399
2025-09-26 12:57:33,923 - INFO - Subscribed to live price feed via master account: BFO|865469
2025-09-26 12:57:33,924 - INFO - Auto-subscribed to SENSEX25O0182000CE at price 65.45
2025-09-26 12:57:33,924 - INFO - Strike selected: 82000, trading symbol: SENSEX25O0182000CE
2025-09-26 12:57:33,966 - INFO - Initial buy price set: 65.45
2025-09-26 12:58:01,131 - INFO - Order update for account 1: {'t': 'om', 'norenordno': '25092600347896', 'uid': 'FA42242', 'actid': 'FA42242', 'exch': 'BFO', 'tsym': 'SENSEX25O0182500CE', 'trantype': 'B', 'qty': '20', 'prc': '23.00', 'pcode': 'M', 'remarks': '', 'status': 'PENDING', 'reporttype': 'PendingCancel', 'prctyp': 'LMT', 'ret': 'DAY', 'exchordid': '1758870800231555448', 'dscqty': '0', 'exch_tm': '26-09-2025 12:52:26'}
2025-09-26 12:58:01,134 - INFO - Account 1 - B PENDING PendingCancel
2025-09-26 12:58:01,135 - INFO - Order status debug - status: 'PENDING', reporttype: 'PendingCancel', trantype: 'B', price: '23.00'
2025-09-26 12:58:01,136 - INFO - Account 1 order status updated to: PENDING
2025-09-26 12:58:01,137 - INFO - DEBUG - Account 1 status: 'PENDING' (type: <class 'str'>)
2025-09-26 12:58:01,140 - INFO - DEBUG - Current account can_order: 1
2025-09-26 12:58:01,141 - INFO - DEBUG - Transaction type: 'B'
2025-09-26 12:58:01,141 - INFO - Order status updated for account 1: Buy Order PENDING @ 23.00
2025-09-26 12:58:01,143 - INFO - Order update for account 1: {'t': 'om', 'norenordno': '25092600347896', 'uid': 'FA42242', 'actid': 'FA42242', 'exch': 'BFO', 'tsym': 'SENSEX25O0182500CE', 'trantype': 'B', 'qty': '20', 'prc': '23.00', 'pcode': 'M', 'remarks': '', 'rejreason': 'Order Cancelled', 'status': 'CANCELED', 'reporttype': 'Canceled', 'prctyp': 'LMT', 'ret': 'DAY', 'exchordid': '1758870800231555448', 'cancelqty': '20', 'dscqty': '0', 'exch_tm': '26-09-2025 12:58:01'}
2025-09-26 12:58:01,144 - INFO - Account 1 - B CANCELED Canceled
2025-09-26 12:58:01,144 - INFO - Order status debug - status: 'CANCELED', reporttype: 'Canceled', trantype: 'B', price: '23.00'
2025-09-26 12:58:01,147 - INFO - Order status updated for account 1: Buy Order CANCELED @ 23.00
2025-09-26 12:58:05,578 - INFO - Order update for account 2: {'t': 'om', 'norenordno': '25092600347897', 'uid': 'FA32246', 'actid': 'FA32246', 'exch': 'BFO', 'tsym': 'SENSEX25O0182500CE', 'trantype': 'B', 'qty': '20', 'prc': '23.00', 'pcode': 'M', 'remarks': '', 'status': 'PENDING', 'reporttype': 'PendingCancel', 'prctyp': 'LMT', 'ret': 'DAY', 'exchordid': '1758870800231555451', 'dscqty': '0', 'exch_tm': '26-09-2025 12:52:26'}
2025-09-26 12:58:05,580 - INFO - Account 2 - B PENDING PendingCancel
2025-09-26 12:58:05,581 - INFO - Order status debug - status: 'PENDING', reporttype: 'PendingCancel', trantype: 'B', price: '23.00'
2025-09-26 12:58:05,582 - INFO - Account 2 order status updated to: PENDING
2025-09-26 12:58:05,583 - INFO - DEBUG - Account 2 status: 'PENDING' (type: <class 'str'>)
2025-09-26 12:58:05,585 - INFO - DEBUG - Current account can_order: 1
2025-09-26 12:58:05,585 - INFO - DEBUG - Transaction type: 'B'
2025-09-26 12:58:05,586 - INFO - Order status updated for account 2: Buy Order PENDING @ 23.00
2025-09-26 12:58:05,586 - INFO - Order update for account 2: {'t': 'om', 'norenordno': '25092600347897', 'uid': 'FA32246', 'actid': 'FA32246', 'exch': 'BFO', 'tsym': 'SENSEX25O0182500CE', 'trantype': 'B', 'qty': '20', 'prc': '23.00', 'pcode': 'M', 'remarks': '', 'rejreason': 'Order Cancelled', 'status': 'CANCELED', 'reporttype': 'Canceled', 'prctyp': 'LMT', 'ret': 'DAY', 'exchordid': '1758870800231555451', 'cancelqty': '20', 'dscqty': '0', 'exch_tm': '26-09-2025 12:58:06'}
2025-09-26 12:58:05,587 - INFO - Account 2 - B CANCELED Canceled
2025-09-26 12:58:05,587 - INFO - Order status debug - status: 'CANCELED', reporttype: 'Canceled', trantype: 'B', price: '23.00'
2025-09-26 12:58:05,589 - INFO - Order status updated for account 2: Buy Order CANCELED @ 23.00
2025-09-26 13:02:22,686 - INFO - Application closing - cleaning up resources
2025-09-26 13:02:22,725 - INFO - WebSocket connection monitoring stopped
2025-09-26 13:02:27,985 - INFO - Loaded account states from account_state.csv
2025-09-26 13:02:27,989 - INFO - Loaded configuration from configuration.csv
2025-09-26 13:02:27,989 - INFO - Resetting account states to initial state on startup...
2025-09-26 13:02:27,998 - INFO - Updated Master (ID: 1) login_status to '0': Program startup - master not logged in
2025-09-26 13:02:28,006 - INFO - Updated Master (ID: 1) can_order to '0': Program startup - master cannot place orders
2025-09-26 13:02:28,013 - INFO - Updated Child (ID: 2) login_status to '0': Program startup - child not logged in
2025-09-26 13:02:28,020 - INFO - Updated Child (ID: 2) can_order to '0': Program startup - child cannot place orders
2025-09-26 13:02:28,027 - INFO - RESET POSITION DATA - Master (ID: 1) - position data cleared
2025-09-26 13:02:28,034 - INFO - RESET POSITION DATA - Child (ID: 2) - position data cleared
2025-09-26 13:02:28,054 - INFO - Cleared exit order info for Master (ID: 1)
2025-09-26 13:02:28,060 - INFO - Cleared exit order info for Child (ID: 2)
2025-09-26 13:02:28,060 - INFO - Enabling selection row components
2025-09-26 13:02:28,060 - ERROR - Error enabling selection row: 'MainWindow' object has no attribute 'index_dropdown'
2025-09-26 13:02:28,061 - INFO - Position data and exit order info cleared on startup for both accounts
2025-09-26 13:02:28,061 - INFO - Account states reset to initial state
2025-09-26 13:02:28,062 - INFO - Loaded cached index prices from today
2025-09-26 13:02:28,064 - INFO - All expiry dates are valid
2025-09-26 13:02:28,064 - INFO - Loaded cached expiry dates from today
2025-09-26 13:02:28,347 - INFO - WebSocket connection monitoring started
2025-09-26 13:02:28,347 - INFO - SL/Target configuration loaded - SL: 3 points, Target: 40 points
2025-09-26 13:02:28,347 - INFO - Calculated differences - SL: -3, Target: 40
2025-09-26 13:02:28,421 - INFO - Checking master files...
2025-09-26 13:02:28,421 - INFO - All master files are current
2025-09-26 13:02:28,421 - INFO - [SUCCESS] Master files are up to date
2025-09-26 13:02:28,423 - INFO - Attempting auto-login for master account...
2025-09-26 13:02:28,424 - INFO - Starting Master-Child Trading GUI - Original UI Layout
2025-09-26 13:02:28,424 - INFO - Generated fresh 2FA for account 1: 484621
2025-09-26 13:02:28,424 - INFO - Attempting login for account 1 with userid: FA42242
2025-09-26 13:02:29,264 - INFO - Login response for account 1: {'request_time': '13:02:29 26-09-2025', 'actid': 'FA42242', 'access_type': ['MOB', 'TT', 'WEB', 'API'], 'uname': 'KRATIK YADAV', 'prarr': [{'prd': 'C', 's_prdt_ali': 'CNC', 'exch': ['NSE', 'BSE', 'NIPO', 'BSTAR']}, {'prd': 'M', 's_prdt_ali': 'NRML', 'exch': ['NFO', 'BFO', 'CDS', 'BCD']}, {'prd': 'I', 's_prdt_ali': 'MIS', 'exch': ['NSE', 'BSE', 'NFO', 'BFO', 'CDS', 'BCD']}, {'prd': 'H', 's_prdt_ali': 'CO', 'exch': ['NSE', 'NFO', 'CDS', 'BSE']}, {'prd': 'B', 's_prdt_ali': 'BO', 'exch': ['NSE', 'NFO', 'CDS', 'BSE']}], 'exch_prd': [{'exch': 'NSE', 'prds': ['C', 'I', 'H', 'B']}, {'exch': 'NFO', 'prds': ['M', 'I', 'H', 'B']}, {'exch': 'CDS', 'prds': ['M', 'I', 'H', 'B']}, {'exch': 'BSE', 'prds': ['C', 'I', 'H', 'B']}, {'exch': 'BCD', 'prds': ['M', 'I']}, {'exch': 'NIPO', 'prds': ['C']}, {'exch': 'BSTAR', 'prds': ['C']}, {'exch': 'BFO', 'prds': ['M', 'I']}], 'stat': 'Ok', 'susertoken': '6d7325dccc38dfad1ccfcdf2a839140ffbeedfa76659ba3612aaea35b93b3bbb', 'susertokenspl': '7b89d03cf02467b43e4dd7c43bb9c8444e7839910ef5b4dbed9b512b900859ae', 'email': 'kratikiafk@gmail.com', 'uid': 'FA42242', 'brnchid': 'HO', 'totp_set': '1', 'm_num': '6265650705', 'orarr': ['MKT', 'LMT', 'SL-LMT', 'SL-MKT'], 'exarr': ['NSE', 'NFO', 'CDS', 'BSE', 'BCD', 'NIPO', 'BSTAR', 'BFO'], 'values': ['4', '3', '2'], 'mws': {'4': [{'exch': 'NFO', 'token': '68495', 'tsym': 'BANKINDIA28OCT25P105', 'cname': 'BANKINDIA OCT 105 PE ', 'dname': 'BANKINDIA OCT 105 PE ', 'instname': 'OPTSTK', 'pp': '2', 'ls': '5200', 'ti': '0.05', 'optt': 'PE'}, {'exch': 'NFO', 'token': '68471', 'tsym': 'BANKINDIA30SEP25P142.5', 'cname': 'BANKINDIA SEP 142.50 PE ', 'dname': 'BANKINDIA SEP 142.50 PE ', 'instname': 'OPTSTK', 'pp': '2', 'ls': '5200', 'ti': '0.05', 'optt': 'PE'}], '3': [], '2': [{'exch': 'NSE', 'token': '2088', 'tsym': 'MAHSEAMLES-EQ', 'cname': 'MAHARASHTRA SEAMLESS LTD', 'instname': 'EQ', 'pp': '2', 'ls': '1', 'ti': '0.05'}, {'exch': 'NSE', 'token': '23402', 'tsym': 'SRM-EQ', 'cname': 'SRM CONTRACTORS LIMITED', 'instname': 'EQ', 'pp': '2', 'ls': '1', 'ti': '0.05'}, {'exch': 'NSE', 'token': '18110', 'tsym': 'VASCONEQ-EQ', 'cname': 'VASCON ENGINEERS LTD', 'instname': 'EQ', 'pp': '2', 'ls': '1', 'ti': '0.01'}]}, 'brkname': 'FINV', 'dmsg': '', 'lastaccesstime': '1758871949', 'lastpwdtime': '1756959759'}
2025-09-26 13:02:29,264 - INFO - Login response type: <class 'dict'>
2025-09-26 13:02:29,269 - INFO - Login Successful!, Welcome KRATIK YADAV - Master ACCOUNT
2025-09-26 13:02:29,271 - INFO - Updated Master (ID: 1) login_status to '1': Master account auto-login successful
2025-09-26 13:02:29,277 - INFO - Updated Master (ID: 1) can_order to '1': Master account ready for orders
2025-09-26 13:02:29,277 - INFO - WebSocket connection established for account 1
2025-09-26 13:02:29,277 - INFO - Network connection restored for account 1
2025-09-26 13:02:29,277 - INFO - Refreshing market data...
2025-09-26 13:02:29,277 - INFO - Master account auto-login successful: KRATIK YADAV
2025-09-26 13:02:29,285 - INFO - Index prices are current, no refresh needed
2025-09-26 13:02:29,286 - INFO - Expiry dates are current, no refresh needed
2025-09-26 13:02:29,444 - INFO - Websocket connected
2025-09-26 13:02:29,484 - INFO - WebSocket is now open for Account 1
2025-09-26 13:02:30,956 - INFO - Position check completed - No open positions found
2025-09-26 13:02:31,556 - INFO - Attempting login for child account 2...
2025-09-26 13:02:31,556 - INFO - Login attempt 1/3 for child account 2
2025-09-26 13:02:31,558 - INFO - Generated fresh 2FA for account 2: 373563
2025-09-26 13:02:31,560 - INFO - Attempting login for account 2 with userid: FA32246
2025-09-26 13:02:32,239 - INFO - Login response for account 2: {'request_time': '13:02:32 26-09-2025', 'actid': 'FA32246', 'access_type': ['MOB', 'TT', 'WEB', 'API'], 'uname': 'ROOPAL SONI', 'prarr': [{'prd': 'C', 's_prdt_ali': 'CNC', 'exch': ['NSE', 'BSE', 'NIPO', 'BSTAR']}, {'prd': 'M', 's_prdt_ali': 'NRML', 'exch': ['NFO', 'BFO', 'CDS', 'BCD', 'MCX']}, {'prd': 'I', 's_prdt_ali': 'MIS', 'exch': ['NSE', 'BSE', 'NFO', 'BFO', 'CDS', 'BCD', 'MCX']}, {'prd': 'H', 's_prdt_ali': 'CO', 'exch': ['NSE', 'NFO', 'CDS', 'MCX', 'BSE']}, {'prd': 'B', 's_prdt_ali': 'BO', 'exch': ['NSE', 'NFO', 'CDS', 'MCX', 'BSE']}], 'exch_prd': [{'exch': 'NSE', 'prds': ['C', 'I', 'H', 'B']}, {'exch': 'NFO', 'prds': ['M', 'I', 'H', 'B']}, {'exch': 'CDS', 'prds': ['M', 'I', 'H', 'B']}, {'exch': 'BSE', 'prds': ['C', 'I', 'H', 'B']}, {'exch': 'BCD', 'prds': ['M', 'I']}, {'exch': 'MCX', 'prds': ['M', 'I', 'H', 'B']}, {'exch': 'NIPO', 'prds': ['C']}, {'exch': 'BSTAR', 'prds': ['C']}, {'exch': 'BFO', 'prds': ['M', 'I']}], 'stat': 'Ok', 'susertoken': '75a066518b1d0b7ffd9f00e2246c4bec0f143e1b623a4d2851c5feef24ebe9c7', 'susertokenspl': 'b2826d8602363bfa4d5f7353c21051addc7fd352d6c36f512792716e869f23f8', 'email': 'kratik.kunal@gmail.com', 'uid': 'FA32246', 'brnchid': 'HO', 'totp_set': '1', 'm_num': '9424018696', 'orarr': ['MKT', 'LMT', 'SL-LMT', 'SL-MKT'], 'exarr': ['NSE', 'NFO', 'CDS', 'BSE', 'BCD', 'MCX', 'NIPO', 'BSTAR', 'BFO'], 'values': ['l', 'calls', 'Puts'], 'mws': {'l': [], 'calls': [{'exch': 'NFO', 'token': '54979', 'tsym': 'ADANIGREEN28OCT25P1100', 'cname': 'ADANIGREEN OCT 1100 PE ', 'dname': 'ADANIGREEN OCT 1100 PE ', 'instname': 'OPTSTK', 'pp': '2', 'ls': '600', 'ti': '0.05', 'optt': 'PE'}, {'exch': 'NFO', 'token': '54957', 'tsym': 'ADANIGREEN28OCT25P660', 'cname': 'ADANIGREEN OCT 660 PE ', 'dname': 'ADANIGREEN OCT 660 PE ', 'instname': 'OPTSTK', 'pp': '2', 'ls': '600', 'ti': '0.05', 'optt': 'PE'}, {'exch': 'NFO', 'token': '54995', 'tsym': 'ADANIGREEN25NOV25P600', 'cname': 'ADANIGREEN NOV 600 PE ', 'dname': 'ADANIGREEN NOV 600 PE ', 'instname': 'OPTSTK', 'pp': '2', 'ls': '600', 'ti': '0.05', 'optt': 'PE'}, {'exch': 'NFO', 'token': '54991', 'tsym': 'BANKNIFTY30SEP25C55400', 'cname': 'BANKNIFTY 30SEP25 55400 CE ', 'dname': 'BANKNIFTY 30SEP25 55400 CE ', 'instname': 'OPTIDX', 'pp': '2', 'ls': '35', 'ti': '0.05', 'optt': 'CE'}, {'exch': 'NFO', 'token': '54983', 'tsym': 'ADANIGREEN28OCT25P1180', 'cname': 'ADANIGREEN OCT 1180 PE ', 'dname': 'ADANIGREEN OCT 1180 PE ', 'instname': 'OPTSTK', 'pp': '2', 'ls': '600', 'ti': '0.05', 'optt': 'PE'}, {'exch': 'NFO', 'token': '54965', 'tsym': 'ADANIGREEN28OCT25P820', 'cname': 'ADANIGREEN OCT 820 PE ', 'dname': 'ADANIGREEN OCT 820 PE ', 'instname': 'OPTSTK', 'pp': '2', 'ls': '600', 'ti': '0.05', 'optt': 'PE'}, {'exch': 'NFO', 'token': '54953', 'tsym': 'ADANIGREEN28OCT25P520', 'cname': 'ADANIGREEN OCT 520 PE ', 'dname': 'ADANIGREEN OCT 520 PE ', 'instname': 'OPTSTK', 'pp': '2', 'ls': '600', 'ti': '0.05', 'optt': 'PE'}], 'Puts': [{'exch': 'NFO', 'token': '60487', 'tsym': 'NIFTY30SEP25C25200', 'cname': 'NIFTY 30SEP25 25200 CE ', 'dname': 'NIFTY 30SEP25 25200 CE ', 'instname': 'OPTIDX', 'pp': '2', 'ls': '75', 'ti': '0.05', 'optt': 'CE'}, {'exch': 'NFO', 'token': '64694', 'tsym': 'NIFTY30SEP25C25000', 'cname': 'NIFTY 30SEP25 25000 CE ', 'dname': 'NIFTY 30SEP25 25000 CE ', 'instname': 'OPTIDX', 'pp': '2', 'ls': '75', 'ti': '0.05', 'optt': 'CE'}, {'exch': 'BSE', 'token': '1', 'tsym': 'SENSEX', 'cname': 'BSE SENSEX', 'instname': 'UNDIND', 'pp': '2', 'ls': '1', 'ti': '0.05', 'nontrd': '1'}, {'exch': 'NFO', 'token': '48898', 'tsym': 'MCX25NOV25F', 'cname': 'MCX NOV FUT', 'dname': 'MCX NOV FUT', 'instname': 'FUTSTK', 'pp': '2', 'ls': '125', 'ti': '0.50', 'optt': 'XX'}, {'exch': 'MCX', 'token': '456955', 'tsym': 'COPPER30SEP25', 'instname': 'FUTCOM', 'pp': '2', 'ls': '2500', 'ti': '0.05', 'optt': 'XX'}, {'exch': 'NSE', 'token': '4598', 'tsym': 'HERITGFOOD-EQ', 'cname': 'HERITAGE FOODS LTD', 'instname': 'EQ', 'pp': '2', 'ls': '1', 'ti': '0.05'}, {'exch': 'NSE', 'token': '2885', 'tsym': 'RELIANCE-EQ', 'cname': 'RELIANCE INDUSTRIES LTD', 'instname': 'EQ', 'pp': '2', 'ls': '1', 'ti': '0.10'}, {'exch': 'NSE', 'token': '31181', 'tsym': 'MCX-EQ', 'cname': 'MULTI COMMODITY EXCHANGE', 'instname': 'EQ', 'pp': '2', 'ls': '1', 'ti': '0.50'}, {'exch': 'NSE', 'token': '8003', 'tsym': 'SILVER-EQ', 'cname': 'BIRLASLAMC - SILVER', 'instname': 'EQ', 'pp': '2', 'ls': '1', 'ti': '0.01'}, {'exch': 'NSE', 'token': '26037', 'tsym': 'Nifty Fin Service', 'cname': 'FIN NIFTY', 'instname': 'UNDIND', 'pp': '2', 'ls': '1', 'ti': '0.05', 'nontrd': '1'}]}, 'brkname': 'FINV', 'dmsg': '', 'lastaccesstime': '1758871952', 'lastpwdtime': '1757444505'}
2025-09-26 13:02:32,239 - INFO - Login response type: <class 'dict'>
2025-09-26 13:02:32,239 - INFO - Login Successful!, Welcome ROOPAL SONI - Child2 ACCOUNT
2025-09-26 13:02:32,247 - INFO - Updated Child (ID: 2) login_status to '1': Child account 2 login successful
2025-09-26 13:02:32,257 - INFO - Updated Child (ID: 2) can_order to '1': Child account 2 ready for orders
2025-09-26 13:02:32,259 - INFO - WebSocket connection established for account 2
2025-09-26 13:02:32,261 - INFO - Network connection restored for account 2
2025-09-26 13:02:32,264 - INFO - Child account login successful: ROOPAL SONI
2025-09-26 13:02:32,459 - INFO - Websocket connected
2025-09-26 13:02:32,508 - INFO - WebSocket is now open for Account 2
2025-09-26 13:02:34,626 - INFO - Position check completed - No open positions found
2025-09-26 13:02:34,634 - INFO - Index selected: SENSEX
2025-09-26 13:02:34,637 - INFO - On option selected called - Function not implemented yet
2025-09-26 13:02:34,637 - INFO - Not all required fields selected for strike selection
2025-09-26 13:02:34,639 - INFO - Option and strike selections cleared for new index
2025-09-26 13:02:34,639 - INFO - On expiry selected called - Function not implemented yet
2025-09-26 13:02:34,641 - INFO - Strike dropdown populated with 15 strikes for SENSEX
2025-09-26 13:02:34,641 - INFO - Updated quantity dropdown for SENSEX: ['20', '40', '60', '80', '100', '120', '140', '160', '180', '200']
2025-09-26 13:02:36,710 - INFO - On option selected called - Function not implemented yet
2025-09-26 13:02:41,562 - INFO - Buy price box cleared for new symbol selection - auto-fill re-enabled
2025-09-26 13:02:41,563 - INFO - Generated trading symbol: SENSEX25O018CE
2025-09-26 13:02:41,563 - INFO - Trading symbol stored: SENSEX25O018CE
2025-09-26 13:02:41,565 - INFO - Getting token for trading symbol: SENSEX25O018CE
2025-09-26 13:02:41,569 - ERROR - No token found for SENSEX25O018CE
2025-09-26 13:02:41,596 - INFO - Available SENSEX symbols (first 10): ['SENSEX26SEP86000PE' 'SENSEX26SEP85000PE' 'SENSEX26SEP84000PE'
 'SENSEX26SEP83000PE' 'SENSEX26SEP82000PE' 'SENSEX26SEP81000PE'
 'SENSEX26SEP80000PE' 'SENSEX26SEP79000PE' 'SENSEX26SEP78000PE'
 'SENSEX26SEP77000PE']
2025-09-26 13:02:41,596 - ERROR - Error in fallback conversion: invalid literal for int() with base 10: '8C'
2025-09-26 13:02:41,604 - WARNING - Could not fetch price for SENSEX25O018CE
2025-09-26 13:02:41,604 - INFO - Strike selected: 8, trading symbol: SENSEX25O018CE
2025-09-26 13:02:41,770 - INFO - Buy price box cleared for new symbol selection - auto-fill re-enabled
2025-09-26 13:02:41,770 - INFO - Generated trading symbol: SENSEX25O0182CE
2025-09-26 13:02:41,770 - INFO - Trading symbol stored: SENSEX25O0182CE
2025-09-26 13:02:41,770 - INFO - Getting token for trading symbol: SENSEX25O0182CE
2025-09-26 13:02:41,770 - ERROR - No token found for SENSEX25O0182CE
2025-09-26 13:02:41,810 - INFO - Available SENSEX symbols (first 10): ['SENSEX26SEP86000PE' 'SENSEX26SEP85000PE' 'SENSEX26SEP84000PE'
 'SENSEX26SEP83000PE' 'SENSEX26SEP82000PE' 'SENSEX26SEP81000PE'
 'SENSEX26SEP80000PE' 'SENSEX26SEP79000PE' 'SENSEX26SEP78000PE'
 'SENSEX26SEP77000PE']
2025-09-26 13:02:41,810 - ERROR - Error in fallback conversion: time data 'O01' does not match format '%b'
2025-09-26 13:02:41,810 - WARNING - Could not fetch price for SENSEX25O0182CE
2025-09-26 13:02:41,810 - INFO - Strike selected: 82, trading symbol: SENSEX25O0182CE
2025-09-26 13:02:42,123 - INFO - Buy price box cleared for new symbol selection - auto-fill re-enabled
2025-09-26 13:02:42,125 - INFO - Generated trading symbol: SENSEX25O01820CE
2025-09-26 13:02:42,125 - INFO - Trading symbol stored: SENSEX25O01820CE
2025-09-26 13:02:42,125 - INFO - Getting token for trading symbol: SENSEX25O01820CE
2025-09-26 13:02:42,128 - ERROR - No token found for SENSEX25O01820CE
2025-09-26 13:02:42,182 - INFO - Available SENSEX symbols (first 10): ['SENSEX26SEP86000PE' 'SENSEX26SEP85000PE' 'SENSEX26SEP84000PE'
 'SENSEX26SEP83000PE' 'SENSEX26SEP82000PE' 'SENSEX26SEP81000PE'
 'SENSEX26SEP80000PE' 'SENSEX26SEP79000PE' 'SENSEX26SEP78000PE'
 'SENSEX26SEP77000PE']
2025-09-26 13:02:42,184 - ERROR - Error in fallback conversion: time data 'O01' does not match format '%b'
2025-09-26 13:02:42,184 - WARNING - Could not fetch price for SENSEX25O01820CE
2025-09-26 13:02:42,184 - INFO - Strike selected: 820, trading symbol: SENSEX25O01820CE
2025-09-26 13:02:42,299 - INFO - Buy price box cleared for new symbol selection - auto-fill re-enabled
2025-09-26 13:02:42,299 - INFO - Generated trading symbol: SENSEX25O018200CE
2025-09-26 13:02:42,299 - INFO - Trading symbol stored: SENSEX25O018200CE
2025-09-26 13:02:42,299 - INFO - Getting token for trading symbol: SENSEX25O018200CE
2025-09-26 13:02:42,309 - ERROR - No token found for SENSEX25O018200CE
2025-09-26 13:02:42,357 - INFO - Available SENSEX symbols (first 10): ['SENSEX26SEP86000PE' 'SENSEX26SEP85000PE' 'SENSEX26SEP84000PE'
 'SENSEX26SEP83000PE' 'SENSEX26SEP82000PE' 'SENSEX26SEP81000PE'
 'SENSEX26SEP80000PE' 'SENSEX26SEP79000PE' 'SENSEX26SEP78000PE'
 'SENSEX26SEP77000PE']
2025-09-26 13:02:42,357 - ERROR - Error in fallback conversion: time data 'O01' does not match format '%b'
2025-09-26 13:02:42,357 - WARNING - Could not fetch price for SENSEX25O018200CE
2025-09-26 13:02:42,357 - INFO - Strike selected: 8200, trading symbol: SENSEX25O018200CE
2025-09-26 13:02:42,489 - INFO - Buy price box cleared for new symbol selection - auto-fill re-enabled
2025-09-26 13:02:42,489 - INFO - Generated trading symbol: SENSEX25O0182000CE
2025-09-26 13:02:42,489 - INFO - Trading symbol stored: SENSEX25O0182000CE
2025-09-26 13:02:42,489 - INFO - Getting token for trading symbol: SENSEX25O0182000CE
2025-09-26 13:02:42,497 - INFO - Found token for SENSEX25O0182000CE: 865469
2025-09-26 13:02:43,164 - INFO - Fetched price for SENSEX25O0182000CE: 65.3
2025-09-26 13:02:43,165 - INFO - Getting token for trading symbol: SENSEX25O0182000CE
2025-09-26 13:02:43,174 - INFO - Found token for SENSEX25O0182000CE: 865469
2025-09-26 13:02:43,176 - INFO - Subscribed to live price feed via master account: BFO|865469
2025-09-26 13:02:43,178 - INFO - Auto-subscribed to SENSEX25O0182000CE at price 65.3
2025-09-26 13:02:43,178 - INFO - Strike selected: 82000, trading symbol: SENSEX25O0182000CE
2025-09-26 13:02:43,221 - INFO - Initial buy price set: 65.05
2025-09-26 13:02:45,058 - INFO - User focused on price box - current value: '65.05'
2025-09-26 13:02:46,669 - INFO - Buy price field value changed to empty - auto-fill disabled
2025-09-26 13:02:50,902 - INFO - Placing buy orders for SENSEX25O0182000CE @ 30.0 master_qty 20
2025-09-26 13:02:50,911 - INFO - Account 1 is active for order placement
2025-09-26 13:02:50,911 - INFO - Account 2 is active for order placement
2025-09-26 13:02:50,911 - INFO - Disabling selection row components
2025-09-26 13:02:50,911 - INFO - Selection row components disabled
2025-09-26 13:02:50,911 - INFO - Master account quantity: 20
2025-09-26 13:02:50,919 - INFO - Placing order for account 1: {'buy_or_sell': 'B', 'product_type': 'M', 'exchange': 'BFO', 'tradingsymbol': 'SENSEX25O0182000CE', 'quantity': 20, 'discloseqty': 0, 'price_type': 'LMT', 'price': 30.0, 'trigger_price': None, 'retention': 'DAY', 'amo': 'NO', 'remarks': None}
2025-09-26 13:02:50,919 - INFO - Child lots set to minimum for SENSEX: 20
2025-09-26 13:02:50,919 - INFO - Child account quantity: 20 (master: 20, index: SENSEX)
2025-09-26 13:02:50,919 - INFO - Placing order for account 2: {'buy_or_sell': 'B', 'product_type': 'M', 'exchange': 'BFO', 'tradingsymbol': 'SENSEX25O0182000CE', 'quantity': 20, 'discloseqty': 0, 'price_type': 'LMT', 'price': 30.0, 'trigger_price': None, 'retention': 'DAY', 'amo': 'NO', 'remarks': None}
2025-09-26 13:02:51,763 - INFO - Order update for account 1: {'t': 'om', 'norenordno': '25092600356730', 'uid': 'FA42242', 'actid': 'FA42242', 'exch': 'BFO', 'tsym': 'SENSEX25O0182000CE', 'trantype': 'B', 'qty': '20', 'prc': '30.00', 'pcode': 'M', 'remarks': '', 'rejreason': ' ', 'status': 'PENDING', 'reporttype': 'NewAck', 'prctyp': 'LMT', 'ret': 'DAY', 'exchordid': '', 'dscqty': '0'}
2025-09-26 13:02:51,765 - INFO - Account 1 - B PENDING NewAck
2025-09-26 13:02:51,765 - INFO - Order status debug - status: 'PENDING', reporttype: 'NewAck', trantype: 'B', price: '30.00'
2025-09-26 13:02:51,769 - INFO - Updated Master (ID: 1) order info: 25092600356730 SENSEX25O0182000CE 20@30.0
2025-09-26 13:02:51,771 - INFO - Order placed successfully for account 1: 25092600356730
2025-09-26 13:02:51,776 - INFO - Order update for account 2: {'t': 'om', 'norenordno': '25092600356731', 'uid': 'FA32246', 'actid': 'FA32246', 'exch': 'BFO', 'tsym': 'SENSEX25O0182000CE', 'trantype': 'B', 'qty': '20', 'prc': '30.00', 'pcode': 'M', 'remarks': '', 'rejreason': ' ', 'status': 'PENDING', 'reporttype': 'NewAck', 'prctyp': 'LMT', 'ret': 'DAY', 'exchordid': '', 'dscqty': '0'}
2025-09-26 13:02:51,796 - INFO - Account 2 - B PENDING NewAck
2025-09-26 13:02:51,796 - INFO - Order status debug - status: 'PENDING', reporttype: 'NewAck', trantype: 'B', price: '30.00'
2025-09-26 13:02:51,800 - INFO - Updated Child (ID: 2) order info: 25092600356731 SENSEX25O0182000CE 20@30.0
2025-09-26 13:02:51,804 - INFO - Order placed successfully for account 2: 25092600356731
2025-09-26 13:02:51,808 - INFO - Starting auto SL/Target calculation for buy price: 30.0
2025-09-26 13:02:51,810 - INFO - Using differences - SL: -3, Target: 40
2025-09-26 13:02:51,812 - INFO - Calculated prices - SL: 27.0, Target: 70.0
2025-09-26 13:02:51,820 - INFO - UI values set - SL: 27.0, Target: 70.0
2025-09-26 13:02:51,822 - INFO - SL/Target points calculated - SL points: 3.0, Target points: 40.0
2025-09-26 13:02:51,834 - INFO - Buy orders filled check - Master: filled_qty=0
2025-09-26 13:02:51,837 - INFO - Buy orders filled check - Child: filled_qty=0
2025-09-26 13:02:51,839 - INFO - Buy orders filled result: False
2025-09-26 13:02:51,840 - INFO - Auto SL/Target set - SL: 27.0, Target: 70.0 (Buy Open: 30.0)
2025-09-26 13:02:51,844 - INFO - Buy orders placed successfully
2025-09-26 13:02:51,846 - INFO - Account 2 order status updated to: PENDING
2025-09-26 13:02:51,848 - INFO - Account 1 order status updated to: PENDING
2025-09-26 13:02:51,848 - INFO - DEBUG - Account 2 status: 'PENDING' (type: <class 'str'>)
2025-09-26 13:02:51,852 - INFO - DEBUG - Account 1 status: 'PENDING' (type: <class 'str'>)
2025-09-26 13:02:51,860 - INFO - DEBUG - Current account can_order: 1
2025-09-26 13:02:51,864 - INFO - DEBUG - Current account can_order: 1
2025-09-26 13:02:51,866 - INFO - DEBUG - Transaction type: 'B'
2025-09-26 13:02:51,866 - INFO - DEBUG - Transaction type: 'B'
2025-09-26 13:02:51,868 - INFO - Order status updated for account 2: Buy Order PENDING @ 30.00
2025-09-26 13:02:51,868 - INFO - Order status updated for account 1: Buy Order PENDING @ 30.00
2025-09-26 13:02:51,870 - INFO - Order update for account 2: {'t': 'om', 'norenordno': '25092600356731', 'uid': 'FA32246', 'actid': 'FA32246', 'exch': 'BFO', 'tsym': 'SENSEX25O0182000CE', 'trantype': 'B', 'qty': '20', 'prc': '30.00', 'pcode': 'M', 'remarks': '', 'rejreason': ' ', 'status': 'PENDING', 'reporttype': 'PendingNew', 'prctyp': 'LMT', 'ret': 'DAY', 'exchordid': '', 'dscqty': '0'}
2025-09-26 13:02:51,872 - INFO - Order update for account 1: {'t': 'om', 'norenordno': '25092600356730', 'uid': 'FA42242', 'actid': 'FA42242', 'exch': 'BFO', 'tsym': 'SENSEX25O0182000CE', 'trantype': 'B', 'qty': '20', 'prc': '30.00', 'pcode': 'M', 'remarks': '', 'rejreason': ' ', 'status': 'PENDING', 'reporttype': 'PendingNew', 'prctyp': 'LMT', 'ret': 'DAY', 'exchordid': '', 'dscqty': '0'}
2025-09-26 13:02:51,876 - INFO - Account 2 - B PENDING PendingNew
2025-09-26 13:02:51,876 - INFO - Order status debug - status: 'PENDING', reporttype: 'PendingNew', trantype: 'B', price: '30.00'
2025-09-26 13:02:51,880 - INFO - Account 1 - B PENDING PendingNew
2025-09-26 13:02:51,880 - INFO - Order status debug - status: 'PENDING', reporttype: 'PendingNew', trantype: 'B', price: '30.00'
2025-09-26 13:02:51,882 - INFO - Account 2 order status updated to: PENDING
2025-09-26 13:02:51,883 - INFO - DEBUG - Account 2 status: 'PENDING' (type: <class 'str'>)
2025-09-26 13:02:51,883 - INFO - Account 1 order status updated to: PENDING
2025-09-26 13:02:51,885 - INFO - DEBUG - Current account can_order: 1
2025-09-26 13:02:51,887 - INFO - DEBUG - Account 1 status: 'PENDING' (type: <class 'str'>)
2025-09-26 13:02:51,889 - INFO - DEBUG - Transaction type: 'B'
2025-09-26 13:02:51,894 - INFO - DEBUG - Current account can_order: 1
2025-09-26 13:02:51,895 - INFO - Order status updated for account 2: Buy Order PENDING @ 30.00
2025-09-26 13:02:51,897 - INFO - DEBUG - Transaction type: 'B'
2025-09-26 13:02:51,900 - INFO - Order update for account 2: {'t': 'om', 'norenordno': '25092600356731', 'uid': 'FA32246', 'actid': 'FA32246', 'exch': 'BFO', 'tsym': 'SENSEX25O0182000CE', 'trantype': 'B', 'qty': '20', 'prc': '30.00', 'pcode': 'M', 'remarks': '', 'rejreason': ' ', 'status': 'OPEN', 'reporttype': 'New', 'prctyp': 'LMT', 'ret': 'DAY', 'exchordid': '1758871905439015909', 'dscqty': '0', 'exch_tm': '26-09-2025 13:02:52'}
2025-09-26 13:02:51,903 - INFO - Order status updated for account 1: Buy Order PENDING @ 30.00
2025-09-26 13:02:51,903 - INFO - Account 2 - B OPEN New
2025-09-26 13:02:51,903 - INFO - Order status debug - status: 'OPEN', reporttype: 'New', trantype: 'B', price: '30.00'
2025-09-26 13:02:51,905 - INFO - Order update for account 1: {'t': 'om', 'norenordno': '25092600356730', 'uid': 'FA42242', 'actid': 'FA42242', 'exch': 'BFO', 'tsym': 'SENSEX25O0182000CE', 'trantype': 'B', 'qty': '20', 'prc': '30.00', 'pcode': 'M', 'remarks': '', 'rejreason': ' ', 'status': 'OPEN', 'reporttype': 'New', 'prctyp': 'LMT', 'ret': 'DAY', 'exchordid': '1758871905439015905', 'dscqty': '0', 'exch_tm': '26-09-2025 13:02:52'}
2025-09-26 13:02:51,905 - INFO - Account 2 order status updated to: OPEN
2025-09-26 13:02:51,906 - INFO - DEBUG - Account 2 status: 'OPEN' (type: <class 'str'>)
2025-09-26 13:02:51,906 - INFO - Account 1 - B OPEN New
2025-09-26 13:02:51,906 - INFO - Order status debug - status: 'OPEN', reporttype: 'New', trantype: 'B', price: '30.00'
2025-09-26 13:02:51,908 - INFO - DEBUG - Current account can_order: 1
2025-09-26 13:02:51,910 - INFO - DEBUG - Transaction type: 'B'
2025-09-26 13:02:51,910 - INFO - Order status updated for account 2: Buy Order Open @ 30.00
2025-09-26 13:02:51,912 - INFO - Account 1 order status updated to: OPEN
2025-09-26 13:02:51,913 - INFO - DEBUG - Account 1 status: 'OPEN' (type: <class 'str'>)
2025-09-26 13:02:51,919 - INFO - DEBUG - Current account can_order: 1
2025-09-26 13:02:51,919 - INFO - DEBUG - Transaction type: 'B'
2025-09-26 13:02:51,921 - INFO - Order status updated for account 1: Buy Order Open @ 30.00
2025-09-26 13:03:12,980 - INFO - Open orders check - Master: True, Child: True
2025-09-26 13:03:12,980 - INFO - Monitoring check - SL: False, Target: False, States SL: False, States Target: False
2025-09-26 13:03:24,791 - INFO - Cancel buy orders clicked
2025-09-26 13:03:24,799 - INFO - Cancelling Master order: 25092600356730
2025-09-26 13:03:24,804 - INFO - Cancelling Child order: 25092600356731
2025-09-26 13:03:25,630 - INFO - Order update for account 1: {'t': 'om', 'norenordno': '25092600356730', 'uid': 'FA42242', 'actid': 'FA42242', 'exch': 'BFO', 'tsym': 'SENSEX25O0182000CE', 'trantype': 'B', 'qty': '20', 'prc': '30.00', 'pcode': 'M', 'remarks': '', 'status': 'PENDING', 'reporttype': 'PendingCancel', 'prctyp': 'LMT', 'ret': 'DAY', 'exchordid': '1758871905439015905', 'dscqty': '0', 'exch_tm': '26-09-2025 13:02:52'}
2025-09-26 13:03:25,634 - INFO - Successfully cancelled Master order: 25092600356730
2025-09-26 13:03:25,638 - INFO - Account 1 - B PENDING PendingCancel
2025-09-26 13:03:25,638 - INFO - Order update for account 2: {'t': 'om', 'norenordno': '25092600356731', 'uid': 'FA32246', 'actid': 'FA32246', 'exch': 'BFO', 'tsym': 'SENSEX25O0182000CE', 'trantype': 'B', 'qty': '20', 'prc': '30.00', 'pcode': 'M', 'remarks': '', 'status': 'PENDING', 'reporttype': 'PendingCancel', 'prctyp': 'LMT', 'ret': 'DAY', 'exchordid': '1758871905439015909', 'dscqty': '0', 'exch_tm': '26-09-2025 13:02:52'}
2025-09-26 13:03:25,644 - INFO - Successfully cancelled Child order: 25092600356731
2025-09-26 13:03:25,652 - INFO - Order status debug - status: 'PENDING', reporttype: 'PendingCancel', trantype: 'B', price: '30.00'
2025-09-26 13:03:25,660 - INFO - Account 2 - B PENDING PendingCancel
2025-09-26 13:03:25,664 - INFO - Updated Master (ID: 1) can_order to '0': Order cancelled by user
2025-09-26 13:03:25,672 - INFO - Order status debug - status: 'PENDING', reporttype: 'PendingCancel', trantype: 'B', price: '30.00'
2025-09-26 13:03:25,682 - INFO - Updated Child (ID: 2) can_order to '0': Order cancelled by user
2025-09-26 13:03:25,682 - INFO - Master buy order cancelled successfully
2025-09-26 13:03:25,688 - INFO - Child buy order cancelled successfully
2025-09-26 13:03:25,711 - INFO - Account 1 order status updated to: PENDING
2025-09-26 13:03:25,711 - INFO - Account 2 order status updated to: PENDING
2025-09-26 13:03:25,718 - INFO - DEBUG - Account 1 status: 'PENDING' (type: <class 'str'>)
2025-09-26 13:03:25,722 - INFO - DEBUG - Account 2 status: 'PENDING' (type: <class 'str'>)
2025-09-26 13:03:25,736 - INFO - DEBUG - Current account can_order: 0
2025-09-26 13:03:25,742 - INFO - DEBUG - Current account can_order: 0
2025-09-26 13:03:25,744 - INFO - DEBUG - Transaction type: 'B'
2025-09-26 13:03:25,744 - INFO - DEBUG - Transaction type: 'B'
2025-09-26 13:03:25,747 - INFO - Order status updated for account 1: Buy Order PENDING @ 30.00
2025-09-26 13:03:25,747 - INFO - Order status updated for account 2: Buy Order PENDING @ 30.00
2025-09-26 13:03:25,749 - INFO - Order update for account 1: {'t': 'om', 'norenordno': '25092600356730', 'uid': 'FA42242', 'actid': 'FA42242', 'exch': 'BFO', 'tsym': 'SENSEX25O0182000CE', 'trantype': 'B', 'qty': '20', 'prc': '30.00', 'pcode': 'M', 'remarks': '', 'rejreason': 'Order Cancelled', 'status': 'CANCELED', 'reporttype': 'Canceled', 'prctyp': 'LMT', 'ret': 'DAY', 'exchordid': '1758871905439015905', 'cancelqty': '20', 'dscqty': '0', 'exch_tm': '26-09-2025 13:03:26'}
2025-09-26 13:03:25,750 - INFO - Order update for account 2: {'t': 'om', 'norenordno': '25092600356731', 'uid': 'FA32246', 'actid': 'FA32246', 'exch': 'BFO', 'tsym': 'SENSEX25O0182000CE', 'trantype': 'B', 'qty': '20', 'prc': '30.00', 'pcode': 'M', 'remarks': '', 'rejreason': 'Order Cancelled', 'status': 'CANCELED', 'reporttype': 'Canceled', 'prctyp': 'LMT', 'ret': 'DAY', 'exchordid': '1758871905439015909', 'cancelqty': '20', 'dscqty': '0', 'exch_tm': '26-09-2025 13:03:26'}
2025-09-26 13:03:25,751 - INFO - Account 1 - B CANCELED Canceled
2025-09-26 13:03:25,751 - INFO - Order status debug - status: 'CANCELED', reporttype: 'Canceled', trantype: 'B', price: '30.00'
2025-09-26 13:03:25,753 - INFO - Account 2 - B CANCELED Canceled
2025-09-26 13:03:25,753 - INFO - Order status debug - status: 'CANCELED', reporttype: 'Canceled', trantype: 'B', price: '30.00'
2025-09-26 13:03:25,757 - INFO - Order status updated for account 1: Buy Order CANCELED @ 30.00
2025-09-26 13:03:25,758 - INFO - Order status updated for account 2: Buy Order CANCELED @ 30.00
2025-09-26 13:06:53,849 - INFO - Open orders check - Master: False, Child: False
2025-09-26 13:06:53,849 - INFO - Monitoring check - SL: False, Target: False, States SL: False, States Target: False
2025-09-26 13:06:53,849 - INFO - Release buttons clicked - resetting system for new orders
2025-09-26 13:06:53,849 - INFO - Login status check - Master: True, Child: True
2025-09-26 13:06:53,857 - INFO - Updated Master (ID: 1) login_status to '1': Master account logged in
2025-09-26 13:06:53,865 - INFO - Updated Master (ID: 1) can_order to '1': Master account reset after trading block
2025-09-26 13:06:53,865 - INFO - Master account reset to ready (was logged in)
2025-09-26 13:06:53,869 - INFO - Updated Child (ID: 2) login_status to '1': Child account logged in
2025-09-26 13:06:53,885 - INFO - Updated Child (ID: 2) can_order to '1': Child account reset after trading block
2025-09-26 13:06:53,886 - INFO - Child account reset to ready (was logged in)
2025-09-26 13:06:53,886 - INFO - Trading blocks reset while preserving login status
2025-09-26 13:06:53,891 - INFO - RESET POSITION DATA - Master (ID: 1) - position data cleared
2025-09-26 13:06:53,918 - INFO - Cleared exit order info for Master (ID: 1)
2025-09-26 13:06:53,919 - INFO - Position data and exit order info cleared for Master account
2025-09-26 13:06:53,926 - INFO - RESET POSITION DATA - Child (ID: 2) - position data cleared
2025-09-26 13:06:53,939 - INFO - Cleared exit order info for Child (ID: 2)
2025-09-26 13:06:53,941 - INFO - Position data and exit order info cleared for Child account
2025-09-26 13:06:53,943 - INFO - BUY button and Price box re-enabled for new orders - auto-fill re-enabled
2025-09-26 13:06:53,945 - INFO - Trailing monitoring stopped
2025-09-26 13:06:53,945 - INFO - Trailing controls reset to initial state
2025-09-26 13:06:53,945 - INFO - SL/Target controls reset to initial state
2025-09-26 13:06:53,945 - INFO - Enabling selection row components
2025-09-26 13:06:53,945 - INFO - Selection row components enabled
2025-09-26 13:06:53,945 - INFO - Management buttons disabled until new orders are placed
2025-09-26 13:06:53,945 - INFO - Order status displays updated with client names
2025-09-26 13:06:53,953 - INFO - Monitoring stopped and timers cleared
2025-09-26 13:06:53,955 - INFO - Enabling selection row components
2025-09-26 13:06:53,955 - INFO - Selection row components enabled
2025-09-26 13:06:53,964 - INFO - System released - ready for new orders
2025-09-26 13:07:46,796 - INFO - User focused on price box - current value: '30'
2025-09-26 13:07:48,680 - INFO - Buy price field value changed to empty - auto-fill disabled
2025-09-26 13:07:50,295 - INFO - Placing buy orders for SENSEX25O0182000CE @ 60.0 master_qty 20
2025-09-26 13:07:50,300 - INFO - Account 1 is active for order placement
2025-09-26 13:07:50,300 - INFO - Account 2 is active for order placement
2025-09-26 13:07:50,300 - INFO - Disabling selection row components
2025-09-26 13:07:50,303 - INFO - Selection row components disabled
2025-09-26 13:07:50,303 - INFO - Master account quantity: 20
2025-09-26 13:07:50,303 - INFO - Placing order for account 1: {'buy_or_sell': 'B', 'product_type': 'M', 'exchange': 'BFO', 'tradingsymbol': 'SENSEX25O0182000CE', 'quantity': 20, 'discloseqty': 0, 'price_type': 'LMT', 'price': 60.0, 'trigger_price': None, 'retention': 'DAY', 'amo': 'NO', 'remarks': None}
2025-09-26 13:07:50,303 - INFO - Child lots set to minimum for SENSEX: 20
2025-09-26 13:07:50,303 - INFO - Child account quantity: 20 (master: 20, index: SENSEX)
2025-09-26 13:07:50,309 - INFO - Placing order for account 2: {'buy_or_sell': 'B', 'product_type': 'M', 'exchange': 'BFO', 'tradingsymbol': 'SENSEX25O0182000CE', 'quantity': 20, 'discloseqty': 0, 'price_type': 'LMT', 'price': 60.0, 'trigger_price': None, 'retention': 'DAY', 'amo': 'NO', 'remarks': None}
2025-09-26 13:07:51,168 - INFO - Order update for account 2: {'t': 'om', 'norenordno': '25092600359933', 'uid': 'FA32246', 'actid': 'FA32246', 'exch': 'BFO', 'tsym': 'SENSEX25O0182000CE', 'trantype': 'B', 'qty': '20', 'prc': '60.00', 'pcode': 'M', 'remarks': '', 'rejreason': ' ', 'status': 'PENDING', 'reporttype': 'NewAck', 'prctyp': 'LMT', 'ret': 'DAY', 'exchordid': '', 'dscqty': '0'}
2025-09-26 13:07:51,176 - INFO - Account 2 - B PENDING NewAck
2025-09-26 13:07:51,176 - INFO - Order status debug - status: 'PENDING', reporttype: 'NewAck', trantype: 'B', price: '60.00'
2025-09-26 13:07:51,179 - INFO - Order update for account 1: {'t': 'om', 'norenordno': '25092600359934', 'uid': 'FA42242', 'actid': 'FA42242', 'exch': 'BFO', 'tsym': 'SENSEX25O0182000CE', 'trantype': 'B', 'qty': '20', 'prc': '60.00', 'pcode': 'M', 'remarks': '', 'rejreason': ' ', 'status': 'PENDING', 'reporttype': 'NewAck', 'prctyp': 'LMT', 'ret': 'DAY', 'exchordid': '', 'dscqty': '0'}
2025-09-26 13:07:51,189 - INFO - Updated Child (ID: 2) order info: 25092600359933 SENSEX25O0182000CE 20@60.0
2025-09-26 13:07:51,189 - INFO - Order placed successfully for account 2: 25092600359933
2025-09-26 13:07:51,189 - INFO - Account 1 - B PENDING NewAck
2025-09-26 13:07:51,192 - INFO - Order status debug - status: 'PENDING', reporttype: 'NewAck', trantype: 'B', price: '60.00'
2025-09-26 13:07:51,192 - INFO - Updated Master (ID: 1) order info: 25092600359934 SENSEX25O0182000CE 20@60.0
2025-09-26 13:07:51,192 - INFO - Order placed successfully for account 1: 25092600359934
2025-09-26 13:07:51,192 - INFO - Starting auto SL/Target calculation for buy price: 60.0
2025-09-26 13:07:51,197 - INFO - Using differences - SL: -3, Target: 40
2025-09-26 13:07:51,197 - INFO - Calculated prices - SL: 57.0, Target: 100.0
2025-09-26 13:07:51,197 - INFO - UI values set - SL: 57.0, Target: 100.0
2025-09-26 13:07:51,197 - INFO - SL/Target points calculated - SL points: 3.0, Target points: 40.0
2025-09-26 13:07:51,203 - INFO - Buy orders filled check - Master: filled_qty=0
2025-09-26 13:07:51,203 - INFO - Buy orders filled check - Child: filled_qty=0
2025-09-26 13:07:51,203 - INFO - Buy orders filled result: False
2025-09-26 13:07:51,203 - INFO - Auto SL/Target set - SL: 57.0, Target: 100.0 (Buy Open: 60.0)
2025-09-26 13:07:51,208 - INFO - Buy orders placed successfully
2025-09-26 13:07:51,210 - INFO - Account 2 order status updated to: PENDING
2025-09-26 13:07:51,210 - INFO - Account 1 order status updated to: PENDING
2025-09-26 13:07:51,212 - INFO - DEBUG - Account 2 status: 'PENDING' (type: <class 'str'>)
2025-09-26 13:07:51,212 - INFO - DEBUG - Account 1 status: 'PENDING' (type: <class 'str'>)
2025-09-26 13:07:51,215 - INFO - DEBUG - Current account can_order: 1
2025-09-26 13:07:51,215 - INFO - DEBUG - Current account can_order: 1
2025-09-26 13:07:51,215 - INFO - DEBUG - Transaction type: 'B'
2025-09-26 13:07:51,215 - INFO - DEBUG - Transaction type: 'B'
2025-09-26 13:07:51,215 - INFO - Order status updated for account 2: Buy Order PENDING @ 60.00
2025-09-26 13:07:51,215 - INFO - Order status updated for account 1: Buy Order PENDING @ 60.00
2025-09-26 13:07:51,215 - INFO - Order update for account 2: {'t': 'om', 'norenordno': '25092600359933', 'uid': 'FA32246', 'actid': 'FA32246', 'exch': 'BFO', 'tsym': 'SENSEX25O0182000CE', 'trantype': 'B', 'qty': '20', 'prc': '60.00', 'pcode': 'M', 'remarks': '', 'rejreason': ' ', 'status': 'PENDING', 'reporttype': 'PendingNew', 'prctyp': 'LMT', 'ret': 'DAY', 'exchordid': '', 'dscqty': '0'}
2025-09-26 13:07:51,222 - INFO - Order update for account 1: {'t': 'om', 'norenordno': '25092600359934', 'uid': 'FA42242', 'actid': 'FA42242', 'exch': 'BFO', 'tsym': 'SENSEX25O0182000CE', 'trantype': 'B', 'qty': '20', 'prc': '60.00', 'pcode': 'M', 'remarks': '', 'rejreason': ' ', 'status': 'PENDING', 'reporttype': 'PendingNew', 'prctyp': 'LMT', 'ret': 'DAY', 'exchordid': '', 'dscqty': '0'}
2025-09-26 13:07:51,222 - INFO - Account 2 - B PENDING PendingNew
2025-09-26 13:07:51,222 - INFO - Order status debug - status: 'PENDING', reporttype: 'PendingNew', trantype: 'B', price: '60.00'
2025-09-26 13:07:51,222 - INFO - Account 1 - B PENDING PendingNew
2025-09-26 13:07:51,222 - INFO - Order status debug - status: 'PENDING', reporttype: 'PendingNew', trantype: 'B', price: '60.00'
2025-09-26 13:07:51,229 - INFO - Account 2 order status updated to: PENDING
2025-09-26 13:07:51,231 - INFO - Account 1 order status updated to: PENDING
2025-09-26 13:07:51,231 - INFO - DEBUG - Account 2 status: 'PENDING' (type: <class 'str'>)
2025-09-26 13:07:51,231 - INFO - DEBUG - Account 1 status: 'PENDING' (type: <class 'str'>)
2025-09-26 13:07:51,235 - INFO - DEBUG - Current account can_order: 1
2025-09-26 13:07:51,237 - INFO - DEBUG - Current account can_order: 1
2025-09-26 13:07:51,237 - INFO - DEBUG - Transaction type: 'B'
2025-09-26 13:07:51,238 - INFO - DEBUG - Transaction type: 'B'
2025-09-26 13:07:51,238 - INFO - Order status updated for account 2: Buy Order PENDING @ 60.00
2025-09-26 13:07:51,238 - INFO - Order status updated for account 1: Buy Order PENDING @ 60.00
2025-09-26 13:07:51,240 - INFO - Order update for account 2: {'t': 'om', 'norenordno': '25092600359933', 'uid': 'FA32246', 'actid': 'FA32246', 'exch': 'BFO', 'tsym': 'SENSEX25O0182000CE', 'trantype': 'B', 'qty': '20', 'prc': '60.00', 'pcode': 'M', 'remarks': '', 'rejreason': ' ', 'status': 'OPEN', 'reporttype': 'New', 'prctyp': 'LMT', 'ret': 'DAY', 'exchordid': '1758871905439088355', 'dscqty': '0', 'exch_tm': '26-09-2025 13:07:51'}
2025-09-26 13:07:51,240 - INFO - Order update for account 1: {'t': 'om', 'norenordno': '25092600359934', 'uid': 'FA42242', 'actid': 'FA42242', 'exch': 'BFO', 'tsym': 'SENSEX25O0182000CE', 'trantype': 'B', 'qty': '20', 'prc': '60.00', 'pcode': 'M', 'remarks': '', 'rejreason': ' ', 'status': 'OPEN', 'reporttype': 'New', 'prctyp': 'LMT', 'ret': 'DAY', 'exchordid': '1758871905439088357', 'dscqty': '0', 'exch_tm': '26-09-2025 13:07:51'}
2025-09-26 13:07:51,240 - INFO - Account 2 - B OPEN New
2025-09-26 13:07:51,240 - INFO - Order status debug - status: 'OPEN', reporttype: 'New', trantype: 'B', price: '60.00'
2025-09-26 13:07:51,242 - INFO - Account 1 - B OPEN New
2025-09-26 13:07:51,242 - INFO - Order status debug - status: 'OPEN', reporttype: 'New', trantype: 'B', price: '60.00'
2025-09-26 13:07:51,242 - INFO - Account 2 order status updated to: OPEN
2025-09-26 13:07:51,242 - INFO - DEBUG - Account 2 status: 'OPEN' (type: <class 'str'>)
2025-09-26 13:07:51,247 - INFO - DEBUG - Current account can_order: 1
2025-09-26 13:07:51,247 - INFO - Account 1 order status updated to: OPEN
2025-09-26 13:07:51,247 - INFO - DEBUG - Transaction type: 'B'
2025-09-26 13:07:51,247 - INFO - DEBUG - Account 1 status: 'OPEN' (type: <class 'str'>)
2025-09-26 13:07:51,247 - INFO - Order status updated for account 2: Buy Order Open @ 60.00
2025-09-26 13:07:51,251 - INFO - DEBUG - Current account can_order: 1
2025-09-26 13:07:51,251 - INFO - DEBUG - Transaction type: 'B'
2025-09-26 13:07:51,253 - INFO - Order status updated for account 1: Buy Order Open @ 60.00
2025-09-26 13:07:55,744 - INFO - Manual SL set - Price: 55.0, Points from buy: 5.0, Buy price: 60.0
2025-09-26 13:07:55,746 - INFO - Buy orders filled check - Master: filled_qty=0
2025-09-26 13:07:55,748 - INFO - Buy orders filled check - Child: filled_qty=0
2025-09-26 13:07:55,748 - INFO - Buy orders filled result: False
2025-09-26 13:07:55,748 - INFO - SL price confirmed: 55.0 (monitoring will start after buy order is filled)
2025-09-26 13:08:06,713 - INFO - Manual Target set - Price: 70.0, Points from buy: 10.0, Buy price: 60.0
2025-09-26 13:08:06,713 - INFO - Buy orders filled check - Master: filled_qty=0
2025-09-26 13:08:06,713 - INFO - Buy orders filled check - Child: filled_qty=0
2025-09-26 13:08:06,713 - INFO - Buy orders filled result: False
2025-09-26 13:08:06,713 - INFO - Target price confirmed: 70.0 (monitoring will start after buy order is filled)
2025-09-26 13:08:08,834 - INFO - Trail type changed to: Point
2025-09-26 13:08:11,791 - INFO - Trailing configured - Point trail: 2.0 (Ready for target activation)
2025-09-26 13:11:18,093 - INFO - User focused on price box - current value: '60'
2025-09-26 13:11:24,472 - INFO - Modify buy orders clicked
2025-09-26 13:11:24,478 - INFO - Order states reset for modify operations
2025-09-26 13:11:24,480 - INFO - Modifying Master order: 25092600359934 to price: 61.0
2025-09-26 13:11:24,480 - INFO - Modifying Child order: 25092600359933 to price: 61.0
2025-09-26 13:11:25,345 - INFO - Order update for account 2: {'t': 'om', 'norenordno': '25092600359933', 'uid': 'FA32246', 'actid': 'FA32246', 'exch': 'BFO', 'tsym': 'SENSEX25O0182000CE', 'trantype': 'B', 'qty': '20', 'prc': '61.00', 'pcode': 'M', 'remarks': '', 'rejreason': ' ', 'status': 'PENDING', 'reporttype': 'ModAck', 'prctyp': 'LMT', 'ret': 'DAY', 'exchordid': '1758871905439088355', 'dscqty': '0', 'exch_tm': '26-09-2025 13:07:51'}
2025-09-26 13:11:25,353 - INFO - Successfully modified Child order: 25092600359933
2025-09-26 13:11:25,353 - INFO - Account 2 - B PENDING ModAck
2025-09-26 13:11:25,353 - INFO - Order status debug - status: 'PENDING', reporttype: 'ModAck', trantype: 'B', price: '61.00'
2025-09-26 13:11:25,365 - INFO - Successfully modified Master order: 25092600359934
2025-09-26 13:11:25,375 - INFO - Updated Child (ID: 2) order info: 25092600359933 SENSEX25O0182000CE 20@61.0
2025-09-26 13:11:25,375 - INFO - Child buy order modified successfully
2025-09-26 13:11:25,381 - INFO - Updated Master (ID: 1) order info: 25092600359934 SENSEX25O0182000CE 20@61.0
2025-09-26 13:11:25,382 - INFO - Master buy order modified successfully
2025-09-26 13:11:25,384 - INFO - SL/Target adjusted for new buy price - SL: 56.0, Target: 71.0 (Buy: 61.0)
2025-09-26 13:11:25,387 - INFO - Account 2 order status updated to: PENDING
2025-09-26 13:11:25,388 - INFO - DEBUG - Account 2 status: 'PENDING' (type: <class 'str'>)
2025-09-26 13:11:25,389 - INFO - Order update for account 1: {'t': 'om', 'norenordno': '25092600359934', 'uid': 'FA42242', 'actid': 'FA42242', 'exch': 'BFO', 'tsym': 'SENSEX25O0182000CE', 'trantype': 'B', 'qty': '20', 'prc': '61.00', 'pcode': 'M', 'remarks': '', 'rejreason': ' ', 'status': 'PENDING', 'reporttype': 'ModAck', 'prctyp': 'LMT', 'ret': 'DAY', 'exchordid': '1758871905439088357', 'dscqty': '0', 'exch_tm': '26-09-2025 13:07:51'}
2025-09-26 13:11:25,394 - INFO - DEBUG - Current account can_order: 1
2025-09-26 13:11:25,395 - INFO - Account 1 - B PENDING ModAck
2025-09-26 13:11:25,395 - INFO - Order status debug - status: 'PENDING', reporttype: 'ModAck', trantype: 'B', price: '61.00'
2025-09-26 13:11:25,397 - INFO - DEBUG - Transaction type: 'B'
2025-09-26 13:11:25,400 - INFO - Order status updated for account 2: Buy Order PENDING @ 61.00
2025-09-26 13:11:25,402 - INFO - Order update for account 2: {'t': 'om', 'norenordno': '25092600359933', 'uid': 'FA32246', 'actid': 'FA32246', 'exch': 'BFO', 'tsym': 'SENSEX25O0182000CE', 'trantype': 'B', 'qty': '20', 'prc': '61.00', 'pcode': 'M', 'remarks': '', 'rejreason': ' ', 'status': 'PENDING', 'reporttype': 'PendingReplace', 'prctyp': 'LMT', 'ret': 'DAY', 'exchordid': '1758871905439088355', 'dscqty': '0', 'exch_tm': '26-09-2025 13:07:51'}
2025-09-26 13:11:25,404 - INFO - Account 2 - B PENDING PendingReplace
2025-09-26 13:11:25,404 - INFO - Order status debug - status: 'PENDING', reporttype: 'PendingReplace', trantype: 'B', price: '61.00'
2025-09-26 13:11:25,406 - INFO - Account 1 order status updated to: PENDING
2025-09-26 13:11:25,408 - INFO - DEBUG - Account 1 status: 'PENDING' (type: <class 'str'>)
2025-09-26 13:11:25,410 - INFO - DEBUG - Current account can_order: 1
2025-09-26 13:11:25,412 - INFO - Account 2 order status updated to: PENDING
2025-09-26 13:11:25,412 - INFO - DEBUG - Transaction type: 'B'
2025-09-26 13:11:25,413 - INFO - DEBUG - Account 2 status: 'PENDING' (type: <class 'str'>)
2025-09-26 13:11:25,414 - INFO - Order status updated for account 1: Buy Order PENDING @ 61.00
2025-09-26 13:11:25,417 - INFO - DEBUG - Current account can_order: 1
2025-09-26 13:11:25,422 - INFO - DEBUG - Transaction type: 'B'
2025-09-26 13:11:25,422 - INFO - Order update for account 1: {'t': 'om', 'norenordno': '25092600359934', 'uid': 'FA42242', 'actid': 'FA42242', 'exch': 'BFO', 'tsym': 'SENSEX25O0182000CE', 'trantype': 'B', 'qty': '20', 'prc': '61.00', 'pcode': 'M', 'remarks': '', 'rejreason': ' ', 'status': 'PENDING', 'reporttype': 'PendingReplace', 'prctyp': 'LMT', 'ret': 'DAY', 'exchordid': '1758871905439088357', 'dscqty': '0', 'exch_tm': '26-09-2025 13:07:51'}
2025-09-26 13:11:25,423 - INFO - Order status updated for account 2: Buy Order PENDING @ 61.00
2025-09-26 13:11:25,427 - INFO - Account 1 - B PENDING PendingReplace
2025-09-26 13:11:25,427 - INFO - Order status debug - status: 'PENDING', reporttype: 'PendingReplace', trantype: 'B', price: '61.00'
2025-09-26 13:11:25,429 - INFO - Order update for account 2: {'t': 'om', 'norenordno': '25092600359933', 'uid': 'FA32246', 'actid': 'FA32246', 'exch': 'BFO', 'tsym': 'SENSEX25O0182000CE', 'trantype': 'B', 'qty': '20', 'prc': '61.00', 'pcode': 'M', 'remarks': '', 'rejreason': ' ', 'status': 'COMPLETE', 'reporttype': 'Fill', 'flqty': '20', 'flprc': '60.80', 'flid': '2193830', 'fltm': '26-09-2025 13:11:26', 'prctyp': 'LMT', 'ret': 'DAY', 'exchordid': '1758871905439088355', 'fillshares': '20', 'dscqty': '0', 'avgprc': '60.80', 'exch_tm': '26-09-2025 13:11:26'}
2025-09-26 13:11:25,429 - INFO - Account 1 order status updated to: PENDING
2025-09-26 13:11:25,431 - INFO - DEBUG - Account 1 status: 'PENDING' (type: <class 'str'>)
2025-09-26 13:11:25,431 - INFO - Account 2 - B COMPLETE Fill
2025-09-26 13:11:25,431 - INFO - Order status debug - status: 'COMPLETE', reporttype: 'Fill', trantype: 'B', price: '61.00'
2025-09-26 13:11:25,433 - INFO - DEBUG - Current account can_order: 1
2025-09-26 13:11:25,433 - WARNING - Buy order marked as COMPLETE but has rejection reason:   - NOT calling completion callback
2025-09-26 13:11:25,433 - INFO - DEBUG - Transaction type: 'B'
2025-09-26 13:11:25,433 - INFO - Order status updated for account 1: Buy Order PENDING @ 61.00
2025-09-26 13:11:25,439 - INFO - Account 2 order status updated to: COMPLETE
2025-09-26 13:11:25,439 - INFO - Order update for account 1: {'t': 'om', 'norenordno': '25092600359934', 'uid': 'FA42242', 'actid': 'FA42242', 'exch': 'BFO', 'tsym': 'SENSEX25O0182000CE', 'trantype': 'B', 'qty': '20', 'prc': '61.00', 'pcode': 'M', 'remarks': '', 'rejreason': ' ', 'status': 'COMPLETE', 'reporttype': 'Fill', 'flqty': '20', 'flprc': '60.80', 'flid': '2193850', 'fltm': '26-09-2025 13:11:26', 'prctyp': 'LMT', 'ret': 'DAY', 'exchordid': '1758871905439088357', 'fillshares': '20', 'dscqty': '0', 'avgprc': '60.80', 'exch_tm': '26-09-2025 13:11:26'}
2025-09-26 13:11:25,441 - INFO - DEBUG - Account 2 status: 'COMPLETE' (type: <class 'str'>)
2025-09-26 13:11:25,441 - INFO - Account 1 - B COMPLETE Fill
2025-09-26 13:11:25,445 - INFO - DEBUG - Current account can_order: 1
2025-09-26 13:11:25,445 - INFO - Order status debug - status: 'COMPLETE', reporttype: 'Fill', trantype: 'B', price: '61.00'
2025-09-26 13:11:25,445 - INFO - DEBUG - Transaction type: 'B'
2025-09-26 13:11:25,445 - WARNING - Buy order marked as COMPLETE but has rejection reason:   - NOT calling completion callback
2025-09-26 13:11:25,452 - INFO - Buy order completed for account 2: SENSEX25O0182000CE @ 61.0
2025-09-26 13:11:25,457 - INFO - Updated Child (ID: 2) filled_quantity: 20
2025-09-26 13:11:25,457 - INFO - Account 1 order status updated to: COMPLETE
2025-09-26 13:11:25,457 - INFO - DEBUG - Account 1 status: 'COMPLETE' (type: <class 'str'>)
2025-09-26 13:11:25,464 - INFO - DEBUG - Current account can_order: 1
2025-09-26 13:11:25,465 - INFO - DEBUG - Transaction type: 'B'
2025-09-26 13:11:25,465 - INFO - Account 2 filled quantity: 20 - VALID for SL/Target activation
2025-09-26 13:11:25,465 - INFO - Buy order completed for account 1: SENSEX25O0182000CE @ 61.0
2025-09-26 13:11:25,465 - INFO - Updated Master (ID: 1) filled_quantity: 20
2025-09-26 13:11:25,475 - INFO - SL MONITORING ACTIVATED - Price: 56.0 - Monitoring for price <= 56.0
2025-09-26 13:11:25,475 - INFO - Account 1 filled quantity: 20 - VALID for SL/Target activation
2025-09-26 13:11:25,479 - INFO - SL monitoring started at: 56.0
2025-09-26 13:11:25,500 - INFO - TARGET MONITORING ACTIVATED - Price: 71.0 - Monitoring for price >= 71.0
2025-09-26 13:11:25,501 - INFO - Target monitoring started at: 71.0
2025-09-26 13:11:25,511 - INFO - SL MONITORING ACTIVATED - Price: 56.0 - Monitoring for price <= 56.0
2025-09-26 13:11:25,513 - INFO - SL monitoring started at: 56.0
2025-09-26 13:11:25,514 - INFO - TARGET MONITORING ACTIVATED - Price: 71.0 - Monitoring for price >= 71.0
2025-09-26 13:11:25,514 - INFO - Target monitoring started at: 71.0
2025-09-26 13:11:25,531 - INFO - Loaded account states from account_state.csv
2025-09-26 13:11:25,539 - INFO - Exit button state update - Master: filled_qty=20
2025-09-26 13:11:25,548 - INFO - Loaded account states from account_state.csv
2025-09-26 13:11:25,548 - INFO - Exit button state update - Child: filled_qty=20
2025-09-26 13:11:25,552 - INFO - Exit button state update - Master: filled_qty=20
2025-09-26 13:11:25,552 - INFO - Exit button state update - Child: filled_qty=20
2025-09-26 13:11:25,553 - INFO - SELL buttons ENABLED - at least one account has position
2025-09-26 13:11:25,554 - INFO - SELL buttons ENABLED - at least one account has position
2025-09-26 13:11:25,557 - INFO - Exit buttons and PnL button state updated after buy order completion
2025-09-26 13:11:25,559 - INFO - SL/Target monitoring activated for account 1 - BUY order was successful
2025-09-26 13:11:25,559 - INFO - Exit buttons and PnL button state updated after buy order completion
2025-09-26 13:11:25,559 - INFO - Order status updated for account 1: Buy Order Complete @ 61.00
2025-09-26 13:11:25,559 - INFO - SL/Target monitoring activated for account 2 - BUY order was successful
2025-09-26 13:11:25,560 - INFO - Order status updated for account 2: Buy Order Complete @ 61.00
2025-09-26 13:11:38,323 - INFO - SL Monitoring - Current: 60.2, SL Level: 56.0, Gap: 4.20
2025-09-26 13:11:38,323 - INFO - TARGET Monitoring - Current: 60.2, Target Level: 71.0, Gap: 10.80
2025-09-26 13:11:47,018 - INFO - SL Monitoring - Current: 60.25, SL Level: 56.0, Gap: 4.25
2025-09-26 13:11:47,018 - INFO - TARGET Monitoring - Current: 60.25, Target Level: 71.0, Gap: 10.75
2025-09-26 13:11:57,930 - INFO - SL Monitoring - Current: 59.6, SL Level: 56.0, Gap: 3.60
2025-09-26 13:11:57,930 - INFO - TARGET Monitoring - Current: 59.6, Target Level: 71.0, Gap: 11.40
2025-09-26 13:12:09,931 - INFO - SL Monitoring - Current: 60.0, SL Level: 56.0, Gap: 4.00
2025-09-26 13:12:09,936 - INFO - TARGET Monitoring - Current: 60.0, Target Level: 71.0, Gap: 11.00
2025-09-26 13:12:26,321 - INFO - SL Monitoring - Current: 60.2, SL Level: 56.0, Gap: 4.20
2025-09-26 13:12:26,323 - INFO - TARGET Monitoring - Current: 60.2, Target Level: 71.0, Gap: 10.80
2025-09-26 13:12:36,073 - INFO - SL Monitoring - Current: 59.7, SL Level: 56.0, Gap: 3.70
2025-09-26 13:12:36,074 - INFO - TARGET Monitoring - Current: 59.7, Target Level: 71.0, Gap: 11.30
2025-09-26 13:12:46,966 - INFO - SL Monitoring - Current: 59.55, SL Level: 56.0, Gap: 3.55
2025-09-26 13:12:46,968 - INFO - TARGET Monitoring - Current: 59.55, Target Level: 71.0, Gap: 11.45
2025-09-26 13:13:00,063 - INFO - SL Monitoring - Current: 58.45, SL Level: 56.0, Gap: 2.45
2025-09-26 13:13:00,063 - INFO - TARGET Monitoring - Current: 58.45, Target Level: 71.0, Gap: 12.55
2025-09-26 13:13:10,938 - INFO - SL Monitoring - Current: 57.15, SL Level: 56.0, Gap: 1.15
2025-09-26 13:13:10,938 - INFO - TARGET Monitoring - Current: 57.15, Target Level: 71.0, Gap: 13.85
2025-09-26 13:13:20,784 - INFO - SL Monitoring - Current: 57.0, SL Level: 56.0, Gap: 1.00
2025-09-26 13:13:20,784 - INFO - TARGET Monitoring - Current: 57.0, Target Level: 71.0, Gap: 14.00
2025-09-26 13:13:30,565 - INFO - SL Monitoring - Current: 56.85, SL Level: 56.0, Gap: 0.85
2025-09-26 13:13:30,565 - INFO - TARGET Monitoring - Current: 56.85, Target Level: 71.0, Gap: 14.15
2025-09-26 13:13:44,740 - INFO - SL Monitoring - Current: 57.25, SL Level: 56.0, Gap: 1.25
2025-09-26 13:13:44,748 - INFO - TARGET Monitoring - Current: 57.25, Target Level: 71.0, Gap: 13.75
2025-09-26 13:13:56,795 - INFO - SL Monitoring - Current: 57.6, SL Level: 56.0, Gap: 1.60
2025-09-26 13:13:56,795 - INFO - TARGET Monitoring - Current: 57.6, Target Level: 71.0, Gap: 13.40
2025-09-26 13:14:06,676 - INFO - SL Monitoring - Current: 57.7, SL Level: 56.0, Gap: 1.70
2025-09-26 13:14:06,676 - INFO - TARGET Monitoring - Current: 57.7, Target Level: 71.0, Gap: 13.30
2025-09-26 13:14:24,005 - INFO - SL Monitoring - Current: 58.15, SL Level: 56.0, Gap: 2.15
2025-09-26 13:14:24,005 - INFO - TARGET Monitoring - Current: 58.15, Target Level: 71.0, Gap: 12.85
2025-09-26 13:14:41,441 - INFO - SL Monitoring - Current: 56.65, SL Level: 56.0, Gap: 0.65
2025-09-26 13:14:41,441 - INFO - TARGET Monitoring - Current: 56.65, Target Level: 71.0, Gap: 14.35
2025-09-26 13:14:53,495 - INFO - SL BREACH DETECTED! Current price: 55.75, SL: 56.0
2025-09-26 13:14:53,495 - INFO - Both SL and Target monitoring stopped due to SL breach
2025-09-26 13:14:53,495 - INFO - SL BREACH DETECTED! Current price: 55.75, SL: 56.0
2025-09-26 13:14:53,495 - INFO - SL monitoring stopped
2025-09-26 13:14:53,538 - INFO - Target monitoring stopped
2025-09-26 13:14:53,546 - INFO - Placing exit orders for SL breach at price 55.75 - PARALLEL MODE
2025-09-26 13:14:53,561 - INFO - Loaded account states from account_state.csv
2025-09-26 13:14:53,566 - INFO - SL BREACH DEBUG - Master: active=True, filled_qty=20
2025-09-26 13:14:53,569 - INFO - SL BREACH DEBUG - Child: active=True, filled_qty=20
2025-09-26 13:14:53,569 - INFO - Executing silent market exit for SL/Target - PARALLEL MODE
2025-09-26 13:14:53,569 - INFO - Placing parallel market exit for account 1
2025-09-26 13:14:53,569 - INFO - Started parallel exit thread for account 1
2025-09-26 13:14:53,577 - INFO - Market exit for account 1: SENSEX25O0182000CE qty=20
2025-09-26 13:14:53,577 - INFO - Placing parallel market exit for account 2
2025-09-26 13:14:53,577 - INFO - Started parallel exit thread for account 2
2025-09-26 13:14:53,584 - INFO - Market exit for account 2: SENSEX25O0182000CE qty=20
2025-09-26 13:14:55,299 - INFO - Order update for account 2: {'t': 'om', 'norenordno': '25092600365618', 'uid': 'FA32246', 'actid': 'FA32246', 'exch': 'BFO', 'tsym': 'SENSEX25O0182000CE', 'trantype': 'S', 'qty': '20', 'prc': '0.00', 'pcode': 'M', 'remarks': 'market_exit', 'rejreason': ' ', 'status': 'PENDING', 'reporttype': 'NewAck', 'prctyp': 'MKT', 'ret': 'DAY', 'exchordid': '', 'dscqty': '0'}
2025-09-26 13:14:55,307 - INFO - Broker response for account 2: {'request_time': '13:14:56 26-09-2025', 'stat': 'Ok', 'norenordno': '25092600365618'}
2025-09-26 13:14:55,307 - INFO - Broker response for account 1: {'request_time': '13:14:56 26-09-2025', 'stat': 'Ok', 'norenordno': '25092600365617'}
2025-09-26 13:14:55,307 - INFO - Account 2 - S PENDING NewAck
2025-09-26 13:14:55,307 - INFO - Order status debug - status: 'PENDING', reporttype: 'NewAck', trantype: 'S', price: '0.00'
2025-09-26 13:14:55,307 - INFO - Market exit order placed for account 2: 25092600365618
2025-09-26 13:14:55,307 - INFO - Market exit order placed for account 1: 25092600365617
2025-09-26 13:14:55,320 - INFO - Account 2 order status updated to: PENDING
2025-09-26 13:14:55,330 - INFO - DEBUG - Account 2 status: 'PENDING' (type: <class 'str'>)
2025-09-26 13:14:55,334 - INFO - Updated Child (ID: 2) exit order info: 25092600365618 MKT 20@0
2025-09-26 13:14:55,337 - INFO - DEBUG - Current account can_order: 1
2025-09-26 13:14:55,342 - INFO - Updated Master (ID: 1) exit order info: 25092600365617 MKT 20@0
2025-09-26 13:14:55,342 - INFO - DEBUG - Transaction type: 'S'
2025-09-26 13:14:55,344 - INFO - Order status updated for account 2: Sell Order PENDING @ 0.00
2025-09-26 13:14:55,346 - INFO - All parallel market exit threads completed
2025-09-26 13:14:55,346 - INFO - Order update for account 2: {'t': 'om', 'norenordno': '25092600365618', 'uid': 'FA32246', 'actid': 'FA32246', 'exch': 'BFO', 'tsym': 'SENSEX25O0182000CE', 'trantype': 'S', 'qty': '20', 'prc': '0.00', 'pcode': 'M', 'remarks': 'market_exit', 'rejreason': ' ', 'status': 'PENDING', 'reporttype': 'PendingNew', 'prctyp': 'MKT', 'ret': 'DAY', 'exchordid': '', 'dscqty': '0'}
2025-09-26 13:14:55,348 - INFO - Silent market exit orders placed in parallel for 2 account(s)
2025-09-26 13:14:55,348 - INFO - Account 2 - S PENDING PendingNew
2025-09-26 13:14:55,348 - INFO - Order status debug - status: 'PENDING', reporttype: 'PendingNew', trantype: 'S', price: '0.00'
2025-09-26 13:14:55,350 - INFO - EXIT ORDERS PLACED IN PARALLEL - SL breach at 55.75 for 2 account(s)
2025-09-26 13:14:55,350 - INFO - Account 2 order status updated to: PENDING
2025-09-26 13:14:55,352 - INFO - SL breach handled - both monitoring stopped, exit orders placed
2025-09-26 13:14:55,352 - INFO - DEBUG - Account 2 status: 'PENDING' (type: <class 'str'>)
2025-09-26 13:14:55,356 - INFO - DEBUG - Current account can_order: 1
2025-09-26 13:14:55,356 - INFO - DEBUG - Transaction type: 'S'
2025-09-26 13:14:55,356 - INFO - Order status updated for account 2: Sell Order PENDING @ 0.00
2025-09-26 13:14:55,358 - INFO - Order update for account 2: {'t': 'om', 'norenordno': '25092600365618', 'uid': 'FA32246', 'actid': 'FA32246', 'exch': 'BFO', 'tsym': 'SENSEX25O0182000CE', 'trantype': 'S', 'qty': '20', 'prc': '0.00', 'pcode': 'M', 'remarks': 'market_exit', 'rejreason': ' ', 'status': 'COMPLETE', 'reporttype': 'Fill', 'flqty': '20', 'flprc': '55.95', 'flid': '2224370', 'fltm': '26-09-2025 13:14:56', 'prctyp': 'MKT', 'ret': 'DAY', 'exchordid': '1758871905439395878', 'fillshares': '20', 'dscqty': '0', 'avgprc': '55.95', 'exch_tm': '26-09-2025 13:14:56'}
2025-09-26 13:14:55,358 - INFO - Account 2 - S COMPLETE Fill
2025-09-26 13:14:55,358 - INFO - Order status debug - status: 'COMPLETE', reporttype: 'Fill', trantype: 'S', price: '0.00'
2025-09-26 13:14:55,358 - INFO - Sell order completed for account 2: SENSEX25O0182000CE @ 0.0
2025-09-26 13:14:55,358 - INFO - Order update for account 1: {'t': 'om', 'norenordno': '25092600365617', 'uid': 'FA42242', 'actid': 'FA42242', 'exch': 'BFO', 'tsym': 'SENSEX25O0182000CE', 'trantype': 'S', 'qty': '20', 'prc': '0.00', 'pcode': 'M', 'remarks': 'market_exit', 'rejreason': ' ', 'status': 'PENDING', 'reporttype': 'NewAck', 'prctyp': 'MKT', 'ret': 'DAY', 'exchordid': '', 'dscqty': '0'}
2025-09-26 13:14:55,358 - INFO - Account 2 order status updated to: COMPLETE
2025-09-26 13:14:55,358 - INFO - Account 1 - S PENDING NewAck
2025-09-26 13:14:55,358 - INFO - Order status debug - status: 'PENDING', reporttype: 'NewAck', trantype: 'S', price: '0.00'
2025-09-26 13:14:55,358 - INFO - DEBUG - Account 2 status: 'COMPLETE' (type: <class 'str'>)
2025-09-26 13:14:55,367 - INFO - DEBUG - Current account can_order: 1
2025-09-26 13:14:55,367 - INFO - Account 1 order status updated to: PENDING
2025-09-26 13:14:55,367 - INFO - DEBUG - Transaction type: 'S'
2025-09-26 13:14:55,367 - INFO - DEBUG - Account 1 status: 'PENDING' (type: <class 'str'>)
2025-09-26 13:14:55,370 - INFO - SELL order completed for account 2 - NOT activating SL/Target monitoring
2025-09-26 13:14:55,372 - INFO - DEBUG - Current account can_order: 1
2025-09-26 13:14:55,373 - INFO - Order status updated for account 2: Sell Order Complete @ 0.00
2025-09-26 13:14:55,373 - INFO - DEBUG - Transaction type: 'S'
2025-09-26 13:14:55,373 - INFO - Order status updated for account 1: Sell Order PENDING @ 0.00
2025-09-26 13:14:55,373 - INFO - Order update for account 1: {'t': 'om', 'norenordno': '25092600365617', 'uid': 'FA42242', 'actid': 'FA42242', 'exch': 'BFO', 'tsym': 'SENSEX25O0182000CE', 'trantype': 'S', 'qty': '20', 'prc': '0.00', 'pcode': 'M', 'remarks': 'market_exit', 'rejreason': ' ', 'status': 'PENDING', 'reporttype': 'PendingNew', 'prctyp': 'MKT', 'ret': 'DAY', 'exchordid': '', 'dscqty': '0'}
2025-09-26 13:14:55,373 - INFO - Account 1 - S PENDING PendingNew
2025-09-26 13:14:55,373 - INFO - Order status debug - status: 'PENDING', reporttype: 'PendingNew', trantype: 'S', price: '0.00'
2025-09-26 13:14:55,373 - INFO - Account 1 order status updated to: PENDING
2025-09-26 13:14:55,373 - INFO - DEBUG - Account 1 status: 'PENDING' (type: <class 'str'>)
2025-09-26 13:14:55,383 - INFO - DEBUG - Current account can_order: 1
2025-09-26 13:14:55,383 - INFO - DEBUG - Transaction type: 'S'
2025-09-26 13:14:55,383 - INFO - Order status updated for account 1: Sell Order PENDING @ 0.00
2025-09-26 13:14:55,383 - INFO - Order update for account 1: {'t': 'om', 'norenordno': '25092600365617', 'uid': 'FA42242', 'actid': 'FA42242', 'exch': 'BFO', 'tsym': 'SENSEX25O0182000CE', 'trantype': 'S', 'qty': '20', 'prc': '0.00', 'pcode': 'M', 'remarks': 'market_exit', 'rejreason': ' ', 'status': 'COMPLETE', 'reporttype': 'Fill', 'flqty': '20', 'flprc': '55.95', 'flid': '2224350', 'fltm': '26-09-2025 13:14:56', 'prctyp': 'MKT', 'ret': 'DAY', 'exchordid': '1758871905439395874', 'fillshares': '20', 'dscqty': '0', 'avgprc': '55.95', 'exch_tm': '26-09-2025 13:14:56'}
2025-09-26 13:14:55,383 - INFO - Account 1 - S COMPLETE Fill
2025-09-26 13:14:55,383 - INFO - Order status debug - status: 'COMPLETE', reporttype: 'Fill', trantype: 'S', price: '0.00'
2025-09-26 13:14:55,388 - INFO - Sell order completed for account 1: SENSEX25O0182000CE @ 0.0
2025-09-26 13:14:55,388 - INFO - Account 1 order status updated to: COMPLETE
2025-09-26 13:14:55,388 - INFO - DEBUG - Account 1 status: 'COMPLETE' (type: <class 'str'>)
2025-09-26 13:14:55,389 - INFO - DEBUG - Current account can_order: 1
2025-09-26 13:14:55,389 - INFO - DEBUG - Transaction type: 'S'
2025-09-26 13:14:55,389 - INFO - SELL order completed for account 1 - NOT activating SL/Target monitoring
2025-09-26 13:14:55,389 - INFO - Order status updated for account 1: Sell Order Complete @ 0.00
2025-09-26 13:15:08,648 - INFO - Open orders check - Master: False, Child: False
2025-09-26 13:15:08,648 - INFO - Monitoring check - SL: False, Target: False, States SL: False, States Target: False
2025-09-26 13:15:08,656 - INFO - Release buttons clicked - resetting system for new orders
2025-09-26 13:15:08,656 - INFO - Login status check - Master: True, Child: True
2025-09-26 13:15:08,659 - INFO - Updated Master (ID: 1) login_status to '1': Master account logged in
2025-09-26 13:15:08,664 - INFO - Updated Master (ID: 1) can_order to '1': Master account reset after trading block
2025-09-26 13:15:08,664 - INFO - Master account reset to ready (was logged in)
2025-09-26 13:15:08,673 - INFO - Updated Child (ID: 2) login_status to '1': Child account logged in
2025-09-26 13:15:08,673 - INFO - Updated Child (ID: 2) can_order to '1': Child account reset after trading block
2025-09-26 13:15:08,673 - INFO - Child account reset to ready (was logged in)
2025-09-26 13:15:08,673 - INFO - Trading blocks reset while preserving login status
2025-09-26 13:15:08,681 - INFO - RESET POSITION DATA - Master (ID: 1) - position data cleared
2025-09-26 13:15:08,695 - INFO - Cleared exit order info for Master (ID: 1)
2025-09-26 13:15:08,695 - INFO - Position data and exit order info cleared for Master account
2025-09-26 13:15:08,698 - INFO - RESET POSITION DATA - Child (ID: 2) - position data cleared
2025-09-26 13:15:08,708 - INFO - Cleared exit order info for Child (ID: 2)
2025-09-26 13:15:08,709 - INFO - Position data and exit order info cleared for Child account
2025-09-26 13:15:08,710 - INFO - BUY button and Price box re-enabled for new orders - auto-fill re-enabled
2025-09-26 13:15:08,711 - INFO - Trailing monitoring stopped
2025-09-26 13:15:08,711 - INFO - Trailing controls reset to initial state
2025-09-26 13:15:08,712 - INFO - SL/Target controls reset to initial state
2025-09-26 13:15:08,712 - INFO - Enabling selection row components
2025-09-26 13:15:08,713 - INFO - Selection row components enabled
2025-09-26 13:15:08,713 - INFO - Management buttons disabled until new orders are placed
2025-09-26 13:15:08,717 - INFO - Order status displays updated with client names
2025-09-26 13:15:08,717 - INFO - Monitoring stopped and timers cleared
2025-09-26 13:15:08,718 - INFO - Enabling selection row components
2025-09-26 13:15:08,719 - INFO - Selection row components enabled
2025-09-26 13:15:08,720 - INFO - System released - ready for new orders
2025-09-26 13:15:58,839 - INFO - On option selected called - Function not implemented yet
2025-09-26 13:16:02,724 - INFO - Buy price box cleared for new symbol selection - auto-fill re-enabled
2025-09-26 13:16:02,726 - INFO - Generated trading symbol: SENSEX25O0181500PE
2025-09-26 13:16:02,726 - INFO - Trading symbol stored: SENSEX25O0181500PE
2025-09-26 13:16:02,728 - INFO - Getting token for trading symbol: SENSEX25O0181500PE
2025-09-26 13:16:02,734 - INFO - Found token for SENSEX25O0181500PE: 865218
2025-09-26 13:16:03,439 - INFO - Fetched price for SENSEX25O0181500PE: 753.1
2025-09-26 13:16:03,439 - INFO - Getting token for trading symbol: SENSEX25O0181500PE
2025-09-26 13:16:03,448 - INFO - Found token for SENSEX25O0181500PE: 865218
2025-09-26 13:16:03,448 - INFO - Unsubscribed from previous: BFO|865469
2025-09-26 13:16:03,448 - INFO - Subscribed to live price feed via master account: BFO|865218
2025-09-26 13:16:03,448 - INFO - Auto-subscribed to SENSEX25O0181500PE at price 753.1
2025-09-26 13:16:03,448 - INFO - Strike selected: 81500, trading symbol: SENSEX25O0181500PE
2025-09-26 13:16:03,489 - INFO - Initial buy price set: 753.10
2025-09-26 13:16:07,115 - INFO - Buy price field value changed to empty - auto-fill disabled
2025-09-26 13:16:07,115 - INFO - Buy price box cleared for new symbol selection - auto-fill re-enabled
2025-09-26 13:16:07,115 - INFO - Generated trading symbol: SENSEX25O0180100PE
2025-09-26 13:16:07,116 - INFO - Trading symbol stored: SENSEX25O0180100PE
2025-09-26 13:16:07,116 - INFO - Getting token for trading symbol: SENSEX25O0180100PE
2025-09-26 13:16:07,120 - INFO - Found token for SENSEX25O0180100PE: 865352
2025-09-26 13:16:07,745 - INFO - Fetched price for SENSEX25O0180100PE: 112.4
2025-09-26 13:16:07,745 - INFO - Getting token for trading symbol: SENSEX25O0180100PE
2025-09-26 13:16:07,753 - INFO - Found token for SENSEX25O0180100PE: 865352
2025-09-26 13:16:07,753 - INFO - Unsubscribed from previous: BFO|865218
2025-09-26 13:16:07,753 - INFO - Subscribed to live price feed via master account: BFO|865352
2025-09-26 13:16:07,753 - INFO - Auto-subscribed to SENSEX25O0180100PE at price 112.4
2025-09-26 13:16:07,753 - INFO - Strike selected: 80100, trading symbol: SENSEX25O0180100PE
2025-09-26 13:16:07,761 - INFO - Initial buy price set: 758.25
2025-09-26 13:16:17,438 - INFO - Buy price field value changed to empty - auto-fill disabled
2025-09-26 13:16:17,438 - INFO - Buy price box cleared for new symbol selection - auto-fill re-enabled
2025-09-26 13:16:17,440 - INFO - Generated trading symbol: SENSEX25O018010PE
2025-09-26 13:16:17,440 - INFO - Trading symbol stored: SENSEX25O018010PE
2025-09-26 13:16:17,440 - INFO - Getting token for trading symbol: SENSEX25O018010PE
2025-09-26 13:16:17,446 - ERROR - No token found for SENSEX25O018010PE
2025-09-26 13:16:17,473 - INFO - Available SENSEX symbols (first 10): ['SENSEX26SEP86000PE' 'SENSEX26SEP85000PE' 'SENSEX26SEP84000PE'
 'SENSEX26SEP83000PE' 'SENSEX26SEP82000PE' 'SENSEX26SEP81000PE'
 'SENSEX26SEP80000PE' 'SENSEX26SEP79000PE' 'SENSEX26SEP78000PE'
 'SENSEX26SEP77000PE']
2025-09-26 13:16:17,475 - ERROR - Error in fallback conversion: time data 'O01' does not match format '%b'
2025-09-26 13:16:17,475 - WARNING - Could not fetch price for SENSEX25O018010PE
2025-09-26 13:16:17,475 - INFO - Strike selected: 8010, trading symbol: SENSEX25O018010PE
2025-09-26 13:16:17,659 - INFO - Buy price box cleared for new symbol selection - auto-fill re-enabled
2025-09-26 13:16:17,659 - INFO - Generated trading symbol: SENSEX25O01801PE
2025-09-26 13:16:17,659 - INFO - Trading symbol stored: SENSEX25O01801PE
2025-09-26 13:16:17,668 - INFO - Getting token for trading symbol: SENSEX25O01801PE
2025-09-26 13:16:17,670 - ERROR - No token found for SENSEX25O01801PE
2025-09-26 13:16:17,695 - INFO - Available SENSEX symbols (first 10): ['SENSEX26SEP86000PE' 'SENSEX26SEP85000PE' 'SENSEX26SEP84000PE'
 'SENSEX26SEP83000PE' 'SENSEX26SEP82000PE' 'SENSEX26SEP81000PE'
 'SENSEX26SEP80000PE' 'SENSEX26SEP79000PE' 'SENSEX26SEP78000PE'
 'SENSEX26SEP77000PE']
2025-09-26 13:16:17,697 - ERROR - Error in fallback conversion: time data 'O01' does not match format '%b'
2025-09-26 13:16:17,697 - WARNING - Could not fetch price for SENSEX25O01801PE
2025-09-26 13:16:17,697 - INFO - Strike selected: 801, trading symbol: SENSEX25O01801PE
2025-09-26 13:16:18,059 - INFO - Initial buy price set: 111.40
2025-09-26 13:16:18,246 - INFO - Buy price field value changed to empty - auto-fill disabled
2025-09-26 13:16:18,246 - INFO - Buy price box cleared for new symbol selection - auto-fill re-enabled
2025-09-26 13:16:18,246 - INFO - Generated trading symbol: SENSEX25O0180PE
2025-09-26 13:16:18,246 - INFO - Trading symbol stored: SENSEX25O0180PE
2025-09-26 13:16:18,246 - INFO - Getting token for trading symbol: SENSEX25O0180PE
2025-09-26 13:16:18,254 - ERROR - No token found for SENSEX25O0180PE
2025-09-26 13:16:18,287 - INFO - Available SENSEX symbols (first 10): ['SENSEX26SEP86000PE' 'SENSEX26SEP85000PE' 'SENSEX26SEP84000PE'
 'SENSEX26SEP83000PE' 'SENSEX26SEP82000PE' 'SENSEX26SEP81000PE'
 'SENSEX26SEP80000PE' 'SENSEX26SEP79000PE' 'SENSEX26SEP78000PE'
 'SENSEX26SEP77000PE']
2025-09-26 13:16:18,287 - ERROR - Error in fallback conversion: time data 'O01' does not match format '%b'
2025-09-26 13:16:18,287 - WARNING - Could not fetch price for SENSEX25O0180PE
2025-09-26 13:16:18,287 - INFO - Strike selected: 80, trading symbol: SENSEX25O0180PE
2025-09-26 13:16:18,871 - INFO - Buy price box cleared for new symbol selection - auto-fill re-enabled
2025-09-26 13:16:18,880 - INFO - Generated trading symbol: SENSEX25O01800PE
2025-09-26 13:16:18,881 - INFO - Trading symbol stored: SENSEX25O01800PE
2025-09-26 13:16:18,881 - INFO - Getting token for trading symbol: SENSEX25O01800PE
2025-09-26 13:16:18,886 - ERROR - No token found for SENSEX25O01800PE
2025-09-26 13:16:18,904 - INFO - Available SENSEX symbols (first 10): ['SENSEX26SEP86000PE' 'SENSEX26SEP85000PE' 'SENSEX26SEP84000PE'
 'SENSEX26SEP83000PE' 'SENSEX26SEP82000PE' 'SENSEX26SEP81000PE'
 'SENSEX26SEP80000PE' 'SENSEX26SEP79000PE' 'SENSEX26SEP78000PE'
 'SENSEX26SEP77000PE']
2025-09-26 13:16:18,904 - ERROR - Error in fallback conversion: time data 'O01' does not match format '%b'
2025-09-26 13:16:18,904 - WARNING - Could not fetch price for SENSEX25O01800PE
2025-09-26 13:16:18,904 - INFO - Strike selected: 800, trading symbol: SENSEX25O01800PE
2025-09-26 13:16:19,058 - INFO - Buy price box cleared for new symbol selection - auto-fill re-enabled
2025-09-26 13:16:19,058 - INFO - Generated trading symbol: SENSEX25O018000PE
2025-09-26 13:16:19,058 - INFO - Trading symbol stored: SENSEX25O018000PE
2025-09-26 13:16:19,060 - INFO - Getting token for trading symbol: SENSEX25O018000PE
2025-09-26 13:16:19,065 - ERROR - No token found for SENSEX25O018000PE
2025-09-26 13:16:19,082 - INFO - Available SENSEX symbols (first 10): ['SENSEX26SEP86000PE' 'SENSEX26SEP85000PE' 'SENSEX26SEP84000PE'
 'SENSEX26SEP83000PE' 'SENSEX26SEP82000PE' 'SENSEX26SEP81000PE'
 'SENSEX26SEP80000PE' 'SENSEX26SEP79000PE' 'SENSEX26SEP78000PE'
 'SENSEX26SEP77000PE']
2025-09-26 13:16:19,082 - ERROR - Error in fallback conversion: time data 'O01' does not match format '%b'
2025-09-26 13:16:19,082 - WARNING - Could not fetch price for SENSEX25O018000PE
2025-09-26 13:16:19,082 - INFO - Strike selected: 8000, trading symbol: SENSEX25O018000PE
2025-09-26 13:16:19,261 - INFO - Buy price box cleared for new symbol selection - auto-fill re-enabled
2025-09-26 13:16:19,261 - INFO - Generated trading symbol: SENSEX25O0180000PE
2025-09-26 13:16:19,261 - INFO - Trading symbol stored: SENSEX25O0180000PE
2025-09-26 13:16:19,261 - INFO - Getting token for trading symbol: SENSEX25O0180000PE
2025-09-26 13:16:19,261 - INFO - Found token for SENSEX25O0180000PE: 865487
2025-09-26 13:16:19,927 - INFO - Fetched price for SENSEX25O0180000PE: 97.15
2025-09-26 13:16:19,927 - INFO - Getting token for trading symbol: SENSEX25O0180000PE
2025-09-26 13:16:19,930 - INFO - Found token for SENSEX25O0180000PE: 865487
2025-09-26 13:16:19,930 - INFO - Unsubscribed from previous: BFO|865352
2025-09-26 13:16:19,930 - INFO - Subscribed to live price feed via master account: BFO|865487
2025-09-26 13:16:19,930 - INFO - Auto-subscribed to SENSEX25O0180000PE at price 97.15
2025-09-26 13:16:19,930 - INFO - Strike selected: 80000, trading symbol: SENSEX25O0180000PE
2025-09-26 13:16:19,973 - INFO - Initial buy price set: 97.15
2025-09-26 13:16:29,047 - INFO - Not all required fields selected for strike selection
2025-09-26 13:16:29,047 - INFO - Buy price field value changed to empty - auto-fill disabled
2025-09-26 13:16:29,047 - INFO - Buy price box cleared for new symbol selection - auto-fill re-enabled
2025-09-26 13:16:29,047 - INFO - Generated trading symbol: SENSEX25O017PE
2025-09-26 13:16:29,047 - INFO - Trading symbol stored: SENSEX25O017PE
2025-09-26 13:16:29,047 - INFO - Getting token for trading symbol: SENSEX25O017PE
2025-09-26 13:16:29,056 - ERROR - No token found for SENSEX25O017PE
2025-09-26 13:16:29,081 - INFO - Available SENSEX symbols (first 10): ['SENSEX26SEP86000PE' 'SENSEX26SEP85000PE' 'SENSEX26SEP84000PE'
 'SENSEX26SEP83000PE' 'SENSEX26SEP82000PE' 'SENSEX26SEP81000PE'
 'SENSEX26SEP80000PE' 'SENSEX26SEP79000PE' 'SENSEX26SEP78000PE'
 'SENSEX26SEP77000PE']
2025-09-26 13:16:29,081 - ERROR - Error in fallback conversion: invalid literal for int() with base 10: '7P'
2025-09-26 13:16:29,081 - WARNING - Could not fetch price for SENSEX25O017PE
2025-09-26 13:16:29,081 - INFO - Strike selected: 7, trading symbol: SENSEX25O017PE
2025-09-26 13:16:29,138 - INFO - Buy price box cleared for new symbol selection - auto-fill re-enabled
2025-09-26 13:16:29,138 - INFO - Generated trading symbol: SENSEX25O0179PE
2025-09-26 13:16:29,138 - INFO - Trading symbol stored: SENSEX25O0179PE
2025-09-26 13:16:29,138 - INFO - Getting token for trading symbol: SENSEX25O0179PE
2025-09-26 13:16:29,146 - ERROR - No token found for SENSEX25O0179PE
2025-09-26 13:16:29,179 - INFO - Available SENSEX symbols (first 10): ['SENSEX26SEP86000PE' 'SENSEX26SEP85000PE' 'SENSEX26SEP84000PE'
 'SENSEX26SEP83000PE' 'SENSEX26SEP82000PE' 'SENSEX26SEP81000PE'
 'SENSEX26SEP80000PE' 'SENSEX26SEP79000PE' 'SENSEX26SEP78000PE'
 'SENSEX26SEP77000PE']
2025-09-26 13:16:29,179 - ERROR - Error in fallback conversion: time data 'O01' does not match format '%b'
2025-09-26 13:16:29,179 - WARNING - Could not fetch price for SENSEX25O0179PE
2025-09-26 13:16:29,179 - INFO - Strike selected: 79, trading symbol: SENSEX25O0179PE
2025-09-26 13:16:29,187 - INFO - Initial buy price set: 97.70
2025-09-26 13:16:29,565 - INFO - Buy price field value changed to empty - auto-fill disabled
2025-09-26 13:16:29,565 - INFO - Buy price box cleared for new symbol selection - auto-fill re-enabled
2025-09-26 13:16:29,568 - INFO - Generated trading symbol: SENSEX25O01795PE
2025-09-26 13:16:29,568 - INFO - Trading symbol stored: SENSEX25O01795PE
2025-09-26 13:16:29,568 - INFO - Getting token for trading symbol: SENSEX25O01795PE
2025-09-26 13:16:29,572 - ERROR - No token found for SENSEX25O01795PE
2025-09-26 13:16:29,604 - INFO - Available SENSEX symbols (first 10): ['SENSEX26SEP86000PE' 'SENSEX26SEP85000PE' 'SENSEX26SEP84000PE'
 'SENSEX26SEP83000PE' 'SENSEX26SEP82000PE' 'SENSEX26SEP81000PE'
 'SENSEX26SEP80000PE' 'SENSEX26SEP79000PE' 'SENSEX26SEP78000PE'
 'SENSEX26SEP77000PE']
2025-09-26 13:16:29,607 - ERROR - Error in fallback conversion: time data 'O01' does not match format '%b'
2025-09-26 13:16:29,607 - WARNING - Could not fetch price for SENSEX25O01795PE
2025-09-26 13:16:29,607 - INFO - Strike selected: 795, trading symbol: SENSEX25O01795PE
2025-09-26 13:16:29,830 - INFO - Buy price box cleared for new symbol selection - auto-fill re-enabled
2025-09-26 13:16:29,830 - INFO - Generated trading symbol: SENSEX25O017950PE
2025-09-26 13:16:29,830 - INFO - Trading symbol stored: SENSEX25O017950PE
2025-09-26 13:16:29,830 - INFO - Getting token for trading symbol: SENSEX25O017950PE
2025-09-26 13:16:29,840 - ERROR - No token found for SENSEX25O017950PE
2025-09-26 13:16:29,865 - INFO - Available SENSEX symbols (first 10): ['SENSEX26SEP86000PE' 'SENSEX26SEP85000PE' 'SENSEX26SEP84000PE'
 'SENSEX26SEP83000PE' 'SENSEX26SEP82000PE' 'SENSEX26SEP81000PE'
 'SENSEX26SEP80000PE' 'SENSEX26SEP79000PE' 'SENSEX26SEP78000PE'
 'SENSEX26SEP77000PE']
2025-09-26 13:16:29,865 - ERROR - Error in fallback conversion: time data 'O01' does not match format '%b'
2025-09-26 13:16:29,865 - WARNING - Could not fetch price for SENSEX25O017950PE
2025-09-26 13:16:29,865 - INFO - Strike selected: 7950, trading symbol: SENSEX25O017950PE
2025-09-26 13:16:29,986 - INFO - Buy price box cleared for new symbol selection - auto-fill re-enabled
2025-09-26 13:16:29,986 - INFO - Generated trading symbol: SENSEX25O0179500PE
2025-09-26 13:16:29,994 - INFO - Trading symbol stored: SENSEX25O0179500PE
2025-09-26 13:16:29,994 - INFO - Getting token for trading symbol: SENSEX25O0179500PE
2025-09-26 13:16:29,994 - INFO - Found token for SENSEX25O0179500PE: 865016
2025-09-26 13:16:30,653 - INFO - Fetched price for SENSEX25O0179500PE: 51.75
2025-09-26 13:16:30,653 - INFO - Getting token for trading symbol: SENSEX25O0179500PE
2025-09-26 13:16:30,659 - INFO - Found token for SENSEX25O0179500PE: 865016
2025-09-26 13:16:30,659 - INFO - Unsubscribed from previous: BFO|865487
2025-09-26 13:16:30,661 - INFO - Subscribed to live price feed via master account: BFO|865016
2025-09-26 13:16:30,661 - INFO - Auto-subscribed to SENSEX25O0179500PE at price 51.75
2025-09-26 13:16:30,663 - INFO - Strike selected: 79500, trading symbol: SENSEX25O0179500PE
2025-09-26 13:16:30,665 - INFO - Initial buy price set: 97.10
2025-09-26 13:27:12,063 - INFO - User focused on price box - current value: '97.10'
2025-09-26 13:30:46,840 - INFO - User focused on price box - current value: '97.10'
2025-09-26 13:30:49,720 - INFO - Application closing - cleaning up resources
2025-09-26 13:30:50,736 - INFO - WebSocket connection monitoring stopped
2025-09-26 13:31:39,516 - INFO - Loaded account states from account_state.csv
2025-09-26 13:31:39,522 - INFO - Loaded configuration from configuration.csv
2025-09-26 13:31:39,522 - INFO - Resetting account states to initial state on startup...
2025-09-26 13:31:39,535 - INFO - Updated Master (ID: 1) login_status to '0': Program startup - master not logged in
2025-09-26 13:31:39,544 - INFO - Updated Master (ID: 1) can_order to '0': Program startup - master cannot place orders
2025-09-26 13:31:39,551 - INFO - Updated Child (ID: 2) login_status to '0': Program startup - child not logged in
2025-09-26 13:31:39,558 - INFO - Updated Child (ID: 2) can_order to '0': Program startup - child cannot place orders
2025-09-26 13:31:39,564 - INFO - RESET POSITION DATA - Master (ID: 1) - position data cleared
2025-09-26 13:31:39,572 - INFO - RESET POSITION DATA - Child (ID: 2) - position data cleared
2025-09-26 13:31:39,590 - INFO - Cleared exit order info for Master (ID: 1)
2025-09-26 13:31:39,598 - INFO - Cleared exit order info for Child (ID: 2)
2025-09-26 13:31:39,598 - INFO - Enabling selection row components
2025-09-26 13:31:39,598 - ERROR - Error enabling selection row: 'MainWindow' object has no attribute 'index_dropdown'
2025-09-26 13:31:39,599 - INFO - Position data and exit order info cleared on startup for both accounts
2025-09-26 13:31:39,599 - INFO - Account states reset to initial state
2025-09-26 13:31:39,600 - INFO - Loaded cached index prices from today
2025-09-26 13:31:39,605 - INFO - All expiry dates are valid
2025-09-26 13:31:39,605 - INFO - Loaded cached expiry dates from today
2025-09-26 13:31:39,846 - INFO - WebSocket connection monitoring started
2025-09-26 13:31:39,848 - INFO - SL/Target configuration loaded - SL: 3 points, Target: 40 points
2025-09-26 13:31:39,848 - INFO - Calculated differences - SL: -3, Target: 40
2025-09-26 13:31:40,137 - INFO - Checking master files...
2025-09-26 13:31:40,138 - INFO - All master files are current
2025-09-26 13:31:40,138 - INFO - [SUCCESS] Master files are up to date
2025-09-26 13:31:40,140 - INFO - Attempting auto-login for master account...
2025-09-26 13:31:40,141 - INFO - Starting Master-Child Trading GUI - Original UI Layout
2025-09-26 13:31:40,141 - INFO - Generated fresh 2FA for account 1: 803280
2025-09-26 13:31:40,141 - INFO - Attempting login for account 1 with userid: FA42242
2025-09-26 13:31:40,997 - INFO - Login response for account 1: {'request_time': '13:31:41 26-09-2025', 'actid': 'FA42242', 'access_type': ['MOB', 'TT', 'WEB', 'API'], 'uname': 'KRATIK YADAV', 'prarr': [{'prd': 'C', 's_prdt_ali': 'CNC', 'exch': ['NSE', 'BSE', 'NIPO', 'BSTAR']}, {'prd': 'M', 's_prdt_ali': 'NRML', 'exch': ['NFO', 'BFO', 'CDS', 'BCD']}, {'prd': 'I', 's_prdt_ali': 'MIS', 'exch': ['NSE', 'BSE', 'NFO', 'BFO', 'CDS', 'BCD']}, {'prd': 'H', 's_prdt_ali': 'CO', 'exch': ['NSE', 'NFO', 'CDS', 'BSE']}, {'prd': 'B', 's_prdt_ali': 'BO', 'exch': ['NSE', 'NFO', 'CDS', 'BSE']}], 'exch_prd': [{'exch': 'NSE', 'prds': ['C', 'I', 'H', 'B']}, {'exch': 'NFO', 'prds': ['M', 'I', 'H', 'B']}, {'exch': 'CDS', 'prds': ['M', 'I', 'H', 'B']}, {'exch': 'BSE', 'prds': ['C', 'I', 'H', 'B']}, {'exch': 'BCD', 'prds': ['M', 'I']}, {'exch': 'NIPO', 'prds': ['C']}, {'exch': 'BSTAR', 'prds': ['C']}, {'exch': 'BFO', 'prds': ['M', 'I']}], 'stat': 'Ok', 'susertoken': '3f94eb8610623da7d595d80ffda19aa1873ba92b27f4774ad1afa65fe3640a4e', 'susertokenspl': 'ce32d342369ba5b735012f06aa003d20253522917c23521e37f33c51eed0d20c', 'email': 'kratikiafk@gmail.com', 'uid': 'FA42242', 'brnchid': 'HO', 'totp_set': '1', 'm_num': '6265650705', 'orarr': ['MKT', 'LMT', 'SL-LMT', 'SL-MKT'], 'exarr': ['NSE', 'NFO', 'CDS', 'BSE', 'BCD', 'NIPO', 'BSTAR', 'BFO'], 'values': ['4', '3', '2'], 'mws': {'4': [{'exch': 'NFO', 'token': '68495', 'tsym': 'BANKINDIA28OCT25P105', 'cname': 'BANKINDIA OCT 105 PE ', 'dname': 'BANKINDIA OCT 105 PE ', 'instname': 'OPTSTK', 'pp': '2', 'ls': '5200', 'ti': '0.05', 'optt': 'PE'}, {'exch': 'NFO', 'token': '68471', 'tsym': 'BANKINDIA30SEP25P142.5', 'cname': 'BANKINDIA SEP 142.50 PE ', 'dname': 'BANKINDIA SEP 142.50 PE ', 'instname': 'OPTSTK', 'pp': '2', 'ls': '5200', 'ti': '0.05', 'optt': 'PE'}], '3': [], '2': [{'exch': 'NSE', 'token': '2088', 'tsym': 'MAHSEAMLES-EQ', 'cname': 'MAHARASHTRA SEAMLESS LTD', 'instname': 'EQ', 'pp': '2', 'ls': '1', 'ti': '0.05'}, {'exch': 'NSE', 'token': '23402', 'tsym': 'SRM-EQ', 'cname': 'SRM CONTRACTORS LIMITED', 'instname': 'EQ', 'pp': '2', 'ls': '1', 'ti': '0.05'}, {'exch': 'NSE', 'token': '18110', 'tsym': 'VASCONEQ-EQ', 'cname': 'VASCON ENGINEERS LTD', 'instname': 'EQ', 'pp': '2', 'ls': '1', 'ti': '0.01'}]}, 'brkname': 'FINV', 'dmsg': '', 'lastaccesstime': '1758873701', 'lastpwdtime': '1756959759'}
2025-09-26 13:31:41,002 - INFO - Login response type: <class 'dict'>
2025-09-26 13:31:41,004 - INFO - Login Successful!, Welcome KRATIK YADAV - Master ACCOUNT
2025-09-26 13:31:41,009 - INFO - Updated Master (ID: 1) login_status to '1': Master account auto-login successful
2025-09-26 13:31:41,013 - INFO - Updated Master (ID: 1) can_order to '1': Master account ready for orders
2025-09-26 13:31:41,013 - INFO - WebSocket connection established for account 1
2025-09-26 13:31:41,013 - INFO - Network connection restored for account 1
2025-09-26 13:31:41,013 - INFO - Refreshing market data...
2025-09-26 13:31:41,013 - INFO - Master account auto-login successful: KRATIK YADAV
2025-09-26 13:31:41,022 - INFO - Index prices are current, no refresh needed
2025-09-26 13:31:41,022 - INFO - Expiry dates are current, no refresh needed
2025-09-26 13:31:41,211 - INFO - Websocket connected
2025-09-26 13:31:41,252 - INFO - WebSocket is now open for Account 1
2025-09-26 13:31:42,626 - INFO - Positions retrieved for KRATIK YADAV: 0 open positions found
2025-09-26 13:31:42,626 - INFO - Position check completed - No open positions found
2025-09-26 13:31:45,263 - INFO - Attempting login for child account 2...
2025-09-26 13:31:45,263 - INFO - Login attempt 1/3 for child account 2
2025-09-26 13:31:45,271 - INFO - Generated fresh 2FA for account 2: 708403
2025-09-26 13:31:45,271 - INFO - Attempting login for account 2 with userid: FA32246
2025-09-26 13:31:45,909 - INFO - Login response for account 2: {'request_time': '13:31:46 26-09-2025', 'actid': 'FA32246', 'access_type': ['MOB', 'TT', 'WEB', 'API'], 'uname': 'ROOPAL SONI', 'prarr': [{'prd': 'C', 's_prdt_ali': 'CNC', 'exch': ['NSE', 'BSE', 'NIPO', 'BSTAR']}, {'prd': 'M', 's_prdt_ali': 'NRML', 'exch': ['NFO', 'BFO', 'CDS', 'BCD', 'MCX']}, {'prd': 'I', 's_prdt_ali': 'MIS', 'exch': ['NSE', 'BSE', 'NFO', 'BFO', 'CDS', 'BCD', 'MCX']}, {'prd': 'H', 's_prdt_ali': 'CO', 'exch': ['NSE', 'NFO', 'CDS', 'MCX', 'BSE']}, {'prd': 'B', 's_prdt_ali': 'BO', 'exch': ['NSE', 'NFO', 'CDS', 'MCX', 'BSE']}], 'exch_prd': [{'exch': 'NSE', 'prds': ['C', 'I', 'H', 'B']}, {'exch': 'NFO', 'prds': ['M', 'I', 'H', 'B']}, {'exch': 'CDS', 'prds': ['M', 'I', 'H', 'B']}, {'exch': 'BSE', 'prds': ['C', 'I', 'H', 'B']}, {'exch': 'BCD', 'prds': ['M', 'I']}, {'exch': 'MCX', 'prds': ['M', 'I', 'H', 'B']}, {'exch': 'NIPO', 'prds': ['C']}, {'exch': 'BSTAR', 'prds': ['C']}, {'exch': 'BFO', 'prds': ['M', 'I']}], 'stat': 'Ok', 'susertoken': '618da8f049cc7da4e504205c3026ea26f1004826d91f65c31a0350f5d5288fb4', 'susertokenspl': '26203aed8e56bbd9648d054a62e23977509924834cc4633bdeb771158d59f87d', 'email': 'kratik.kunal@gmail.com', 'uid': 'FA32246', 'brnchid': 'HO', 'totp_set': '1', 'm_num': '9424018696', 'orarr': ['MKT', 'LMT', 'SL-LMT', 'SL-MKT'], 'exarr': ['NSE', 'NFO', 'CDS', 'BSE', 'BCD', 'MCX', 'NIPO', 'BSTAR', 'BFO'], 'values': ['l', 'calls', 'Puts'], 'mws': {'l': [], 'calls': [{'exch': 'NFO', 'token': '54979', 'tsym': 'ADANIGREEN28OCT25P1100', 'cname': 'ADANIGREEN OCT 1100 PE ', 'dname': 'ADANIGREEN OCT 1100 PE ', 'instname': 'OPTSTK', 'pp': '2', 'ls': '600', 'ti': '0.05', 'optt': 'PE'}, {'exch': 'NFO', 'token': '54957', 'tsym': 'ADANIGREEN28OCT25P660', 'cname': 'ADANIGREEN OCT 660 PE ', 'dname': 'ADANIGREEN OCT 660 PE ', 'instname': 'OPTSTK', 'pp': '2', 'ls': '600', 'ti': '0.05', 'optt': 'PE'}, {'exch': 'NFO', 'token': '54995', 'tsym': 'ADANIGREEN25NOV25P600', 'cname': 'ADANIGREEN NOV 600 PE ', 'dname': 'ADANIGREEN NOV 600 PE ', 'instname': 'OPTSTK', 'pp': '2', 'ls': '600', 'ti': '0.05', 'optt': 'PE'}, {'exch': 'NFO', 'token': '54991', 'tsym': 'BANKNIFTY30SEP25C55400', 'cname': 'BANKNIFTY 30SEP25 55400 CE ', 'dname': 'BANKNIFTY 30SEP25 55400 CE ', 'instname': 'OPTIDX', 'pp': '2', 'ls': '35', 'ti': '0.05', 'optt': 'CE'}, {'exch': 'NFO', 'token': '54983', 'tsym': 'ADANIGREEN28OCT25P1180', 'cname': 'ADANIGREEN OCT 1180 PE ', 'dname': 'ADANIGREEN OCT 1180 PE ', 'instname': 'OPTSTK', 'pp': '2', 'ls': '600', 'ti': '0.05', 'optt': 'PE'}, {'exch': 'NFO', 'token': '54965', 'tsym': 'ADANIGREEN28OCT25P820', 'cname': 'ADANIGREEN OCT 820 PE ', 'dname': 'ADANIGREEN OCT 820 PE ', 'instname': 'OPTSTK', 'pp': '2', 'ls': '600', 'ti': '0.05', 'optt': 'PE'}, {'exch': 'NFO', 'token': '54953', 'tsym': 'ADANIGREEN28OCT25P520', 'cname': 'ADANIGREEN OCT 520 PE ', 'dname': 'ADANIGREEN OCT 520 PE ', 'instname': 'OPTSTK', 'pp': '2', 'ls': '600', 'ti': '0.05', 'optt': 'PE'}], 'Puts': [{'exch': 'NFO', 'token': '60487', 'tsym': 'NIFTY30SEP25C25200', 'cname': 'NIFTY 30SEP25 25200 CE ', 'dname': 'NIFTY 30SEP25 25200 CE ', 'instname': 'OPTIDX', 'pp': '2', 'ls': '75', 'ti': '0.05', 'optt': 'CE'}, {'exch': 'NFO', 'token': '64694', 'tsym': 'NIFTY30SEP25C25000', 'cname': 'NIFTY 30SEP25 25000 CE ', 'dname': 'NIFTY 30SEP25 25000 CE ', 'instname': 'OPTIDX', 'pp': '2', 'ls': '75', 'ti': '0.05', 'optt': 'CE'}, {'exch': 'BSE', 'token': '1', 'tsym': 'SENSEX', 'cname': 'BSE SENSEX', 'instname': 'UNDIND', 'pp': '2', 'ls': '1', 'ti': '0.05', 'nontrd': '1'}, {'exch': 'NFO', 'token': '48898', 'tsym': 'MCX25NOV25F', 'cname': 'MCX NOV FUT', 'dname': 'MCX NOV FUT', 'instname': 'FUTSTK', 'pp': '2', 'ls': '125', 'ti': '0.50', 'optt': 'XX'}, {'exch': 'MCX', 'token': '456955', 'tsym': 'COPPER30SEP25', 'instname': 'FUTCOM', 'pp': '2', 'ls': '2500', 'ti': '0.05', 'optt': 'XX'}, {'exch': 'NSE', 'token': '4598', 'tsym': 'HERITGFOOD-EQ', 'cname': 'HERITAGE FOODS LTD', 'instname': 'EQ', 'pp': '2', 'ls': '1', 'ti': '0.05'}, {'exch': 'NSE', 'token': '2885', 'tsym': 'RELIANCE-EQ', 'cname': 'RELIANCE INDUSTRIES LTD', 'instname': 'EQ', 'pp': '2', 'ls': '1', 'ti': '0.10'}, {'exch': 'NSE', 'token': '31181', 'tsym': 'MCX-EQ', 'cname': 'MULTI COMMODITY EXCHANGE', 'instname': 'EQ', 'pp': '2', 'ls': '1', 'ti': '0.50'}, {'exch': 'NSE', 'token': '8003', 'tsym': 'SILVER-EQ', 'cname': 'BIRLASLAMC - SILVER', 'instname': 'EQ', 'pp': '2', 'ls': '1', 'ti': '0.01'}, {'exch': 'NSE', 'token': '26037', 'tsym': 'Nifty Fin Service', 'cname': 'FIN NIFTY', 'instname': 'UNDIND', 'pp': '2', 'ls': '1', 'ti': '0.05', 'nontrd': '1'}]}, 'brkname': 'FINV', 'dmsg': '', 'lastaccesstime': '1758873706', 'lastpwdtime': '1757444505'}
2025-09-26 13:31:45,909 - INFO - Login response type: <class 'dict'>
2025-09-26 13:31:45,909 - INFO - Login Successful!, Welcome ROOPAL SONI - Child2 ACCOUNT
2025-09-26 13:31:45,917 - INFO - Updated Child (ID: 2) login_status to '1': Child account 2 login successful
2025-09-26 13:31:45,927 - INFO - Updated Child (ID: 2) can_order to '1': Child account 2 ready for orders
2025-09-26 13:31:45,928 - INFO - WebSocket connection established for account 2
2025-09-26 13:31:45,930 - INFO - Network connection restored for account 2
2025-09-26 13:31:45,932 - INFO - Child account login successful: ROOPAL SONI
2025-09-26 13:31:46,087 - INFO - Websocket connected
2025-09-26 13:31:46,133 - INFO - WebSocket is now open for Account 2
2025-09-26 13:31:46,964 - INFO - Index selected: SENSEX
2025-09-26 13:31:46,964 - INFO - On option selected called - Function not implemented yet
2025-09-26 13:31:46,967 - INFO - Not all required fields selected for strike selection
2025-09-26 13:31:46,967 - INFO - Option and strike selections cleared for new index
2025-09-26 13:31:46,967 - INFO - On expiry selected called - Function not implemented yet
2025-09-26 13:31:46,967 - INFO - Strike dropdown populated with 15 strikes for SENSEX
2025-09-26 13:31:46,967 - INFO - Updated quantity dropdown for SENSEX: ['20', '40', '60', '80', '100', '120', '140', '160', '180', '200']
2025-09-26 13:31:47,627 - INFO - Positions retrieved for KRATIK YADAV: 0 open positions found
2025-09-26 13:31:48,258 - INFO - Positions retrieved for ROOPAL SONI: 0 open positions found
2025-09-26 13:31:48,258 - INFO - Position check completed - No open positions found
2025-09-26 13:31:50,512 - INFO - On option selected called - Function not implemented yet
2025-09-26 13:31:53,551 - INFO - On option selected called - Function not implemented yet
2025-09-26 13:31:55,129 - INFO - Buy price box cleared for new symbol selection - auto-fill re-enabled
2025-09-26 13:31:55,129 - INFO - Generated trading symbol: SENSEX25O017PE
2025-09-26 13:31:55,129 - INFO - Trading symbol stored: SENSEX25O017PE
2025-09-26 13:31:55,129 - INFO - Getting token for trading symbol: SENSEX25O017PE
2025-09-26 13:31:55,129 - ERROR - No token found for SENSEX25O017PE
2025-09-26 13:31:55,165 - INFO - Available SENSEX symbols (first 10): ['SENSEX26SEP86000PE' 'SENSEX26SEP85000PE' 'SENSEX26SEP84000PE'
 'SENSEX26SEP83000PE' 'SENSEX26SEP82000PE' 'SENSEX26SEP81000PE'
 'SENSEX26SEP80000PE' 'SENSEX26SEP79000PE' 'SENSEX26SEP78000PE'
 'SENSEX26SEP77000PE']
2025-09-26 13:31:55,165 - ERROR - Error in fallback conversion: invalid literal for int() with base 10: '7P'
2025-09-26 13:31:55,168 - WARNING - Could not fetch price for SENSEX25O017PE
2025-09-26 13:31:55,168 - INFO - Strike selected: 7, trading symbol: SENSEX25O017PE
2025-09-26 13:31:55,626 - INFO - Buy price box cleared for new symbol selection - auto-fill re-enabled
2025-09-26 13:31:55,626 - INFO - Generated trading symbol: SENSEX25O0179PE
2025-09-26 13:31:55,626 - INFO - Trading symbol stored: SENSEX25O0179PE
2025-09-26 13:31:55,626 - INFO - Getting token for trading symbol: SENSEX25O0179PE
2025-09-26 13:31:55,631 - ERROR - No token found for SENSEX25O0179PE
2025-09-26 13:31:55,656 - INFO - Available SENSEX symbols (first 10): ['SENSEX26SEP86000PE' 'SENSEX26SEP85000PE' 'SENSEX26SEP84000PE'
 'SENSEX26SEP83000PE' 'SENSEX26SEP82000PE' 'SENSEX26SEP81000PE'
 'SENSEX26SEP80000PE' 'SENSEX26SEP79000PE' 'SENSEX26SEP78000PE'
 'SENSEX26SEP77000PE']
2025-09-26 13:31:55,664 - ERROR - Error in fallback conversion: time data 'O01' does not match format '%b'
2025-09-26 13:31:55,664 - WARNING - Could not fetch price for SENSEX25O0179PE
2025-09-26 13:31:55,666 - INFO - Strike selected: 79, trading symbol: SENSEX25O0179PE
2025-09-26 13:31:56,028 - INFO - Buy price box cleared for new symbol selection - auto-fill re-enabled
2025-09-26 13:31:56,028 - INFO - Generated trading symbol: SENSEX25O01795PE
2025-09-26 13:31:56,030 - INFO - Trading symbol stored: SENSEX25O01795PE
2025-09-26 13:31:56,030 - INFO - Getting token for trading symbol: SENSEX25O01795PE
2025-09-26 13:31:56,032 - ERROR - No token found for SENSEX25O01795PE
2025-09-26 13:31:56,056 - INFO - Available SENSEX symbols (first 10): ['SENSEX26SEP86000PE' 'SENSEX26SEP85000PE' 'SENSEX26SEP84000PE'
 'SENSEX26SEP83000PE' 'SENSEX26SEP82000PE' 'SENSEX26SEP81000PE'
 'SENSEX26SEP80000PE' 'SENSEX26SEP79000PE' 'SENSEX26SEP78000PE'
 'SENSEX26SEP77000PE']
2025-09-26 13:31:56,056 - ERROR - Error in fallback conversion: time data 'O01' does not match format '%b'
2025-09-26 13:31:56,056 - WARNING - Could not fetch price for SENSEX25O01795PE
2025-09-26 13:31:56,056 - INFO - Strike selected: 795, trading symbol: SENSEX25O01795PE
2025-09-26 13:31:56,228 - INFO - Buy price box cleared for new symbol selection - auto-fill re-enabled
2025-09-26 13:31:56,228 - INFO - Generated trading symbol: SENSEX25O017950PE
2025-09-26 13:31:56,228 - INFO - Trading symbol stored: SENSEX25O017950PE
2025-09-26 13:31:56,228 - INFO - Getting token for trading symbol: SENSEX25O017950PE
2025-09-26 13:31:56,228 - ERROR - No token found for SENSEX25O017950PE
2025-09-26 13:31:56,262 - INFO - Available SENSEX symbols (first 10): ['SENSEX26SEP86000PE' 'SENSEX26SEP85000PE' 'SENSEX26SEP84000PE'
 'SENSEX26SEP83000PE' 'SENSEX26SEP82000PE' 'SENSEX26SEP81000PE'
 'SENSEX26SEP80000PE' 'SENSEX26SEP79000PE' 'SENSEX26SEP78000PE'
 'SENSEX26SEP77000PE']
2025-09-26 13:31:56,262 - ERROR - Error in fallback conversion: time data 'O01' does not match format '%b'
2025-09-26 13:31:56,262 - WARNING - Could not fetch price for SENSEX25O017950PE
2025-09-26 13:31:56,262 - INFO - Strike selected: 7950, trading symbol: SENSEX25O017950PE
2025-09-26 13:31:56,410 - INFO - Buy price box cleared for new symbol selection - auto-fill re-enabled
2025-09-26 13:31:56,410 - INFO - Generated trading symbol: SENSEX25O0179500PE
2025-09-26 13:31:56,410 - INFO - Trading symbol stored: SENSEX25O0179500PE
2025-09-26 13:31:56,410 - INFO - Getting token for trading symbol: SENSEX25O0179500PE
2025-09-26 13:31:56,418 - INFO - Found token for SENSEX25O0179500PE: 865016
2025-09-26 13:31:57,113 - INFO - Fetched price for SENSEX25O0179500PE: 60.9
2025-09-26 13:31:57,113 - INFO - Getting token for trading symbol: SENSEX25O0179500PE
2025-09-26 13:31:57,113 - INFO - Found token for SENSEX25O0179500PE: 865016
2025-09-26 13:31:57,113 - INFO - Subscribed to live price feed via master account: BFO|865016
2025-09-26 13:31:57,113 - INFO - Auto-subscribed to SENSEX25O0179500PE at price 60.9
2025-09-26 13:31:57,113 - INFO - Strike selected: 79500, trading symbol: SENSEX25O0179500PE
2025-09-26 13:31:57,163 - INFO - Initial buy price set: 60.90
2025-09-26 13:31:59,505 - INFO - User focused on price box - current value: '60.90'
2025-09-26 13:32:00,799 - INFO - Buy price field value changed to empty - auto-fill disabled
2025-09-26 13:32:02,524 - INFO - Placing buy orders for SENSEX25O0179500PE @ 30.0 master_qty 20
2025-09-26 13:32:02,532 - INFO - Account 1 is active for order placement
2025-09-26 13:32:02,532 - INFO - Account 2 is active for order placement
2025-09-26 13:32:02,540 - INFO - Disabling selection row components
2025-09-26 13:32:02,540 - INFO - Selection row components disabled
2025-09-26 13:32:02,542 - INFO - Master account quantity: 20
2025-09-26 13:32:02,542 - INFO - Child lots set to minimum for SENSEX: 20
2025-09-26 13:32:02,542 - INFO - Placing order for account 1: {'buy_or_sell': 'B', 'product_type': 'M', 'exchange': 'BFO', 'tradingsymbol': 'SENSEX25O0179500PE', 'quantity': 20, 'discloseqty': 0, 'price_type': 'LMT', 'price': 30.0, 'trigger_price': None, 'retention': 'DAY', 'amo': 'NO', 'remarks': None}
2025-09-26 13:32:02,548 - INFO - Child account quantity: 20 (master: 20, index: SENSEX)
2025-09-26 13:32:02,551 - INFO - Placing order for account 2: {'buy_or_sell': 'B', 'product_type': 'M', 'exchange': 'BFO', 'tradingsymbol': 'SENSEX25O0179500PE', 'quantity': 20, 'discloseqty': 0, 'price_type': 'LMT', 'price': 30.0, 'trigger_price': None, 'retention': 'DAY', 'amo': 'NO', 'remarks': None}
2025-09-26 13:32:03,407 - INFO - Updated Master (ID: 1) order info: 25092600385431 SENSEX25O0179500PE 20@30.0
2025-09-26 13:32:03,407 - INFO - Order placed successfully for account 1: 25092600385431
2025-09-26 13:32:03,414 - INFO - Order update for account 2: {'t': 'om', 'norenordno': '25092600385434', 'uid': 'FA32246', 'actid': 'FA32246', 'exch': 'BFO', 'tsym': 'SENSEX25O0179500PE', 'trantype': 'B', 'qty': '20', 'prc': '30.00', 'pcode': 'M', 'remarks': '', 'rejreason': ' ', 'status': 'PENDING', 'reporttype': 'NewAck', 'prctyp': 'LMT', 'ret': 'DAY', 'exchordid': '', 'dscqty': '0'}
2025-09-26 13:32:03,422 - INFO - Account 2 - B PENDING NewAck
2025-09-26 13:32:03,422 - INFO - Order status debug - status: 'PENDING', reporttype: 'NewAck', trantype: 'B', price: '30.00'
2025-09-26 13:32:03,429 - INFO - Updated Child (ID: 2) order info: 25092600385434 SENSEX25O0179500PE 20@30.0
2025-09-26 13:32:03,429 - INFO - Order placed successfully for account 2: 25092600385434
2025-09-26 13:32:03,431 - INFO - Starting auto SL/Target calculation for buy price: 30.0
2025-09-26 13:32:03,433 - INFO - Using differences - SL: -3, Target: 40
2025-09-26 13:32:03,434 - INFO - Calculated prices - SL: 27.0, Target: 70.0
2025-09-26 13:32:03,437 - INFO - UI values set - SL: 27.0, Target: 70.0
2025-09-26 13:32:03,437 - INFO - SL/Target points calculated - SL points: 3.0, Target points: 40.0
2025-09-26 13:32:03,442 - INFO - Buy orders filled check - Master: filled_qty=0
2025-09-26 13:32:03,443 - INFO - Buy orders filled check - Child: filled_qty=0
2025-09-26 13:32:03,444 - INFO - Buy orders filled result: False
2025-09-26 13:32:03,446 - INFO - Auto SL/Target set - SL: 27.0, Target: 70.0 (Buy Open: 30.0)
2025-09-26 13:32:03,448 - INFO - Buy price box disabled
2025-09-26 13:32:03,450 - INFO - Buy orders placed successfully
2025-09-26 13:32:03,451 - INFO - Account 2 order status updated to: PENDING
2025-09-26 13:32:03,452 - INFO - DEBUG - Account 2 status: 'PENDING' (type: <class 'str'>)
2025-09-26 13:32:03,453 - INFO - Order update for account 1: {'t': 'om', 'norenordno': '25092600385431', 'uid': 'FA42242', 'actid': 'FA42242', 'exch': 'BFO', 'tsym': 'SENSEX25O0179500PE', 'trantype': 'B', 'qty': '20', 'prc': '30.00', 'pcode': 'M', 'remarks': '', 'rejreason': ' ', 'status': 'PENDING', 'reporttype': 'NewAck', 'prctyp': 'LMT', 'ret': 'DAY', 'exchordid': '', 'dscqty': '0'}
2025-09-26 13:32:03,456 - INFO - DEBUG - Current account can_order: 1
2025-09-26 13:32:03,459 - INFO - DEBUG - Transaction type: 'B'
2025-09-26 13:32:03,459 - INFO - Account 1 - B PENDING NewAck
2025-09-26 13:32:03,459 - INFO - Order status debug - status: 'PENDING', reporttype: 'NewAck', trantype: 'B', price: '30.00'
2025-09-26 13:32:03,461 - INFO - Order status updated for account 2: Buy Order PENDING @ 30.00
2025-09-26 13:32:03,463 - INFO - Order update for account 2: {'t': 'om', 'norenordno': '25092600385434', 'uid': 'FA32246', 'actid': 'FA32246', 'exch': 'BFO', 'tsym': 'SENSEX25O0179500PE', 'trantype': 'B', 'qty': '20', 'prc': '30.00', 'pcode': 'M', 'remarks': '', 'rejreason': ' ', 'status': 'PENDING', 'reporttype': 'PendingNew', 'prctyp': 'LMT', 'ret': 'DAY', 'exchordid': '', 'dscqty': '0'}
2025-09-26 13:32:03,465 - INFO - Account 2 - B PENDING PendingNew
2025-09-26 13:32:03,466 - INFO - Order status debug - status: 'PENDING', reporttype: 'PendingNew', trantype: 'B', price: '30.00'
2025-09-26 13:32:03,472 - INFO - Account 1 order status updated to: PENDING
2025-09-26 13:32:03,472 - INFO - Account 2 order status updated to: PENDING
2025-09-26 13:32:03,473 - INFO - DEBUG - Account 1 status: 'PENDING' (type: <class 'str'>)
2025-09-26 13:32:03,473 - INFO - DEBUG - Account 2 status: 'PENDING' (type: <class 'str'>)
2025-09-26 13:32:03,476 - INFO - DEBUG - Current account can_order: 1
2025-09-26 13:32:03,479 - INFO - DEBUG - Current account can_order: 1
2025-09-26 13:32:03,480 - INFO - DEBUG - Transaction type: 'B'
2025-09-26 13:32:03,480 - INFO - DEBUG - Transaction type: 'B'
2025-09-26 13:32:03,481 - INFO - Order status updated for account 1: Buy Order PENDING @ 30.00
2025-09-26 13:32:03,481 - INFO - Order status updated for account 2: Buy Order PENDING @ 30.00
2025-09-26 13:32:03,482 - INFO - Order update for account 1: {'t': 'om', 'norenordno': '25092600385431', 'uid': 'FA42242', 'actid': 'FA42242', 'exch': 'BFO', 'tsym': 'SENSEX25O0179500PE', 'trantype': 'B', 'qty': '20', 'prc': '30.00', 'pcode': 'M', 'remarks': '', 'rejreason': ' ', 'status': 'PENDING', 'reporttype': 'PendingNew', 'prctyp': 'LMT', 'ret': 'DAY', 'exchordid': '', 'dscqty': '0'}
2025-09-26 13:32:03,482 - INFO - Order update for account 2: {'t': 'om', 'norenordno': '25092600385434', 'uid': 'FA32246', 'actid': 'FA32246', 'exch': 'BFO', 'tsym': 'SENSEX25O0179500PE', 'trantype': 'B', 'qty': '20', 'prc': '30.00', 'pcode': 'M', 'remarks': '', 'rejreason': ' ', 'status': 'OPEN', 'reporttype': 'New', 'prctyp': 'LMT', 'ret': 'DAY', 'exchordid': '1758873673041131027', 'dscqty': '0', 'exch_tm': '26-09-2025 13:32:04'}
2025-09-26 13:32:03,483 - INFO - Account 1 - B PENDING PendingNew
2025-09-26 13:32:03,483 - INFO - Order status debug - status: 'PENDING', reporttype: 'PendingNew', trantype: 'B', price: '30.00'
2025-09-26 13:32:03,483 - INFO - Account 2 - B OPEN New
2025-09-26 13:32:03,483 - INFO - Order status debug - status: 'OPEN', reporttype: 'New', trantype: 'B', price: '30.00'
2025-09-26 13:32:03,485 - INFO - Account 1 order status updated to: PENDING
2025-09-26 13:32:03,485 - INFO - DEBUG - Account 1 status: 'PENDING' (type: <class 'str'>)
2025-09-26 13:32:03,485 - INFO - Account 2 order status updated to: OPEN
2025-09-26 13:32:03,487 - INFO - DEBUG - Current account can_order: 1
2025-09-26 13:32:03,489 - INFO - DEBUG - Account 2 status: 'OPEN' (type: <class 'str'>)
2025-09-26 13:32:03,489 - INFO - DEBUG - Transaction type: 'B'
2025-09-26 13:32:03,491 - INFO - DEBUG - Current account can_order: 1
2025-09-26 13:32:03,494 - INFO - Order status updated for account 1: Buy Order PENDING @ 30.00
2025-09-26 13:32:03,494 - INFO - DEBUG - Transaction type: 'B'
2025-09-26 13:32:03,495 - INFO - Order update for account 1: {'t': 'om', 'norenordno': '25092600385431', 'uid': 'FA42242', 'actid': 'FA42242', 'exch': 'BFO', 'tsym': 'SENSEX25O0179500PE', 'trantype': 'B', 'qty': '20', 'prc': '30.00', 'pcode': 'M', 'remarks': '', 'rejreason': ' ', 'status': 'OPEN', 'reporttype': 'New', 'prctyp': 'LMT', 'ret': 'DAY', 'exchordid': '1758873673041131018', 'dscqty': '0', 'exch_tm': '26-09-2025 13:32:04'}
2025-09-26 13:32:03,495 - INFO - Order status updated for account 2: Buy Order Open @ 30.00
2025-09-26 13:32:03,496 - INFO - Account 1 - B OPEN New
2025-09-26 13:32:03,497 - INFO - Order status debug - status: 'OPEN', reporttype: 'New', trantype: 'B', price: '30.00'
2025-09-26 13:32:03,499 - INFO - Account 1 order status updated to: OPEN
2025-09-26 13:32:03,501 - INFO - DEBUG - Account 1 status: 'OPEN' (type: <class 'str'>)
2025-09-26 13:32:03,504 - INFO - DEBUG - Current account can_order: 1
2025-09-26 13:32:03,504 - INFO - DEBUG - Transaction type: 'B'
2025-09-26 13:32:03,505 - INFO - Order status updated for account 1: Buy Order Open @ 30.00
2025-09-26 13:32:16,502 - INFO - Cancel buy orders clicked
2025-09-26 13:32:16,508 - INFO - Cancelling Master order: 25092600385431
2025-09-26 13:32:16,514 - INFO - Cancelling Child order: 25092600385434
2025-09-26 13:32:17,392 - INFO - Successfully cancelled Master order: 25092600385431
2025-09-26 13:32:17,392 - INFO - Order update for account 2: {'t': 'om', 'norenordno': '25092600385434', 'uid': 'FA32246', 'actid': 'FA32246', 'exch': 'BFO', 'tsym': 'SENSEX25O0179500PE', 'trantype': 'B', 'qty': '20', 'prc': '30.00', 'pcode': 'M', 'remarks': '', 'status': 'PENDING', 'reporttype': 'PendingCancel', 'prctyp': 'LMT', 'ret': 'DAY', 'exchordid': '1758873673041131027', 'dscqty': '0', 'exch_tm': '26-09-2025 13:32:04'}
2025-09-26 13:32:17,402 - INFO - Successfully cancelled Child order: 25092600385434
2025-09-26 13:32:17,409 - INFO - Account 2 - B PENDING PendingCancel
2025-09-26 13:32:17,409 - INFO - Order status debug - status: 'PENDING', reporttype: 'PendingCancel', trantype: 'B', price: '30.00'
2025-09-26 13:32:17,425 - INFO - Updated Master (ID: 1) can_order to '0': Order cancelled by user
2025-09-26 13:32:17,427 - INFO - Updated Child (ID: 2) can_order to '0': Order cancelled by user
2025-09-26 13:32:17,429 - INFO - Master buy order cancelled successfully
2025-09-26 13:32:17,431 - INFO - Child buy order cancelled successfully
2025-09-26 13:32:17,438 - INFO - Buy price box disabled
2025-09-26 13:32:17,444 - INFO - Account 2 order status updated to: PENDING
2025-09-26 13:32:17,447 - INFO - DEBUG - Account 2 status: 'PENDING' (type: <class 'str'>)
2025-09-26 13:32:17,452 - INFO - DEBUG - Current account can_order: 0
2025-09-26 13:32:17,455 - INFO - DEBUG - Transaction type: 'B'
2025-09-26 13:32:17,457 - INFO - Order status updated for account 2: Buy Order PENDING @ 30.00
2025-09-26 13:32:17,462 - INFO - Order update for account 2: {'t': 'om', 'norenordno': '25092600385434', 'uid': 'FA32246', 'actid': 'FA32246', 'exch': 'BFO', 'tsym': 'SENSEX25O0179500PE', 'trantype': 'B', 'qty': '20', 'prc': '30.00', 'pcode': 'M', 'remarks': '', 'rejreason': 'Order Cancelled', 'status': 'CANCELED', 'reporttype': 'Canceled', 'prctyp': 'LMT', 'ret': 'DAY', 'exchordid': '1758873673041131027', 'cancelqty': '20', 'dscqty': '0', 'exch_tm': '26-09-2025 13:32:18'}
2025-09-26 13:32:17,464 - INFO - Account 2 - B CANCELED Canceled
2025-09-26 13:32:17,465 - INFO - Order status debug - status: 'CANCELED', reporttype: 'Canceled', trantype: 'B', price: '30.00'
2025-09-26 13:32:17,472 - INFO - Order status updated for account 2: Buy Order CANCELED @ 30.00
2025-09-26 13:32:17,479 - INFO - Order update for account 1: {'t': 'om', 'norenordno': '25092600385431', 'uid': 'FA42242', 'actid': 'FA42242', 'exch': 'BFO', 'tsym': 'SENSEX25O0179500PE', 'trantype': 'B', 'qty': '20', 'prc': '30.00', 'pcode': 'M', 'remarks': '', 'status': 'PENDING', 'reporttype': 'PendingCancel', 'prctyp': 'LMT', 'ret': 'DAY', 'exchordid': '1758873673041131018', 'dscqty': '0', 'exch_tm': '26-09-2025 13:32:04'}
2025-09-26 13:32:17,482 - INFO - Account 1 - B PENDING PendingCancel
2025-09-26 13:32:17,483 - INFO - Order status debug - status: 'PENDING', reporttype: 'PendingCancel', trantype: 'B', price: '30.00'
2025-09-26 13:32:17,485 - INFO - Account 1 order status updated to: PENDING
2025-09-26 13:32:17,486 - INFO - DEBUG - Account 1 status: 'PENDING' (type: <class 'str'>)
2025-09-26 13:32:17,489 - INFO - DEBUG - Current account can_order: 0
2025-09-26 13:32:17,490 - INFO - DEBUG - Transaction type: 'B'
2025-09-26 13:32:17,492 - INFO - Order status updated for account 1: Buy Order PENDING @ 30.00
2025-09-26 13:32:17,494 - INFO - Order update for account 1: {'t': 'om', 'norenordno': '25092600385431', 'uid': 'FA42242', 'actid': 'FA42242', 'exch': 'BFO', 'tsym': 'SENSEX25O0179500PE', 'trantype': 'B', 'qty': '20', 'prc': '30.00', 'pcode': 'M', 'remarks': '', 'rejreason': 'Order Cancelled', 'status': 'CANCELED', 'reporttype': 'Canceled', 'prctyp': 'LMT', 'ret': 'DAY', 'exchordid': '1758873673041131018', 'cancelqty': '20', 'dscqty': '0', 'exch_tm': '26-09-2025 13:32:18'}
2025-09-26 13:32:17,497 - INFO - Account 1 - B CANCELED Canceled
2025-09-26 13:32:17,499 - INFO - Order status debug - status: 'CANCELED', reporttype: 'Canceled', trantype: 'B', price: '30.00'
2025-09-26 13:32:17,500 - INFO - Order status updated for account 1: Buy Order CANCELED @ 30.00
2025-09-26 13:36:37,382 - INFO - Loaded account states from account_state.csv
2025-09-26 13:36:37,384 - INFO - Loaded configuration from configuration.csv
2025-09-26 13:36:37,385 - INFO - Resetting account states to initial state on startup...
2025-09-26 13:36:37,392 - INFO - Updated Master (ID: 1) login_status to '0': Program startup - master not logged in
2025-09-26 13:36:37,403 - INFO - Updated Master (ID: 1) can_order to '0': Program startup - master cannot place orders
2025-09-26 13:36:37,410 - INFO - Updated Child (ID: 2) login_status to '0': Program startup - child not logged in
2025-09-26 13:36:37,416 - INFO - Updated Child (ID: 2) can_order to '0': Program startup - child cannot place orders
2025-09-26 13:36:37,420 - INFO - RESET POSITION DATA - Master (ID: 1) - position data cleared
2025-09-26 13:36:37,427 - INFO - RESET POSITION DATA - Child (ID: 2) - position data cleared
2025-09-26 13:36:37,440 - INFO - Cleared exit order info for Master (ID: 1)
2025-09-26 13:36:37,449 - INFO - Cleared exit order info for Child (ID: 2)
2025-09-26 13:36:37,450 - INFO - Enabling selection row components
2025-09-26 13:36:37,450 - ERROR - Error enabling selection row: 'MainWindow' object has no attribute 'index_dropdown'
2025-09-26 13:36:37,450 - INFO - Position data and exit order info cleared on startup for both accounts
2025-09-26 13:36:37,451 - INFO - Account states reset to initial state
2025-09-26 13:36:37,453 - INFO - Loaded cached index prices from today
2025-09-26 13:36:37,454 - INFO - All expiry dates are valid
2025-09-26 13:36:37,454 - INFO - Loaded cached expiry dates from today
2025-09-26 13:36:37,702 - INFO - WebSocket connection monitoring started
2025-09-26 13:36:37,702 - INFO - SL/Target configuration loaded - SL: 3 points, Target: 40 points
2025-09-26 13:36:37,702 - INFO - Calculated differences - SL: -3, Target: 40
2025-09-26 13:36:37,764 - INFO - Checking master files...
2025-09-26 13:36:37,764 - INFO - All master files are current
2025-09-26 13:36:37,764 - INFO - [SUCCESS] Master files are up to date
2025-09-26 13:36:37,764 - INFO - Attempting auto-login for master account...
2025-09-26 13:36:37,764 - INFO - Starting Master-Child Trading GUI - Original UI Layout
2025-09-26 13:36:37,766 - INFO - Generated fresh 2FA for account 1: 918200
2025-09-26 13:36:37,767 - INFO - Attempting login for account 1 with userid: FA42242
2025-09-26 13:36:38,598 - INFO - Login response for account 1: {'request_time': '13:36:39 26-09-2025', 'actid': 'FA42242', 'access_type': ['MOB', 'TT', 'WEB', 'API'], 'uname': 'KRATIK YADAV', 'prarr': [{'prd': 'C', 's_prdt_ali': 'CNC', 'exch': ['NSE', 'BSE', 'NIPO', 'BSTAR']}, {'prd': 'M', 's_prdt_ali': 'NRML', 'exch': ['NFO', 'BFO', 'CDS', 'BCD']}, {'prd': 'I', 's_prdt_ali': 'MIS', 'exch': ['NSE', 'BSE', 'NFO', 'BFO', 'CDS', 'BCD']}, {'prd': 'H', 's_prdt_ali': 'CO', 'exch': ['NSE', 'NFO', 'CDS', 'BSE']}, {'prd': 'B', 's_prdt_ali': 'BO', 'exch': ['NSE', 'NFO', 'CDS', 'BSE']}], 'exch_prd': [{'exch': 'NSE', 'prds': ['C', 'I', 'H', 'B']}, {'exch': 'NFO', 'prds': ['M', 'I', 'H', 'B']}, {'exch': 'CDS', 'prds': ['M', 'I', 'H', 'B']}, {'exch': 'BSE', 'prds': ['C', 'I', 'H', 'B']}, {'exch': 'BCD', 'prds': ['M', 'I']}, {'exch': 'NIPO', 'prds': ['C']}, {'exch': 'BSTAR', 'prds': ['C']}, {'exch': 'BFO', 'prds': ['M', 'I']}], 'stat': 'Ok', 'susertoken': 'a832dc3bf288f60e5dfafc6d9b81f94f652250af81208ca00c1d870736285088', 'susertokenspl': 'b981e27196d8920da0c6b817b5245cf6de4cbc215736deec807abc531661bd3f', 'email': 'kratikiafk@gmail.com', 'uid': 'FA42242', 'brnchid': 'HO', 'totp_set': '1', 'm_num': '6265650705', 'orarr': ['MKT', 'LMT', 'SL-LMT', 'SL-MKT'], 'exarr': ['NSE', 'NFO', 'CDS', 'BSE', 'BCD', 'NIPO', 'BSTAR', 'BFO'], 'values': ['4', '3', '2'], 'mws': {'4': [{'exch': 'NFO', 'token': '68495', 'tsym': 'BANKINDIA28OCT25P105', 'cname': 'BANKINDIA OCT 105 PE ', 'dname': 'BANKINDIA OCT 105 PE ', 'instname': 'OPTSTK', 'pp': '2', 'ls': '5200', 'ti': '0.05', 'optt': 'PE'}, {'exch': 'NFO', 'token': '68471', 'tsym': 'BANKINDIA30SEP25P142.5', 'cname': 'BANKINDIA SEP 142.50 PE ', 'dname': 'BANKINDIA SEP 142.50 PE ', 'instname': 'OPTSTK', 'pp': '2', 'ls': '5200', 'ti': '0.05', 'optt': 'PE'}], '3': [], '2': [{'exch': 'NSE', 'token': '2088', 'tsym': 'MAHSEAMLES-EQ', 'cname': 'MAHARASHTRA SEAMLESS LTD', 'instname': 'EQ', 'pp': '2', 'ls': '1', 'ti': '0.05'}, {'exch': 'NSE', 'token': '23402', 'tsym': 'SRM-EQ', 'cname': 'SRM CONTRACTORS LIMITED', 'instname': 'EQ', 'pp': '2', 'ls': '1', 'ti': '0.05'}, {'exch': 'NSE', 'token': '18110', 'tsym': 'VASCONEQ-EQ', 'cname': 'VASCON ENGINEERS LTD', 'instname': 'EQ', 'pp': '2', 'ls': '1', 'ti': '0.01'}]}, 'brkname': 'FINV', 'dmsg': '', 'lastaccesstime': '1758873999', 'lastpwdtime': '1756959759'}
2025-09-26 13:36:38,603 - INFO - Login response type: <class 'dict'>
2025-09-26 13:36:38,603 - INFO - Login Successful!, Welcome KRATIK YADAV - Master ACCOUNT
2025-09-26 13:36:38,612 - INFO - Updated Master (ID: 1) login_status to '1': Master account auto-login successful
2025-09-26 13:36:38,619 - INFO - Updated Master (ID: 1) can_order to '1': Master account ready for orders
2025-09-26 13:36:38,623 - INFO - WebSocket connection established for account 1
2025-09-26 13:36:38,623 - INFO - Network connection restored for account 1
2025-09-26 13:36:38,623 - INFO - Refreshing market data...
2025-09-26 13:36:38,628 - INFO - Master account auto-login successful: KRATIK YADAV
2025-09-26 13:36:38,628 - INFO - Index prices are current, no refresh needed
2025-09-26 13:36:38,628 - INFO - Expiry dates are current, no refresh needed
2025-09-26 13:36:38,796 - INFO - Websocket connected
2025-09-26 13:36:38,844 - INFO - WebSocket is now open for Account 1
2025-09-26 13:36:40,304 - INFO - Positions retrieved for KRATIK YADAV: 0 open positions found
2025-09-26 13:36:40,304 - INFO - Position check completed - No open positions found
2025-09-26 13:37:30,195 - INFO - Attempting login for child account 2...
2025-09-26 13:37:30,195 - INFO - Login attempt 1/3 for child account 2
2025-09-26 13:37:30,195 - INFO - Generated fresh 2FA for account 2: 723347
2025-09-26 13:37:30,195 - INFO - Attempting login for account 2 with userid: FA32246
2025-09-26 13:37:31,021 - INFO - Login response for account 2: {'request_time': '13:37:31 26-09-2025', 'actid': 'FA32246', 'access_type': ['MOB', 'TT', 'WEB', 'API'], 'uname': 'ROOPAL SONI', 'prarr': [{'prd': 'C', 's_prdt_ali': 'CNC', 'exch': ['NSE', 'BSE', 'NIPO', 'BSTAR']}, {'prd': 'M', 's_prdt_ali': 'NRML', 'exch': ['NFO', 'BFO', 'CDS', 'BCD', 'MCX']}, {'prd': 'I', 's_prdt_ali': 'MIS', 'exch': ['NSE', 'BSE', 'NFO', 'BFO', 'CDS', 'BCD', 'MCX']}, {'prd': 'H', 's_prdt_ali': 'CO', 'exch': ['NSE', 'NFO', 'CDS', 'MCX', 'BSE']}, {'prd': 'B', 's_prdt_ali': 'BO', 'exch': ['NSE', 'NFO', 'CDS', 'MCX', 'BSE']}], 'exch_prd': [{'exch': 'NSE', 'prds': ['C', 'I', 'H', 'B']}, {'exch': 'NFO', 'prds': ['M', 'I', 'H', 'B']}, {'exch': 'CDS', 'prds': ['M', 'I', 'H', 'B']}, {'exch': 'BSE', 'prds': ['C', 'I', 'H', 'B']}, {'exch': 'BCD', 'prds': ['M', 'I']}, {'exch': 'MCX', 'prds': ['M', 'I', 'H', 'B']}, {'exch': 'NIPO', 'prds': ['C']}, {'exch': 'BSTAR', 'prds': ['C']}, {'exch': 'BFO', 'prds': ['M', 'I']}], 'stat': 'Ok', 'susertoken': '181c9e4e9610b6801a4a2d7e3c723f64f25a84e88a21d4815396b256d85e7956', 'susertokenspl': 'f196fb5234c64560f5492299a90d2a81ce087c1b81b1c70678013b9323027577', 'email': 'kratik.kunal@gmail.com', 'uid': 'FA32246', 'brnchid': 'HO', 'totp_set': '1', 'm_num': '9424018696', 'orarr': ['MKT', 'LMT', 'SL-LMT', 'SL-MKT'], 'exarr': ['NSE', 'NFO', 'CDS', 'BSE', 'BCD', 'MCX', 'NIPO', 'BSTAR', 'BFO'], 'values': ['l', 'calls', 'Puts'], 'mws': {'l': [], 'calls': [{'exch': 'NFO', 'token': '54979', 'tsym': 'ADANIGREEN28OCT25P1100', 'cname': 'ADANIGREEN OCT 1100 PE ', 'dname': 'ADANIGREEN OCT 1100 PE ', 'instname': 'OPTSTK', 'pp': '2', 'ls': '600', 'ti': '0.05', 'optt': 'PE'}, {'exch': 'NFO', 'token': '54957', 'tsym': 'ADANIGREEN28OCT25P660', 'cname': 'ADANIGREEN OCT 660 PE ', 'dname': 'ADANIGREEN OCT 660 PE ', 'instname': 'OPTSTK', 'pp': '2', 'ls': '600', 'ti': '0.05', 'optt': 'PE'}, {'exch': 'NFO', 'token': '54995', 'tsym': 'ADANIGREEN25NOV25P600', 'cname': 'ADANIGREEN NOV 600 PE ', 'dname': 'ADANIGREEN NOV 600 PE ', 'instname': 'OPTSTK', 'pp': '2', 'ls': '600', 'ti': '0.05', 'optt': 'PE'}, {'exch': 'NFO', 'token': '54991', 'tsym': 'BANKNIFTY30SEP25C55400', 'cname': 'BANKNIFTY 30SEP25 55400 CE ', 'dname': 'BANKNIFTY 30SEP25 55400 CE ', 'instname': 'OPTIDX', 'pp': '2', 'ls': '35', 'ti': '0.05', 'optt': 'CE'}, {'exch': 'NFO', 'token': '54983', 'tsym': 'ADANIGREEN28OCT25P1180', 'cname': 'ADANIGREEN OCT 1180 PE ', 'dname': 'ADANIGREEN OCT 1180 PE ', 'instname': 'OPTSTK', 'pp': '2', 'ls': '600', 'ti': '0.05', 'optt': 'PE'}, {'exch': 'NFO', 'token': '54965', 'tsym': 'ADANIGREEN28OCT25P820', 'cname': 'ADANIGREEN OCT 820 PE ', 'dname': 'ADANIGREEN OCT 820 PE ', 'instname': 'OPTSTK', 'pp': '2', 'ls': '600', 'ti': '0.05', 'optt': 'PE'}, {'exch': 'NFO', 'token': '54953', 'tsym': 'ADANIGREEN28OCT25P520', 'cname': 'ADANIGREEN OCT 520 PE ', 'dname': 'ADANIGREEN OCT 520 PE ', 'instname': 'OPTSTK', 'pp': '2', 'ls': '600', 'ti': '0.05', 'optt': 'PE'}], 'Puts': [{'exch': 'NFO', 'token': '60487', 'tsym': 'NIFTY30SEP25C25200', 'cname': 'NIFTY 30SEP25 25200 CE ', 'dname': 'NIFTY 30SEP25 25200 CE ', 'instname': 'OPTIDX', 'pp': '2', 'ls': '75', 'ti': '0.05', 'optt': 'CE'}, {'exch': 'NFO', 'token': '64694', 'tsym': 'NIFTY30SEP25C25000', 'cname': 'NIFTY 30SEP25 25000 CE ', 'dname': 'NIFTY 30SEP25 25000 CE ', 'instname': 'OPTIDX', 'pp': '2', 'ls': '75', 'ti': '0.05', 'optt': 'CE'}, {'exch': 'BSE', 'token': '1', 'tsym': 'SENSEX', 'cname': 'BSE SENSEX', 'instname': 'UNDIND', 'pp': '2', 'ls': '1', 'ti': '0.05', 'nontrd': '1'}, {'exch': 'NFO', 'token': '48898', 'tsym': 'MCX25NOV25F', 'cname': 'MCX NOV FUT', 'dname': 'MCX NOV FUT', 'instname': 'FUTSTK', 'pp': '2', 'ls': '125', 'ti': '0.50', 'optt': 'XX'}, {'exch': 'MCX', 'token': '456955', 'tsym': 'COPPER30SEP25', 'instname': 'FUTCOM', 'pp': '2', 'ls': '2500', 'ti': '0.05', 'optt': 'XX'}, {'exch': 'NSE', 'token': '4598', 'tsym': 'HERITGFOOD-EQ', 'cname': 'HERITAGE FOODS LTD', 'instname': 'EQ', 'pp': '2', 'ls': '1', 'ti': '0.05'}, {'exch': 'NSE', 'token': '2885', 'tsym': 'RELIANCE-EQ', 'cname': 'RELIANCE INDUSTRIES LTD', 'instname': 'EQ', 'pp': '2', 'ls': '1', 'ti': '0.10'}, {'exch': 'NSE', 'token': '31181', 'tsym': 'MCX-EQ', 'cname': 'MULTI COMMODITY EXCHANGE', 'instname': 'EQ', 'pp': '2', 'ls': '1', 'ti': '0.50'}, {'exch': 'NSE', 'token': '8003', 'tsym': 'SILVER-EQ', 'cname': 'BIRLASLAMC - SILVER', 'instname': 'EQ', 'pp': '2', 'ls': '1', 'ti': '0.01'}, {'exch': 'NSE', 'token': '26037', 'tsym': 'Nifty Fin Service', 'cname': 'FIN NIFTY', 'instname': 'UNDIND', 'pp': '2', 'ls': '1', 'ti': '0.05', 'nontrd': '1'}]}, 'brkname': 'FINV', 'dmsg': '', 'lastaccesstime': '1758874051', 'lastpwdtime': '1757444505'}
2025-09-26 13:37:31,021 - INFO - Login response type: <class 'dict'>
2025-09-26 13:37:31,021 - INFO - Login Successful!, Welcome ROOPAL SONI - Child2 ACCOUNT
2025-09-26 13:37:31,037 - INFO - Updated Child (ID: 2) login_status to '1': Child account 2 login successful
2025-09-26 13:37:31,047 - INFO - Updated Child (ID: 2) can_order to '1': Child account 2 ready for orders
2025-09-26 13:37:31,047 - INFO - WebSocket connection established for account 2
2025-09-26 13:37:31,047 - INFO - Network connection restored for account 2
2025-09-26 13:37:31,054 - INFO - Child account login successful: ROOPAL SONI
2025-09-26 13:37:31,237 - INFO - Websocket connected
2025-09-26 13:37:31,277 - INFO - WebSocket is now open for Account 2
2025-09-26 13:37:32,690 - INFO - Positions retrieved for KRATIK YADAV: 0 open positions found
2025-09-26 13:37:33,353 - INFO - Positions retrieved for ROOPAL SONI: 0 open positions found
2025-09-26 13:37:33,353 - INFO - Position check completed - No open positions found
2025-09-26 13:37:35,323 - INFO - Index selected: SENSEX
2025-09-26 13:37:35,329 - INFO - On option selected called - Function not implemented yet
2025-09-26 13:37:35,329 - INFO - Not all required fields selected for strike selection
2025-09-26 13:37:35,329 - INFO - Option and strike selections cleared for new index
2025-09-26 13:37:35,329 - INFO - On expiry selected called - Function not implemented yet
2025-09-26 13:37:35,329 - INFO - Strike dropdown populated with 15 strikes for SENSEX
2025-09-26 13:37:35,335 - INFO - Updated quantity dropdown for SENSEX: ['20', '40', '60', '80', '100', '120', '140', '160', '180', '200']
2025-09-26 13:37:38,931 - INFO - On option selected called - Function not implemented yet
2025-09-26 13:37:44,893 - INFO - Buy price box cleared for new symbol selection - auto-fill re-enabled
2025-09-26 13:37:44,893 - INFO - Generated trading symbol: SENSEX25O017PE
2025-09-26 13:37:44,893 - INFO - Trading symbol stored: SENSEX25O017PE
2025-09-26 13:37:44,893 - INFO - Getting token for trading symbol: SENSEX25O017PE
2025-09-26 13:37:44,901 - ERROR - No token found for SENSEX25O017PE
2025-09-26 13:37:44,958 - INFO - Available SENSEX symbols (first 10): ['SENSEX26SEP86000PE' 'SENSEX26SEP85000PE' 'SENSEX26SEP84000PE'
 'SENSEX26SEP83000PE' 'SENSEX26SEP82000PE' 'SENSEX26SEP81000PE'
 'SENSEX26SEP80000PE' 'SENSEX26SEP79000PE' 'SENSEX26SEP78000PE'
 'SENSEX26SEP77000PE']
2025-09-26 13:37:44,958 - ERROR - Error in fallback conversion: invalid literal for int() with base 10: '7P'
2025-09-26 13:37:44,958 - WARNING - Could not fetch price for SENSEX25O017PE
2025-09-26 13:37:44,958 - INFO - Strike selected: 7, trading symbol: SENSEX25O017PE
2025-09-26 13:37:44,983 - INFO - Buy price box cleared for new symbol selection - auto-fill re-enabled
2025-09-26 13:37:44,983 - INFO - Generated trading symbol: SENSEX25O0179PE
2025-09-26 13:37:44,983 - INFO - Trading symbol stored: SENSEX25O0179PE
2025-09-26 13:37:44,983 - INFO - Getting token for trading symbol: SENSEX25O0179PE
2025-09-26 13:37:44,991 - ERROR - No token found for SENSEX25O0179PE
2025-09-26 13:37:45,024 - INFO - Available SENSEX symbols (first 10): ['SENSEX26SEP86000PE' 'SENSEX26SEP85000PE' 'SENSEX26SEP84000PE'
 'SENSEX26SEP83000PE' 'SENSEX26SEP82000PE' 'SENSEX26SEP81000PE'
 'SENSEX26SEP80000PE' 'SENSEX26SEP79000PE' 'SENSEX26SEP78000PE'
 'SENSEX26SEP77000PE']
2025-09-26 13:37:45,025 - ERROR - Error in fallback conversion: time data 'O01' does not match format '%b'
2025-09-26 13:37:45,026 - WARNING - Could not fetch price for SENSEX25O0179PE
2025-09-26 13:37:45,026 - INFO - Strike selected: 79, trading symbol: SENSEX25O0179PE
2025-09-26 13:37:45,404 - INFO - Buy price box cleared for new symbol selection - auto-fill re-enabled
2025-09-26 13:37:45,412 - INFO - Generated trading symbol: SENSEX25O01795PE
2025-09-26 13:37:45,412 - INFO - Trading symbol stored: SENSEX25O01795PE
2025-09-26 13:37:45,412 - INFO - Getting token for trading symbol: SENSEX25O01795PE
2025-09-26 13:37:45,419 - ERROR - No token found for SENSEX25O01795PE
2025-09-26 13:37:45,470 - INFO - Available SENSEX symbols (first 10): ['SENSEX26SEP86000PE' 'SENSEX26SEP85000PE' 'SENSEX26SEP84000PE'
 'SENSEX26SEP83000PE' 'SENSEX26SEP82000PE' 'SENSEX26SEP81000PE'
 'SENSEX26SEP80000PE' 'SENSEX26SEP79000PE' 'SENSEX26SEP78000PE'
 'SENSEX26SEP77000PE']
2025-09-26 13:37:45,470 - ERROR - Error in fallback conversion: time data 'O01' does not match format '%b'
2025-09-26 13:37:45,470 - WARNING - Could not fetch price for SENSEX25O01795PE
2025-09-26 13:37:45,470 - INFO - Strike selected: 795, trading symbol: SENSEX25O01795PE
2025-09-26 13:37:45,544 - INFO - Buy price box cleared for new symbol selection - auto-fill re-enabled
2025-09-26 13:37:45,544 - INFO - Generated trading symbol: SENSEX25O017950PE
2025-09-26 13:37:45,544 - INFO - Trading symbol stored: SENSEX25O017950PE
2025-09-26 13:37:45,544 - INFO - Getting token for trading symbol: SENSEX25O017950PE
2025-09-26 13:37:45,550 - ERROR - No token found for SENSEX25O017950PE
2025-09-26 13:37:45,576 - INFO - Available SENSEX symbols (first 10): ['SENSEX26SEP86000PE' 'SENSEX26SEP85000PE' 'SENSEX26SEP84000PE'
 'SENSEX26SEP83000PE' 'SENSEX26SEP82000PE' 'SENSEX26SEP81000PE'
 'SENSEX26SEP80000PE' 'SENSEX26SEP79000PE' 'SENSEX26SEP78000PE'
 'SENSEX26SEP77000PE']
2025-09-26 13:37:45,576 - ERROR - Error in fallback conversion: time data 'O01' does not match format '%b'
2025-09-26 13:37:45,576 - WARNING - Could not fetch price for SENSEX25O017950PE
2025-09-26 13:37:45,576 - INFO - Strike selected: 7950, trading symbol: SENSEX25O017950PE
2025-09-26 13:37:45,707 - INFO - Buy price box cleared for new symbol selection - auto-fill re-enabled
2025-09-26 13:37:45,707 - INFO - Generated trading symbol: SENSEX25O0179500PE
2025-09-26 13:37:45,707 - INFO - Trading symbol stored: SENSEX25O0179500PE
2025-09-26 13:37:45,707 - INFO - Getting token for trading symbol: SENSEX25O0179500PE
2025-09-26 13:37:45,711 - INFO - Found token for SENSEX25O0179500PE: 865016
2025-09-26 13:37:46,475 - INFO - Fetched price for SENSEX25O0179500PE: 61.5
2025-09-26 13:37:46,475 - INFO - Getting token for trading symbol: SENSEX25O0179500PE
2025-09-26 13:37:46,478 - INFO - Found token for SENSEX25O0179500PE: 865016
2025-09-26 13:37:46,478 - INFO - Subscribed to live price feed via master account: BFO|865016
2025-09-26 13:37:46,483 - INFO - Auto-subscribed to SENSEX25O0179500PE at price 61.5
2025-09-26 13:37:46,483 - INFO - Strike selected: 79500, trading symbol: SENSEX25O0179500PE
2025-09-26 13:37:46,537 - INFO - Initial buy price set: 61.50
2025-09-26 13:37:48,787 - INFO - User focused on price box - current value: '61.50'
2025-09-26 13:37:50,093 - INFO - Buy price field value changed to empty - auto-fill disabled
2025-09-26 13:37:52,006 - INFO - Placing buy orders for SENSEX25O0179500PE @ 30.0 master_qty 20
2025-09-26 13:37:52,009 - INFO - Account 1 is active for order placement
2025-09-26 13:37:52,009 - INFO - Account 2 is active for order placement
2025-09-26 13:37:52,009 - INFO - Disabling selection row components
2025-09-26 13:37:52,009 - INFO - Selection row components disabled
2025-09-26 13:37:52,014 - INFO - Master account quantity: 20
2025-09-26 13:37:52,014 - INFO - Child lots set to minimum for SENSEX: 20
2025-09-26 13:37:52,014 - INFO - Placing order for account 1: {'buy_or_sell': 'B', 'product_type': 'M', 'exchange': 'BFO', 'tradingsymbol': 'SENSEX25O0179500PE', 'quantity': 20, 'discloseqty': 0, 'price_type': 'LMT', 'price': 30.0, 'trigger_price': None, 'retention': 'DAY', 'amo': 'NO', 'remarks': None}
2025-09-26 13:37:52,017 - INFO - Child account quantity: 20 (master: 20, index: SENSEX)
2025-09-26 13:37:52,020 - INFO - Placing order for account 2: {'buy_or_sell': 'B', 'product_type': 'M', 'exchange': 'BFO', 'tradingsymbol': 'SENSEX25O0179500PE', 'quantity': 20, 'discloseqty': 0, 'price_type': 'LMT', 'price': 30.0, 'trigger_price': None, 'retention': 'DAY', 'amo': 'NO', 'remarks': None}
2025-09-26 13:37:52,859 - INFO - Order update for account 2: {'t': 'om', 'norenordno': '25092600393219', 'uid': 'FA32246', 'actid': 'FA32246', 'exch': 'BFO', 'tsym': 'SENSEX25O0179500PE', 'trantype': 'B', 'qty': '20', 'prc': '30.00', 'pcode': 'M', 'remarks': '', 'rejreason': ' ', 'status': 'PENDING', 'reporttype': 'NewAck', 'prctyp': 'LMT', 'ret': 'DAY', 'exchordid': '', 'dscqty': '0'}
2025-09-26 13:37:52,867 - INFO - Account 2 - B PENDING NewAck
2025-09-26 13:37:52,867 - INFO - Order status debug - status: 'PENDING', reporttype: 'NewAck', trantype: 'B', price: '30.00'
2025-09-26 13:37:52,871 - INFO - Updated Child (ID: 2) order info: 25092600393219 SENSEX25O0179500PE 20@30.0
2025-09-26 13:37:52,871 - INFO - Order placed successfully for account 2: 25092600393219
2025-09-26 13:37:52,879 - INFO - Updated Master (ID: 1) order info: 25092600393220 SENSEX25O0179500PE 20@30.0
2025-09-26 13:37:52,879 - INFO - Order placed successfully for account 1: 25092600393220
2025-09-26 13:37:52,879 - INFO - Starting auto SL/Target calculation for buy price: 30.0
2025-09-26 13:37:52,879 - INFO - Using differences - SL: -3, Target: 40
2025-09-26 13:37:52,879 - INFO - Calculated prices - SL: 27.0, Target: 70.0
2025-09-26 13:37:52,879 - INFO - UI values set - SL: 27.0, Target: 70.0
2025-09-26 13:37:52,884 - INFO - SL/Target points calculated - SL points: 3.0, Target points: 40.0
2025-09-26 13:37:52,885 - INFO - Buy orders filled check - Master: filled_qty=0
2025-09-26 13:37:52,887 - INFO - Buy orders filled check - Child: filled_qty=0
2025-09-26 13:37:52,887 - INFO - Buy orders filled result: False
2025-09-26 13:37:52,887 - INFO - Auto SL/Target set - SL: 27.0, Target: 70.0 (Buy Open: 30.0)
2025-09-26 13:37:52,890 - INFO - Buy price box disabled
2025-09-26 13:37:52,892 - INFO - Modify buy box populated with price: 30.0
2025-09-26 13:37:52,892 - INFO - Buy orders placed successfully
2025-09-26 13:37:52,894 - INFO - Account 2 order status updated to: PENDING
2025-09-26 13:37:52,896 - INFO - DEBUG - Account 2 status: 'PENDING' (type: <class 'str'>)
2025-09-26 13:37:52,896 - INFO - Order update for account 1: {'t': 'om', 'norenordno': '25092600393220', 'uid': 'FA42242', 'actid': 'FA42242', 'exch': 'BFO', 'tsym': 'SENSEX25O0179500PE', 'trantype': 'B', 'qty': '20', 'prc': '30.00', 'pcode': 'M', 'remarks': '', 'rejreason': ' ', 'status': 'PENDING', 'reporttype': 'NewAck', 'prctyp': 'LMT', 'ret': 'DAY', 'exchordid': '', 'dscqty': '0'}
2025-09-26 13:37:52,900 - INFO - DEBUG - Current account can_order: 1
2025-09-26 13:37:52,904 - INFO - DEBUG - Transaction type: 'B'
2025-09-26 13:37:52,904 - INFO - Account 1 - B PENDING NewAck
2025-09-26 13:37:52,906 - INFO - Order status debug - status: 'PENDING', reporttype: 'NewAck', trantype: 'B', price: '30.00'
2025-09-26 13:37:52,907 - INFO - Order status updated for account 2: Buy Order PENDING @ 30.00
2025-09-26 13:37:52,910 - INFO - Order update for account 2: {'t': 'om', 'norenordno': '25092600393219', 'uid': 'FA32246', 'actid': 'FA32246', 'exch': 'BFO', 'tsym': 'SENSEX25O0179500PE', 'trantype': 'B', 'qty': '20', 'prc': '30.00', 'pcode': 'M', 'remarks': '', 'rejreason': ' ', 'status': 'PENDING', 'reporttype': 'PendingNew', 'prctyp': 'LMT', 'ret': 'DAY', 'exchordid': '', 'dscqty': '0'}
2025-09-26 13:37:52,910 - INFO - Account 2 - B PENDING PendingNew
2025-09-26 13:37:52,910 - INFO - Order status debug - status: 'PENDING', reporttype: 'PendingNew', trantype: 'B', price: '30.00'
2025-09-26 13:37:52,930 - INFO - Account 1 order status updated to: PENDING
2025-09-26 13:37:52,930 - INFO - Account 2 order status updated to: PENDING
2025-09-26 13:37:52,932 - INFO - DEBUG - Account 1 status: 'PENDING' (type: <class 'str'>)
2025-09-26 13:37:52,932 - INFO - DEBUG - Account 2 status: 'PENDING' (type: <class 'str'>)
2025-09-26 13:37:52,937 - INFO - DEBUG - Current account can_order: 1
2025-09-26 13:37:52,942 - INFO - DEBUG - Current account can_order: 1
2025-09-26 13:37:52,942 - INFO - DEBUG - Transaction type: 'B'
2025-09-26 13:37:52,944 - INFO - DEBUG - Transaction type: 'B'
2025-09-26 13:37:52,945 - INFO - Order status updated for account 1: Buy Order PENDING @ 30.00
2025-09-26 13:37:52,945 - INFO - Order status updated for account 2: Buy Order PENDING @ 30.00
2025-09-26 13:37:52,947 - INFO - Order update for account 1: {'t': 'om', 'norenordno': '25092600393220', 'uid': 'FA42242', 'actid': 'FA42242', 'exch': 'BFO', 'tsym': 'SENSEX25O0179500PE', 'trantype': 'B', 'qty': '20', 'prc': '30.00', 'pcode': 'M', 'remarks': '', 'rejreason': ' ', 'status': 'PENDING', 'reporttype': 'PendingNew', 'prctyp': 'LMT', 'ret': 'DAY', 'exchordid': '', 'dscqty': '0'}
2025-09-26 13:37:52,949 - INFO - Order update for account 2: {'t': 'om', 'norenordno': '25092600393219', 'uid': 'FA32246', 'actid': 'FA32246', 'exch': 'BFO', 'tsym': 'SENSEX25O0179500PE', 'trantype': 'B', 'qty': '20', 'prc': '30.00', 'pcode': 'M', 'remarks': '', 'rejreason': ' ', 'status': 'OPEN', 'reporttype': 'New', 'prctyp': 'LMT', 'ret': 'DAY', 'exchordid': '1758873673041830874', 'dscqty': '0', 'exch_tm': '26-09-2025 13:37:53'}
2025-09-26 13:37:52,950 - INFO - Account 1 - B PENDING PendingNew
2025-09-26 13:37:52,950 - INFO - Order status debug - status: 'PENDING', reporttype: 'PendingNew', trantype: 'B', price: '30.00'
2025-09-26 13:37:52,950 - INFO - Account 2 - B OPEN New
2025-09-26 13:37:52,950 - INFO - Order status debug - status: 'OPEN', reporttype: 'New', trantype: 'B', price: '30.00'
2025-09-26 13:37:52,952 - INFO - Account 1 order status updated to: PENDING
2025-09-26 13:37:52,952 - INFO - DEBUG - Account 1 status: 'PENDING' (type: <class 'str'>)
2025-09-26 13:37:52,958 - INFO - DEBUG - Current account can_order: 1
2025-09-26 13:37:52,958 - INFO - Account 2 order status updated to: OPEN
2025-09-26 13:37:52,961 - INFO - DEBUG - Transaction type: 'B'
2025-09-26 13:37:52,961 - INFO - DEBUG - Account 2 status: 'OPEN' (type: <class 'str'>)
2025-09-26 13:37:52,961 - INFO - Order status updated for account 1: Buy Order PENDING @ 30.00
2025-09-26 13:37:52,961 - INFO - DEBUG - Current account can_order: 1
2025-09-26 13:37:52,961 - INFO - Order update for account 1: {'t': 'om', 'norenordno': '25092600393220', 'uid': 'FA42242', 'actid': 'FA42242', 'exch': 'BFO', 'tsym': 'SENSEX25O0179500PE', 'trantype': 'B', 'qty': '20', 'prc': '30.00', 'pcode': 'M', 'remarks': '', 'rejreason': ' ', 'status': 'OPEN', 'reporttype': 'New', 'prctyp': 'LMT', 'ret': 'DAY', 'exchordid': '1758873673041830878', 'dscqty': '0', 'exch_tm': '26-09-2025 13:37:53'}
2025-09-26 13:37:52,965 - INFO - DEBUG - Transaction type: 'B'
2025-09-26 13:37:52,965 - INFO - Account 1 - B OPEN New
2025-09-26 13:37:52,966 - INFO - Order status debug - status: 'OPEN', reporttype: 'New', trantype: 'B', price: '30.00'
2025-09-26 13:37:52,966 - INFO - Order status updated for account 2: Buy Order Open @ 30.00
2025-09-26 13:37:52,966 - INFO - Account 1 order status updated to: OPEN
2025-09-26 13:37:52,966 - INFO - DEBUG - Account 1 status: 'OPEN' (type: <class 'str'>)
2025-09-26 13:37:52,972 - INFO - DEBUG - Current account can_order: 1
2025-09-26 13:37:52,972 - INFO - DEBUG - Transaction type: 'B'
2025-09-26 13:37:52,975 - INFO - Order status updated for account 1: Buy Order Open @ 30.00
2025-09-26 13:38:00,907 - INFO - Modify buy orders clicked
2025-09-26 13:38:00,917 - INFO - Order states reset for modify operations
2025-09-26 13:38:00,917 - INFO - Modifying Master order: 25092600393220 to price: 31.0
2025-09-26 13:38:00,920 - INFO - Modifying Child order: 25092600393219 to price: 31.0
2025-09-26 13:38:01,807 - INFO - Order update for account 1: {'t': 'om', 'norenordno': '25092600393220', 'uid': 'FA42242', 'actid': 'FA42242', 'exch': 'BFO', 'tsym': 'SENSEX25O0179500PE', 'trantype': 'B', 'qty': '20', 'prc': '31.00', 'pcode': 'M', 'remarks': '', 'rejreason': ' ', 'status': 'PENDING', 'reporttype': 'ModAck', 'prctyp': 'LMT', 'ret': 'DAY', 'exchordid': '1758873673041830878', 'dscqty': '0', 'exch_tm': '26-09-2025 13:37:53'}
2025-09-26 13:38:01,807 - INFO - Account 1 - B PENDING ModAck
2025-09-26 13:38:01,807 - INFO - Order status debug - status: 'PENDING', reporttype: 'ModAck', trantype: 'B', price: '31.00'
2025-09-26 13:38:01,814 - INFO - Successfully modified Master order: 25092600393220
2025-09-26 13:38:01,821 - INFO - Updated Master (ID: 1) order info: 25092600393220 SENSEX25O0179500PE 20@31.0
2025-09-26 13:38:01,823 - INFO - Master buy order modified successfully
2025-09-26 13:38:01,849 - INFO - Order update for account 2: {'t': 'om', 'norenordno': '25092600393219', 'uid': 'FA32246', 'actid': 'FA32246', 'exch': 'BFO', 'tsym': 'SENSEX25O0179500PE', 'trantype': 'B', 'qty': '20', 'prc': '31.00', 'pcode': 'M', 'remarks': '', 'rejreason': ' ', 'status': 'PENDING', 'reporttype': 'ModAck', 'prctyp': 'LMT', 'ret': 'DAY', 'exchordid': '1758873673041830874', 'dscqty': '0', 'exch_tm': '26-09-2025 13:37:53'}
2025-09-26 13:38:01,853 - INFO - Successfully modified Child order: 25092600393219
2025-09-26 13:38:01,867 - INFO - Account 2 - B PENDING ModAck
2025-09-26 13:38:01,868 - INFO - Order status debug - status: 'PENDING', reporttype: 'ModAck', trantype: 'B', price: '31.00'
2025-09-26 13:38:01,874 - INFO - Updated Child (ID: 2) order info: 25092600393219 SENSEX25O0179500PE 20@31.0
2025-09-26 13:38:01,875 - INFO - Child buy order modified successfully
2025-09-26 13:38:01,877 - INFO - SL/Target adjusted for new buy price - SL: 28.0, Target: 71.0 (Buy: 31.0)
2025-09-26 13:38:01,878 - INFO - Account 1 order status updated to: PENDING
2025-09-26 13:38:01,879 - INFO - Account 2 order status updated to: PENDING
2025-09-26 13:38:01,881 - INFO - DEBUG - Account 1 status: 'PENDING' (type: <class 'str'>)
2025-09-26 13:38:01,882 - INFO - DEBUG - Account 2 status: 'PENDING' (type: <class 'str'>)
2025-09-26 13:38:01,885 - INFO - DEBUG - Current account can_order: 1
2025-09-26 13:38:01,889 - INFO - DEBUG - Current account can_order: 1
2025-09-26 13:38:01,891 - INFO - DEBUG - Transaction type: 'B'
2025-09-26 13:38:01,892 - INFO - DEBUG - Transaction type: 'B'
2025-09-26 13:38:01,892 - INFO - Order status updated for account 1: Buy Order PENDING @ 31.00
2025-09-26 13:38:01,893 - INFO - Order status updated for account 2: Buy Order PENDING @ 31.00
2025-09-26 13:38:01,893 - INFO - Order update for account 1: {'t': 'om', 'norenordno': '25092600393220', 'uid': 'FA42242', 'actid': 'FA42242', 'exch': 'BFO', 'tsym': 'SENSEX25O0179500PE', 'trantype': 'B', 'qty': '20', 'prc': '31.00', 'pcode': 'M', 'remarks': '', 'rejreason': ' ', 'status': 'PENDING', 'reporttype': 'PendingReplace', 'prctyp': 'LMT', 'ret': 'DAY', 'exchordid': '1758873673041830878', 'dscqty': '0', 'exch_tm': '26-09-2025 13:37:53'}
2025-09-26 13:38:01,895 - INFO - Order update for account 2: {'t': 'om', 'norenordno': '25092600393219', 'uid': 'FA32246', 'actid': 'FA32246', 'exch': 'BFO', 'tsym': 'SENSEX25O0179500PE', 'trantype': 'B', 'qty': '20', 'prc': '31.00', 'pcode': 'M', 'remarks': '', 'rejreason': ' ', 'status': 'PENDING', 'reporttype': 'PendingReplace', 'prctyp': 'LMT', 'ret': 'DAY', 'exchordid': '1758873673041830874', 'dscqty': '0', 'exch_tm': '26-09-2025 13:37:53'}
2025-09-26 13:38:01,897 - INFO - Account 1 - B PENDING PendingReplace
2025-09-26 13:38:01,897 - INFO - Order status debug - status: 'PENDING', reporttype: 'PendingReplace', trantype: 'B', price: '31.00'
2025-09-26 13:38:01,897 - INFO - Account 2 - B PENDING PendingReplace
2025-09-26 13:38:01,897 - INFO - Order status debug - status: 'PENDING', reporttype: 'PendingReplace', trantype: 'B', price: '31.00'
2025-09-26 13:38:01,901 - INFO - Account 1 order status updated to: PENDING
2025-09-26 13:38:01,901 - INFO - Account 2 order status updated to: PENDING
2025-09-26 13:38:01,903 - INFO - DEBUG - Account 1 status: 'PENDING' (type: <class 'str'>)
2025-09-26 13:38:01,905 - INFO - DEBUG - Account 2 status: 'PENDING' (type: <class 'str'>)
2025-09-26 13:38:01,907 - INFO - DEBUG - Current account can_order: 1
2025-09-26 13:38:01,909 - INFO - DEBUG - Current account can_order: 1
2025-09-26 13:38:01,909 - INFO - DEBUG - Transaction type: 'B'
2025-09-26 13:38:01,909 - INFO - DEBUG - Transaction type: 'B'
2025-09-26 13:38:01,909 - INFO - Order status updated for account 1: Buy Order PENDING @ 31.00
2025-09-26 13:38:01,913 - INFO - Order status updated for account 2: Buy Order PENDING @ 31.00
2025-09-26 13:38:01,914 - INFO - Order update for account 1: {'t': 'om', 'norenordno': '25092600393220', 'uid': 'FA42242', 'actid': 'FA42242', 'exch': 'BFO', 'tsym': 'SENSEX25O0179500PE', 'trantype': 'B', 'qty': '20', 'prc': '31.00', 'pcode': 'M', 'remarks': '', 'rejreason': ' ', 'status': 'OPEN', 'reporttype': 'Replaced', 'prctyp': 'LMT', 'ret': 'DAY', 'exchordid': '1758873673041830878', 'dscqty': '0', 'exch_tm': '26-09-2025 13:38:02'}
2025-09-26 13:38:01,916 - INFO - Order update for account 2: {'t': 'om', 'norenordno': '25092600393219', 'uid': 'FA32246', 'actid': 'FA32246', 'exch': 'BFO', 'tsym': 'SENSEX25O0179500PE', 'trantype': 'B', 'qty': '20', 'prc': '31.00', 'pcode': 'M', 'remarks': '', 'rejreason': ' ', 'status': 'OPEN', 'reporttype': 'Replaced', 'prctyp': 'LMT', 'ret': 'DAY', 'exchordid': '1758873673041830874', 'dscqty': '0', 'exch_tm': '26-09-2025 13:38:02'}
2025-09-26 13:38:01,917 - INFO - Account 1 - B OPEN Replaced
2025-09-26 13:38:01,919 - INFO - Order status debug - status: 'OPEN', reporttype: 'Replaced', trantype: 'B', price: '31.00'
2025-09-26 13:38:01,919 - INFO - Account 2 - B OPEN Replaced
2025-09-26 13:38:01,919 - INFO - Order status debug - status: 'OPEN', reporttype: 'Replaced', trantype: 'B', price: '31.00'
2025-09-26 13:38:01,924 - INFO - Account 1 order status updated to: OPEN
2025-09-26 13:38:01,925 - INFO - DEBUG - Account 1 status: 'OPEN' (type: <class 'str'>)
2025-09-26 13:38:01,925 - INFO - Account 2 order status updated to: OPEN
2025-09-26 13:38:01,927 - INFO - DEBUG - Account 2 status: 'OPEN' (type: <class 'str'>)
2025-09-26 13:38:01,927 - INFO - DEBUG - Current account can_order: 1
2025-09-26 13:38:01,931 - INFO - DEBUG - Current account can_order: 1
2025-09-26 13:38:01,931 - INFO - DEBUG - Transaction type: 'B'
2025-09-26 13:38:01,931 - INFO - DEBUG - Transaction type: 'B'
2025-09-26 13:38:01,931 - INFO - Order status updated for account 1: Buy Order OPEN @ 31.00
2025-09-26 13:38:01,931 - INFO - Order status updated for account 2: Buy Order OPEN @ 31.00
2025-09-26 13:38:09,152 - INFO - Cancel buy orders clicked
2025-09-26 13:38:09,152 - INFO - Cancelling Master order: 25092600393220
2025-09-26 13:38:09,157 - INFO - Cancelling Child order: 25092600393219
2025-09-26 13:38:10,002 - INFO - Successfully cancelled Master order: 25092600393220
2025-09-26 13:38:10,007 - INFO - Updated Master (ID: 1) can_order to '0': Order cancelled by user
2025-09-26 13:38:10,007 - INFO - Master buy order cancelled successfully
2025-09-26 13:38:10,021 - INFO - Order update for account 2: {'t': 'om', 'norenordno': '25092600393219', 'uid': 'FA32246', 'actid': 'FA32246', 'exch': 'BFO', 'tsym': 'SENSEX25O0179500PE', 'trantype': 'B', 'qty': '20', 'prc': '31.00', 'pcode': 'M', 'remarks': '', 'status': 'PENDING', 'reporttype': 'PendingCancel', 'prctyp': 'LMT', 'ret': 'DAY', 'exchordid': '1758873673041830874', 'dscqty': '0', 'exch_tm': '26-09-2025 13:38:02'}
2025-09-26 13:38:10,023 - INFO - Successfully cancelled Child order: 25092600393219
2025-09-26 13:38:10,027 - INFO - Account 2 - B PENDING PendingCancel
2025-09-26 13:38:10,027 - INFO - Order status debug - status: 'PENDING', reporttype: 'PendingCancel', trantype: 'B', price: '31.00'
2025-09-26 13:38:10,031 - INFO - Updated Child (ID: 2) can_order to '0': Order cancelled by user
2025-09-26 13:38:10,033 - INFO - Child buy order cancelled successfully
2025-09-26 13:38:10,037 - INFO - Buy price box disabled
2025-09-26 13:38:10,040 - INFO - Account 2 order status updated to: PENDING
2025-09-26 13:38:10,041 - INFO - DEBUG - Account 2 status: 'PENDING' (type: <class 'str'>)
2025-09-26 13:38:10,041 - INFO - Order update for account 1: {'t': 'om', 'norenordno': '25092600393220', 'uid': 'FA42242', 'actid': 'FA42242', 'exch': 'BFO', 'tsym': 'SENSEX25O0179500PE', 'trantype': 'B', 'qty': '20', 'prc': '31.00', 'pcode': 'M', 'remarks': '', 'status': 'PENDING', 'reporttype': 'PendingCancel', 'prctyp': 'LMT', 'ret': 'DAY', 'exchordid': '1758873673041830878', 'dscqty': '0', 'exch_tm': '26-09-2025 13:38:02'}
2025-09-26 13:38:10,047 - INFO - DEBUG - Current account can_order: 0
2025-09-26 13:38:10,048 - INFO - Account 1 - B PENDING PendingCancel
2025-09-26 13:38:10,049 - INFO - Order status debug - status: 'PENDING', reporttype: 'PendingCancel', trantype: 'B', price: '31.00'
2025-09-26 13:38:10,049 - INFO - DEBUG - Transaction type: 'B'
2025-09-26 13:38:10,049 - INFO - Order status updated for account 2: Buy Order PENDING @ 31.00
2025-09-26 13:38:10,051 - INFO - Order update for account 2: {'t': 'om', 'norenordno': '25092600393219', 'uid': 'FA32246', 'actid': 'FA32246', 'exch': 'BFO', 'tsym': 'SENSEX25O0179500PE', 'trantype': 'B', 'qty': '20', 'prc': '31.00', 'pcode': 'M', 'remarks': '', 'rejreason': 'Order Cancelled', 'status': 'CANCELED', 'reporttype': 'Canceled', 'prctyp': 'LMT', 'ret': 'DAY', 'exchordid': '1758873673041830874', 'cancelqty': '20', 'dscqty': '0', 'exch_tm': '26-09-2025 13:38:10'}
2025-09-26 13:38:10,052 - INFO - Account 2 - B CANCELED Canceled
2025-09-26 13:38:10,054 - INFO - Order status debug - status: 'CANCELED', reporttype: 'Canceled', trantype: 'B', price: '31.00'
2025-09-26 13:38:10,054 - INFO - Account 1 order status updated to: PENDING
2025-09-26 13:38:10,057 - INFO - Order status updated for account 2: Buy Order CANCELED @ 31.00
2025-09-26 13:38:10,057 - INFO - DEBUG - Account 1 status: 'PENDING' (type: <class 'str'>)
2025-09-26 13:38:10,060 - INFO - DEBUG - Current account can_order: 0
2025-09-26 13:38:10,060 - INFO - DEBUG - Transaction type: 'B'
2025-09-26 13:38:10,063 - INFO - Order status updated for account 1: Buy Order PENDING @ 31.00
2025-09-26 13:38:10,067 - INFO - Order update for account 1: {'t': 'om', 'norenordno': '25092600393220', 'uid': 'FA42242', 'actid': 'FA42242', 'exch': 'BFO', 'tsym': 'SENSEX25O0179500PE', 'trantype': 'B', 'qty': '20', 'prc': '31.00', 'pcode': 'M', 'remarks': '', 'rejreason': 'Order Cancelled', 'status': 'CANCELED', 'reporttype': 'Canceled', 'prctyp': 'LMT', 'ret': 'DAY', 'exchordid': '1758873673041830878', 'cancelqty': '20', 'dscqty': '0', 'exch_tm': '26-09-2025 13:38:10'}
2025-09-26 13:38:10,067 - INFO - Account 1 - B CANCELED Canceled
2025-09-26 13:38:10,067 - INFO - Order status debug - status: 'CANCELED', reporttype: 'Canceled', trantype: 'B', price: '31.00'
2025-09-26 13:38:10,069 - INFO - Order status updated for account 1: Buy Order CANCELED @ 31.00
2025-09-26 13:39:27,923 - INFO - Open orders check - Master: False, Child: False
2025-09-26 13:39:27,928 - INFO - Monitoring check - SL: False, Target: False, States SL: False, States Target: False
2025-09-26 13:39:27,928 - INFO - Release buttons clicked - resetting system for new orders
2025-09-26 13:39:27,928 - INFO - Login status check - Master: True, Child: True
2025-09-26 13:39:27,928 - INFO - Updated Master (ID: 1) login_status to '1': Master account logged in
2025-09-26 13:39:27,937 - INFO - Updated Master (ID: 1) can_order to '1': Master account reset after trading block
2025-09-26 13:39:27,944 - INFO - Master account reset to ready (was logged in)
2025-09-26 13:39:27,954 - INFO - Updated Child (ID: 2) login_status to '1': Child account logged in
2025-09-26 13:39:27,954 - INFO - Updated Child (ID: 2) can_order to '1': Child account reset after trading block
2025-09-26 13:39:27,954 - INFO - Child account reset to ready (was logged in)
2025-09-26 13:39:27,962 - INFO - Trading blocks reset while preserving login status
2025-09-26 13:39:27,970 - INFO - RESET POSITION DATA - Master (ID: 1) - position data cleared
2025-09-26 13:39:27,996 - INFO - Cleared exit order info for Master (ID: 1)
2025-09-26 13:39:27,996 - INFO - Position data and exit order info cleared for Master account
2025-09-26 13:39:28,007 - INFO - RESET POSITION DATA - Child (ID: 2) - position data cleared
2025-09-26 13:39:28,039 - INFO - Cleared exit order info for Child (ID: 2)
2025-09-26 13:39:28,039 - INFO - Position data and exit order info cleared for Child account
2025-09-26 13:39:28,043 - INFO - Buy price box enabled
2025-09-26 13:39:28,045 - INFO - BUY button and Price box re-enabled for new orders - auto-fill re-enabled
2025-09-26 13:39:28,048 - INFO - Trailing monitoring stopped
2025-09-26 13:39:28,048 - INFO - Trailing controls reset to initial state
2025-09-26 13:39:28,048 - INFO - SL/Target controls reset to initial state
2025-09-26 13:39:28,048 - INFO - Enabling selection row components
2025-09-26 13:39:28,055 - INFO - Selection row components enabled
2025-09-26 13:39:28,055 - INFO - Management buttons disabled until new orders are placed
2025-09-26 13:39:28,057 - INFO - Order status displays updated with client names
2025-09-26 13:39:28,057 - INFO - Monitoring stopped and timers cleared
2025-09-26 13:39:28,061 - INFO - Enabling selection row components
2025-09-26 13:39:28,061 - INFO - Selection row components enabled
2025-09-26 13:39:28,065 - INFO - System released - ready for new orders
2025-09-26 13:42:23,422 - INFO - Order Book button clicked - showing order book
2025-09-26 13:42:24,212 - INFO - Master order book data: [{'stat': 'Ok', 'norenordno': '25092600393220', 'kidid': '3', 'uid': 'FA42242', 'actid': 'FA42242', 'exch': 'BFO', 'tsym': 'SENSEX25O0179500PE', 'rejby': 'EXCH', 'src_uid': 'FA42242', 'qty': '20', 'rorgqty': '20', 'ipaddr': '103.187.213.248', 'ordenttm': '1758874090', 'trantype': 'B', 'prctyp': 'LMT', 'ret': 'DAY', 'rejreason': 'Order Cancelled', 'token': '865016', 'mult': '1', 'prcftr': '1.000000', 'instname': 'OPTIDX', 'ordersource': 'API', 'pp': '2', 'ls': '20', 'ti': '0.05', 'prc': '31.00', 'rorgprc': '30.00', 'rprc': '31.00', 'dscqty': '0', 'brnchid': 'HO', 'C': 'C', 's_prdt_ali': 'NRML', 'prd': 'M', 'status': 'CANCELED', 'st_intrn': 'CANCELED', 'norentm': '13:38:10 26-09-2025', 'exch_tm': '26-09-2025 13:38:10', 'exchordid': '1758873673041830878', 'cancelqty': '20', 'rqty': '20'}, {'stat': 'Ok', 'norenordno': '25092600385431', 'kidid': '2', 'uid': 'FA42242', 'actid': 'FA42242', 'exch': 'BFO', 'tsym': 'SENSEX25O0179500PE', 'rejby': 'EXCH', 'src_uid': 'FA42242', 'qty': '20', 'ipaddr': '103.187.213.248', 'ordenttm': '1758873738', 'trantype': 'B', 'prctyp': 'LMT', 'ret': 'DAY', 'rejreason': 'Order Cancelled', 'token': '865016', 'mult': '1', 'prcftr': '1.000000', 'instname': 'OPTIDX', 'ordersource': 'API', 'pp': '2', 'ls': '20', 'ti': '0.05', 'prc': '30.00', 'rprc': '30.00', 'dscqty': '0', 'brnchid': 'HO', 'C': 'C', 's_prdt_ali': 'NRML', 'prd': 'M', 'status': 'CANCELED', 'st_intrn': 'CANCELED', 'norentm': '13:32:18 26-09-2025', 'exch_tm': '26-09-2025 13:32:18', 'exchordid': '1758873673041131018', 'cancelqty': '20', 'rqty': '20'}, {'stat': 'Ok', 'norenordno': '25092600365617', 'kidid': '1', 'uid': 'FA42242', 'actid': 'FA42242', 'exch': 'BFO', 'tsym': 'SENSEX25O0182000CE', 'rejby': '', 'src_uid': '', 'qty': '20', 'ipaddr': '103.187.213.248', 'ordenttm': '1758872696', 'trantype': 'S', 'prctyp': 'MKT', 'ret': 'DAY', 'rejreason': ' ', 'token': '865469', 'mult': '1', 'prcftr': '1.000000', 'instname': 'OPTIDX', 'ordersource': 'API', 'pp': '2', 'ls': '20', 'ti': '0.05', 'prc': '0.00', 'rprc': '55.90', 'avgprc': '55.95', 'dscqty': '0', 'brnchid': 'HO', 'C': 'C', 's_prdt_ali': 'NRML', 'prd': 'M', 'status': 'COMPLETE', 'st_intrn': 'COMPLETE', 'fillshares': '20', 'norentm': '13:14:56 26-09-2025', 'exch_tm': '26-09-2025 13:14:56', 'remarks': 'market_exit', 'exchordid': '1758871905439395874', 'rqty': '20'}, {'stat': 'Ok', 'norenordno': '25092600359934', 'kidid': '2', 'uid': 'FA42242', 'actid': 'FA42242', 'exch': 'BFO', 'tsym': 'SENSEX25O0182000CE', 'rejby': '', 'src_uid': 'FA42242', 'qty': '20', 'rorgqty': '20', 'ipaddr': '103.187.213.248', 'ordenttm': '1758872486', 'trantype': 'B', 'prctyp': 'LMT', 'ret': 'DAY', 'rejreason': ' ', 'token': '865469', 'mult': '1', 'prcftr': '1.000000', 'instname': 'OPTIDX', 'ordersource': 'API', 'pp': '2', 'ls': '20', 'ti': '0.05', 'prc': '61.00', 'rorgprc': '60.00', 'rprc': '61.00', 'avgprc': '60.80', 'dscqty': '0', 'brnchid': 'HO', 'C': 'C', 's_prdt_ali': 'NRML', 'prd': 'M', 'status': 'COMPLETE', 'st_intrn': 'COMPLETE', 'fillshares': '20', 'norentm': '13:11:26 26-09-2025', 'exch_tm': '26-09-2025 13:11:26', 'exchordid': '1758871905439088357', 'rqty': '20'}, {'stat': 'Ok', 'norenordno': '25092600356730', 'kidid': '2', 'uid': 'FA42242', 'actid': 'FA42242', 'exch': 'BFO', 'tsym': 'SENSEX25O0182000CE', 'rejby': 'EXCH', 'src_uid': 'FA42242', 'qty': '20', 'ipaddr': '103.187.213.248', 'ordenttm': '1758872006', 'trantype': 'B', 'prctyp': 'LMT', 'ret': 'DAY', 'rejreason': 'Order Cancelled', 'token': '865469', 'mult': '1', 'prcftr': '1.000000', 'instname': 'OPTIDX', 'ordersource': 'API', 'pp': '2', 'ls': '20', 'ti': '0.05', 'prc': '30.00', 'rprc': '30.00', 'dscqty': '0', 'brnchid': 'HO', 'C': 'C', 's_prdt_ali': 'NRML', 'prd': 'M', 'status': 'CANCELED', 'st_intrn': 'CANCELED', 'norentm': '13:03:26 26-09-2025', 'exch_tm': '26-09-2025 13:03:26', 'exchordid': '1758871905439015905', 'cancelqty': '20', 'rqty': '20'}, {'stat': 'Ok', 'norenordno': '25092600347896', 'kidid': '3', 'uid': 'FA42242', 'actid': 'FA42242', 'exch': 'BFO', 'tsym': 'SENSEX25O0182500CE', 'rejby': 'EXCH', 'src_uid': 'FA42242', 'qty': '20', 'rorgqty': '20', 'ipaddr': '103.187.213.248', 'ordenttm': '1758871681', 'trantype': 'B', 'prctyp': 'LMT', 'ret': 'DAY', 'rejreason': 'Order Cancelled', 'token': '865399', 'mult': '1', 'prcftr': '1.000000', 'instname': 'OPTIDX', 'ordersource': 'WEB', 'pp': '2', 'ls': '20', 'ti': '0.05', 'prc': '23.00', 'rorgprc': '25.00', 'rprc': '23.00', 'dscqty': '0', 'brnchid': 'HO', 'C': 'C', 's_prdt_ali': 'NRML', 'prd': 'M', 'status': 'CANCELED', 'st_intrn': 'CANCELED', 'norentm': '12:58:01 26-09-2025', 'exch_tm': '26-09-2025 12:58:01', 'exchordid': '1758870800231555448', 'cancelqty': '20', 'rqty': '20'}, {'stat': 'Ok', 'norenordno': '25092600337612', 'kidid': '2', 'uid': 'FA42242', 'actid': 'FA42242', 'exch': 'BFO', 'tsym': 'SENSEX25O0182500CE', 'rejby': 'EXCH', 'src_uid': 'FA42242', 'qty': '20', 'ipaddr': '103.187.213.248', 'ordenttm': '1758870520', 'trantype': 'B', 'prctyp': 'LMT', 'ret': 'DAY', 'rejreason': 'Order Cancelled', 'token': '865399', 'mult': '1', 'prcftr': '1.000000', 'instname': 'OPTIDX', 'ordersource': 'API', 'pp': '2', 'ls': '20', 'ti': '0.05', 'prc': '16.00', 'rprc': '16.00', 'dscqty': '0', 'brnchid': 'HO', 'C': 'C', 's_prdt_ali': 'NRML', 'prd': 'M', 'status': 'CANCELED', 'st_intrn': 'CANCELED', 'norentm': '12:38:40 26-09-2025', 'exch_tm': '26-09-2025 12:38:40', 'exchordid': '1758869835883590060', 'cancelqty': '20', 'rqty': '20'}]
2025-09-26 13:42:24,841 - INFO - Child order book data: [{'stat': 'Ok', 'norenordno': '25092600393219', 'kidid': '3', 'uid': 'FA32246', 'actid': 'FA32246', 'exch': 'BFO', 'tsym': 'SENSEX25O0179500PE', 'rejby': 'EXCH', 'src_uid': 'FA32246', 'qty': '20', 'rorgqty': '20', 'ipaddr': '103.187.213.248', 'ordenttm': '1758874090', 'trantype': 'B', 'prctyp': 'LMT', 'ret': 'DAY', 'rejreason': 'Order Cancelled', 'token': '865016', 'mult': '1', 'prcftr': '1.000000', 'instname': 'OPTIDX', 'ordersource': 'API', 'pp': '2', 'ls': '20', 'ti': '0.05', 'prc': '31.00', 'rorgprc': '30.00', 'rprc': '31.00', 'dscqty': '0', 'brnchid': 'HO', 'C': 'C', 's_prdt_ali': 'NRML', 'prd': 'M', 'status': 'CANCELED', 'st_intrn': 'CANCELED', 'norentm': '13:38:10 26-09-2025', 'exch_tm': '26-09-2025 13:38:10', 'exchordid': '1758873673041830874', 'cancelqty': '20', 'rqty': '20'}, {'stat': 'Ok', 'norenordno': '25092600385434', 'kidid': '2', 'uid': 'FA32246', 'actid': 'FA32246', 'exch': 'BFO', 'tsym': 'SENSEX25O0179500PE', 'rejby': 'EXCH', 'src_uid': 'FA32246', 'qty': '20', 'ipaddr': '103.187.213.248', 'ordenttm': '1758873738', 'trantype': 'B', 'prctyp': 'LMT', 'ret': 'DAY', 'rejreason': 'Order Cancelled', 'token': '865016', 'mult': '1', 'prcftr': '1.000000', 'instname': 'OPTIDX', 'ordersource': 'API', 'pp': '2', 'ls': '20', 'ti': '0.05', 'prc': '30.00', 'rprc': '30.00', 'dscqty': '0', 'brnchid': 'HO', 'C': 'C', 's_prdt_ali': 'NRML', 'prd': 'M', 'status': 'CANCELED', 'st_intrn': 'CANCELED', 'norentm': '13:32:18 26-09-2025', 'exch_tm': '26-09-2025 13:32:18', 'exchordid': '1758873673041131027', 'cancelqty': '20', 'rqty': '20'}, {'stat': 'Ok', 'norenordno': '25092600365618', 'kidid': '1', 'uid': 'FA32246', 'actid': 'FA32246', 'exch': 'BFO', 'tsym': 'SENSEX25O0182000CE', 'rejby': '', 'src_uid': '', 'qty': '20', 'ipaddr': '103.187.213.248', 'ordenttm': '1758872696', 'trantype': 'S', 'prctyp': 'MKT', 'ret': 'DAY', 'rejreason': ' ', 'token': '865469', 'mult': '1', 'prcftr': '1.000000', 'instname': 'OPTIDX', 'ordersource': 'API', 'pp': '2', 'ls': '20', 'ti': '0.05', 'prc': '0.00', 'rprc': '55.90', 'avgprc': '55.95', 'dscqty': '0', 'brnchid': 'HO', 'C': 'C', 's_prdt_ali': 'NRML', 'prd': 'M', 'status': 'COMPLETE', 'st_intrn': 'COMPLETE', 'fillshares': '20', 'norentm': '13:14:56 26-09-2025', 'exch_tm': '26-09-2025 13:14:56', 'remarks': 'market_exit', 'exchordid': '1758871905439395878', 'rqty': '20'}, {'stat': 'Ok', 'norenordno': '25092600359933', 'kidid': '2', 'uid': 'FA32246', 'actid': 'FA32246', 'exch': 'BFO', 'tsym': 'SENSEX25O0182000CE', 'rejby': '', 'src_uid': 'FA32246', 'qty': '20', 'rorgqty': '20', 'ipaddr': '103.187.213.248', 'ordenttm': '1758872486', 'trantype': 'B', 'prctyp': 'LMT', 'ret': 'DAY', 'rejreason': ' ', 'token': '865469', 'mult': '1', 'prcftr': '1.000000', 'instname': 'OPTIDX', 'ordersource': 'API', 'pp': '2', 'ls': '20', 'ti': '0.05', 'prc': '61.00', 'rorgprc': '60.00', 'rprc': '61.00', 'avgprc': '60.80', 'dscqty': '0', 'brnchid': 'HO', 'C': 'C', 's_prdt_ali': 'NRML', 'prd': 'M', 'status': 'COMPLETE', 'st_intrn': 'COMPLETE', 'fillshares': '20', 'norentm': '13:11:26 26-09-2025', 'exch_tm': '26-09-2025 13:11:26', 'exchordid': '1758871905439088355', 'rqty': '20'}, {'stat': 'Ok', 'norenordno': '25092600356731', 'kidid': '2', 'uid': 'FA32246', 'actid': 'FA32246', 'exch': 'BFO', 'tsym': 'SENSEX25O0182000CE', 'rejby': 'EXCH', 'src_uid': 'FA32246', 'qty': '20', 'ipaddr': '103.187.213.248', 'ordenttm': '1758872006', 'trantype': 'B', 'prctyp': 'LMT', 'ret': 'DAY', 'rejreason': 'Order Cancelled', 'token': '865469', 'mult': '1', 'prcftr': '1.000000', 'instname': 'OPTIDX', 'ordersource': 'API', 'pp': '2', 'ls': '20', 'ti': '0.05', 'prc': '30.00', 'rprc': '30.00', 'dscqty': '0', 'brnchid': 'HO', 'C': 'C', 's_prdt_ali': 'NRML', 'prd': 'M', 'status': 'CANCELED', 'st_intrn': 'CANCELED', 'norentm': '13:03:26 26-09-2025', 'exch_tm': '26-09-2025 13:03:26', 'exchordid': '1758871905439015909', 'cancelqty': '20', 'rqty': '20'}, {'stat': 'Ok', 'norenordno': '25092600347897', 'kidid': '3', 'uid': 'FA32246', 'actid': 'FA32246', 'exch': 'BFO', 'tsym': 'SENSEX25O0182500CE', 'rejby': 'EXCH', 'src_uid': 'FA32246', 'qty': '20', 'rorgqty': '20', 'ipaddr': '103.187.213.248', 'ordenttm': '1758871686', 'trantype': 'B', 'prctyp': 'LMT', 'ret': 'DAY', 'rejreason': 'Order Cancelled', 'token': '865399', 'mult': '1', 'prcftr': '1.000000', 'instname': 'OPTIDX', 'ordersource': 'WEB', 'pp': '2', 'ls': '20', 'ti': '0.05', 'prc': '23.00', 'rorgprc': '25.00', 'rprc': '23.00', 'dscqty': '0', 'brnchid': 'HO', 'C': 'C', 's_prdt_ali': 'NRML', 'prd': 'M', 'status': 'CANCELED', 'st_intrn': 'CANCELED', 'norentm': '12:58:06 26-09-2025', 'exch_tm': '26-09-2025 12:58:06', 'exchordid': '1758870800231555451', 'cancelqty': '20', 'rqty': '20'}]
2025-09-26 13:42:54,988 - INFO - Open orders check - Master: False, Child: False
2025-09-26 13:42:54,988 - INFO - Monitoring check - SL: False, Target: False, States SL: False, States Target: False
2025-09-26 13:42:54,988 - INFO - Release buttons clicked - resetting system for new orders
2025-09-26 13:42:54,988 - INFO - Login status check - Master: True, Child: True
2025-09-26 13:42:54,996 - INFO - Updated Master (ID: 1) login_status to '1': Master account logged in
2025-09-26 13:42:55,004 - INFO - Updated Master (ID: 1) can_order to '1': Master account reset after trading block
2025-09-26 13:42:55,004 - INFO - Master account reset to ready (was logged in)
2025-09-26 13:42:55,013 - INFO - Updated Child (ID: 2) login_status to '1': Child account logged in
2025-09-26 13:42:55,024 - INFO - Updated Child (ID: 2) can_order to '1': Child account reset after trading block
2025-09-26 13:42:55,024 - INFO - Child account reset to ready (was logged in)
2025-09-26 13:42:55,024 - INFO - Trading blocks reset while preserving login status
2025-09-26 13:42:55,029 - INFO - RESET POSITION DATA - Master (ID: 1) - position data cleared
2025-09-26 13:42:55,054 - INFO - Cleared exit order info for Master (ID: 1)
2025-09-26 13:42:55,056 - INFO - Position data and exit order info cleared for Master account
2025-09-26 13:42:55,072 - INFO - RESET POSITION DATA - Child (ID: 2) - position data cleared
2025-09-26 13:42:55,096 - INFO - Cleared exit order info for Child (ID: 2)
2025-09-26 13:42:55,098 - INFO - Position data and exit order info cleared for Child account
2025-09-26 13:42:55,102 - INFO - Buy price box enabled
2025-09-26 13:42:55,102 - INFO - BUY button and Price box re-enabled for new orders - auto-fill re-enabled
2025-09-26 13:42:55,102 - INFO - Trailing monitoring stopped
2025-09-26 13:42:55,102 - INFO - Trailing controls reset to initial state
2025-09-26 13:42:55,107 - INFO - SL/Target controls reset to initial state
2025-09-26 13:42:55,107 - INFO - Enabling selection row components
2025-09-26 13:42:55,107 - INFO - Selection row components enabled
2025-09-26 13:42:55,107 - INFO - Management buttons disabled until new orders are placed
2025-09-26 13:42:55,114 - INFO - Order status displays updated with client names
2025-09-26 13:42:55,114 - INFO - Monitoring stopped and timers cleared
2025-09-26 13:42:55,116 - INFO - Enabling selection row components
2025-09-26 13:42:55,119 - INFO - Selection row components enabled
2025-09-26 13:42:55,125 - INFO - System released - ready for new orders
2025-09-26 14:12:04,074 - INFO - Loaded account states from account_state.csv
2025-09-26 14:12:04,077 - INFO - Loaded configuration from configuration.csv
2025-09-26 14:12:04,078 - INFO - Resetting account states to initial state on startup...
2025-09-26 14:12:04,092 - INFO - Updated Master (ID: 1) login_status to '0': Program startup - master not logged in
2025-09-26 14:12:04,099 - INFO - Updated Master (ID: 1) can_order to '0': Program startup - master cannot place orders
2025-09-26 14:12:04,107 - INFO - Updated Child (ID: 2) login_status to '0': Program startup - child not logged in
2025-09-26 14:12:04,113 - INFO - Updated Child (ID: 2) can_order to '0': Program startup - child cannot place orders
2025-09-26 14:12:04,118 - INFO - RESET POSITION DATA - Master (ID: 1) - position data cleared
2025-09-26 14:12:04,130 - INFO - RESET POSITION DATA - Child (ID: 2) - position data cleared
2025-09-26 14:12:04,142 - INFO - Cleared exit order info for Master (ID: 1)
2025-09-26 14:12:04,155 - INFO - Cleared exit order info for Child (ID: 2)
2025-09-26 14:12:04,155 - INFO - Enabling selection row components
2025-09-26 14:12:04,155 - ERROR - Error enabling selection row: 'MainWindow' object has no attribute 'index_dropdown'
2025-09-26 14:12:04,155 - INFO - Position data and exit order info cleared on startup for both accounts
2025-09-26 14:12:04,155 - INFO - Account states reset to initial state
2025-09-26 14:12:04,155 - INFO - Loaded cached index prices from today
2025-09-26 14:12:04,155 - INFO - All expiry dates are valid
2025-09-26 14:12:04,162 - INFO - Loaded cached expiry dates from today
2025-09-26 14:12:04,501 - INFO - WebSocket connection monitoring started
2025-09-26 14:12:04,508 - INFO - SL/Target configuration loaded - SL: 3 points, Target: 40 points
2025-09-26 14:12:04,514 - INFO - Calculated differences - SL: -3, Target: 40
2025-09-26 14:12:04,857 - INFO - Checking master files...
2025-09-26 14:12:04,857 - INFO - All master files are current
2025-09-26 14:12:04,857 - INFO - [SUCCESS] Master files are up to date
2025-09-26 14:12:04,857 - INFO - Attempting auto-login for master account...
2025-09-26 14:12:04,857 - INFO - Starting Master-Child Trading GUI - Original UI Layout
2025-09-26 14:12:04,857 - INFO - Generated fresh 2FA for account 1: 624087
2025-09-26 14:12:04,857 - INFO - Attempting login for account 1 with userid: FA42242
2025-09-26 14:12:05,664 - INFO - Login response for account 1: {'request_time': '14:12:06 26-09-2025', 'actid': 'FA42242', 'access_type': ['MOB', 'TT', 'WEB', 'API'], 'uname': 'KRATIK YADAV', 'prarr': [{'prd': 'C', 's_prdt_ali': 'CNC', 'exch': ['NSE', 'BSE', 'NIPO', 'BSTAR']}, {'prd': 'M', 's_prdt_ali': 'NRML', 'exch': ['NFO', 'BFO', 'CDS', 'BCD']}, {'prd': 'I', 's_prdt_ali': 'MIS', 'exch': ['NSE', 'BSE', 'NFO', 'BFO', 'CDS', 'BCD']}, {'prd': 'H', 's_prdt_ali': 'CO', 'exch': ['NSE', 'NFO', 'CDS', 'BSE']}, {'prd': 'B', 's_prdt_ali': 'BO', 'exch': ['NSE', 'NFO', 'CDS', 'BSE']}], 'exch_prd': [{'exch': 'NSE', 'prds': ['C', 'I', 'H', 'B']}, {'exch': 'NFO', 'prds': ['M', 'I', 'H', 'B']}, {'exch': 'CDS', 'prds': ['M', 'I', 'H', 'B']}, {'exch': 'BSE', 'prds': ['C', 'I', 'H', 'B']}, {'exch': 'BCD', 'prds': ['M', 'I']}, {'exch': 'NIPO', 'prds': ['C']}, {'exch': 'BSTAR', 'prds': ['C']}, {'exch': 'BFO', 'prds': ['M', 'I']}], 'stat': 'Ok', 'susertoken': 'e558e56ade842885a239411c5451f97027615a09d81e45d2dbc958b2001fd5a5', 'susertokenspl': '9b6d2e8f3a04d2a7cffb15db6ca43dac2d235d826d795aef149220b8dde4c6a2', 'email': 'kratikiafk@gmail.com', 'uid': 'FA42242', 'brnchid': 'HO', 'totp_set': '1', 'm_num': '6265650705', 'orarr': ['MKT', 'LMT', 'SL-LMT', 'SL-MKT'], 'exarr': ['NSE', 'NFO', 'CDS', 'BSE', 'BCD', 'NIPO', 'BSTAR', 'BFO'], 'values': ['4', '3', '2'], 'mws': {'4': [{'exch': 'NFO', 'token': '68495', 'tsym': 'BANKINDIA28OCT25P105', 'cname': 'BANKINDIA OCT 105 PE ', 'dname': 'BANKINDIA OCT 105 PE ', 'instname': 'OPTSTK', 'pp': '2', 'ls': '5200', 'ti': '0.05', 'optt': 'PE'}, {'exch': 'NFO', 'token': '68471', 'tsym': 'BANKINDIA30SEP25P142.5', 'cname': 'BANKINDIA SEP 142.50 PE ', 'dname': 'BANKINDIA SEP 142.50 PE ', 'instname': 'OPTSTK', 'pp': '2', 'ls': '5200', 'ti': '0.05', 'optt': 'PE'}], '3': [], '2': [{'exch': 'NSE', 'token': '2088', 'tsym': 'MAHSEAMLES-EQ', 'cname': 'MAHARASHTRA SEAMLESS LTD', 'instname': 'EQ', 'pp': '2', 'ls': '1', 'ti': '0.05'}, {'exch': 'NSE', 'token': '23402', 'tsym': 'SRM-EQ', 'cname': 'SRM CONTRACTORS LIMITED', 'instname': 'EQ', 'pp': '2', 'ls': '1', 'ti': '0.05'}, {'exch': 'NSE', 'token': '18110', 'tsym': 'VASCONEQ-EQ', 'cname': 'VASCON ENGINEERS LTD', 'instname': 'EQ', 'pp': '2', 'ls': '1', 'ti': '0.01'}]}, 'brkname': 'FINV', 'dmsg': '', 'lastaccesstime': '1758876126', 'lastpwdtime': '1756959759'}
2025-09-26 14:12:05,667 - INFO - Login response type: <class 'dict'>
2025-09-26 14:12:05,669 - INFO - Login Successful!, Welcome KRATIK YADAV - Master ACCOUNT
2025-09-26 14:12:05,674 - INFO - Updated Master (ID: 1) login_status to '1': Master account auto-login successful
2025-09-26 14:12:05,678 - INFO - Updated Master (ID: 1) can_order to '1': Master account ready for orders
2025-09-26 14:12:05,682 - INFO - WebSocket connection established for account 1
2025-09-26 14:12:05,682 - INFO - Network connection restored for account 1
2025-09-26 14:12:05,684 - INFO - Refreshing market data...
2025-09-26 14:12:05,684 - INFO - Master account auto-login successful: KRATIK YADAV
2025-09-26 14:12:05,684 - INFO - Index prices are current, no refresh needed
2025-09-26 14:12:05,684 - INFO - Expiry dates are current, no refresh needed
2025-09-26 14:12:05,864 - INFO - Websocket connected
2025-09-26 14:12:05,907 - INFO - WebSocket is now open for Account 1
2025-09-26 14:12:06,585 - INFO - Attempting login for child account 2...
2025-09-26 14:12:06,585 - INFO - Login attempt 1/3 for child account 2
2025-09-26 14:12:06,585 - INFO - Generated fresh 2FA for account 2: 901785
2025-09-26 14:12:06,593 - INFO - Attempting login for account 2 with userid: FA32246
2025-09-26 14:12:06,692 - ERROR - Error checking startup positions: 'AccountManager' object has no attribute 'get_positions'
2025-09-26 14:12:07,329 - INFO - Login response for account 2: {'request_time': '14:12:08 26-09-2025', 'actid': 'FA32246', 'access_type': ['MOB', 'TT', 'WEB', 'API'], 'uname': 'ROOPAL SONI', 'prarr': [{'prd': 'C', 's_prdt_ali': 'CNC', 'exch': ['NSE', 'BSE', 'NIPO', 'BSTAR']}, {'prd': 'M', 's_prdt_ali': 'NRML', 'exch': ['NFO', 'BFO', 'CDS', 'BCD', 'MCX']}, {'prd': 'I', 's_prdt_ali': 'MIS', 'exch': ['NSE', 'BSE', 'NFO', 'BFO', 'CDS', 'BCD', 'MCX']}, {'prd': 'H', 's_prdt_ali': 'CO', 'exch': ['NSE', 'NFO', 'CDS', 'MCX', 'BSE']}, {'prd': 'B', 's_prdt_ali': 'BO', 'exch': ['NSE', 'NFO', 'CDS', 'MCX', 'BSE']}], 'exch_prd': [{'exch': 'NSE', 'prds': ['C', 'I', 'H', 'B']}, {'exch': 'NFO', 'prds': ['M', 'I', 'H', 'B']}, {'exch': 'CDS', 'prds': ['M', 'I', 'H', 'B']}, {'exch': 'BSE', 'prds': ['C', 'I', 'H', 'B']}, {'exch': 'BCD', 'prds': ['M', 'I']}, {'exch': 'MCX', 'prds': ['M', 'I', 'H', 'B']}, {'exch': 'NIPO', 'prds': ['C']}, {'exch': 'BSTAR', 'prds': ['C']}, {'exch': 'BFO', 'prds': ['M', 'I']}], 'stat': 'Ok', 'susertoken': '6f315841dc9cb76293cd0bbbc74b77423b32bace600b3609e952215a371c294c', 'susertokenspl': '7562752bada89a5693ee588b03c715d0b7739364fd7f28393081ed8e5e39edfa', 'email': 'kratik.kunal@gmail.com', 'uid': 'FA32246', 'brnchid': 'HO', 'totp_set': '1', 'm_num': '9424018696', 'orarr': ['MKT', 'LMT', 'SL-LMT', 'SL-MKT'], 'exarr': ['NSE', 'NFO', 'CDS', 'BSE', 'BCD', 'MCX', 'NIPO', 'BSTAR', 'BFO'], 'values': ['l', 'calls', 'Puts'], 'mws': {'l': [], 'calls': [{'exch': 'NFO', 'token': '54979', 'tsym': 'ADANIGREEN28OCT25P1100', 'cname': 'ADANIGREEN OCT 1100 PE ', 'dname': 'ADANIGREEN OCT 1100 PE ', 'instname': 'OPTSTK', 'pp': '2', 'ls': '600', 'ti': '0.05', 'optt': 'PE'}, {'exch': 'NFO', 'token': '54957', 'tsym': 'ADANIGREEN28OCT25P660', 'cname': 'ADANIGREEN OCT 660 PE ', 'dname': 'ADANIGREEN OCT 660 PE ', 'instname': 'OPTSTK', 'pp': '2', 'ls': '600', 'ti': '0.05', 'optt': 'PE'}, {'exch': 'NFO', 'token': '54995', 'tsym': 'ADANIGREEN25NOV25P600', 'cname': 'ADANIGREEN NOV 600 PE ', 'dname': 'ADANIGREEN NOV 600 PE ', 'instname': 'OPTSTK', 'pp': '2', 'ls': '600', 'ti': '0.05', 'optt': 'PE'}, {'exch': 'NFO', 'token': '54991', 'tsym': 'BANKNIFTY30SEP25C55400', 'cname': 'BANKNIFTY 30SEP25 55400 CE ', 'dname': 'BANKNIFTY 30SEP25 55400 CE ', 'instname': 'OPTIDX', 'pp': '2', 'ls': '35', 'ti': '0.05', 'optt': 'CE'}, {'exch': 'NFO', 'token': '54983', 'tsym': 'ADANIGREEN28OCT25P1180', 'cname': 'ADANIGREEN OCT 1180 PE ', 'dname': 'ADANIGREEN OCT 1180 PE ', 'instname': 'OPTSTK', 'pp': '2', 'ls': '600', 'ti': '0.05', 'optt': 'PE'}, {'exch': 'NFO', 'token': '54965', 'tsym': 'ADANIGREEN28OCT25P820', 'cname': 'ADANIGREEN OCT 820 PE ', 'dname': 'ADANIGREEN OCT 820 PE ', 'instname': 'OPTSTK', 'pp': '2', 'ls': '600', 'ti': '0.05', 'optt': 'PE'}, {'exch': 'NFO', 'token': '54953', 'tsym': 'ADANIGREEN28OCT25P520', 'cname': 'ADANIGREEN OCT 520 PE ', 'dname': 'ADANIGREEN OCT 520 PE ', 'instname': 'OPTSTK', 'pp': '2', 'ls': '600', 'ti': '0.05', 'optt': 'PE'}], 'Puts': [{'exch': 'NFO', 'token': '60487', 'tsym': 'NIFTY30SEP25C25200', 'cname': 'NIFTY 30SEP25 25200 CE ', 'dname': 'NIFTY 30SEP25 25200 CE ', 'instname': 'OPTIDX', 'pp': '2', 'ls': '75', 'ti': '0.05', 'optt': 'CE'}, {'exch': 'NFO', 'token': '64694', 'tsym': 'NIFTY30SEP25C25000', 'cname': 'NIFTY 30SEP25 25000 CE ', 'dname': 'NIFTY 30SEP25 25000 CE ', 'instname': 'OPTIDX', 'pp': '2', 'ls': '75', 'ti': '0.05', 'optt': 'CE'}, {'exch': 'BSE', 'token': '1', 'tsym': 'SENSEX', 'cname': 'BSE SENSEX', 'instname': 'UNDIND', 'pp': '2', 'ls': '1', 'ti': '0.05', 'nontrd': '1'}, {'exch': 'NFO', 'token': '48898', 'tsym': 'MCX25NOV25F', 'cname': 'MCX NOV FUT', 'dname': 'MCX NOV FUT', 'instname': 'FUTSTK', 'pp': '2', 'ls': '125', 'ti': '0.50', 'optt': 'XX'}, {'exch': 'MCX', 'token': '456955', 'tsym': 'COPPER30SEP25', 'instname': 'FUTCOM', 'pp': '2', 'ls': '2500', 'ti': '0.05', 'optt': 'XX'}, {'exch': 'NSE', 'token': '4598', 'tsym': 'HERITGFOOD-EQ', 'cname': 'HERITAGE FOODS LTD', 'instname': 'EQ', 'pp': '2', 'ls': '1', 'ti': '0.05'}, {'exch': 'NSE', 'token': '2885', 'tsym': 'RELIANCE-EQ', 'cname': 'RELIANCE INDUSTRIES LTD', 'instname': 'EQ', 'pp': '2', 'ls': '1', 'ti': '0.10'}, {'exch': 'NSE', 'token': '31181', 'tsym': 'MCX-EQ', 'cname': 'MULTI COMMODITY EXCHANGE', 'instname': 'EQ', 'pp': '2', 'ls': '1', 'ti': '0.50'}, {'exch': 'NSE', 'token': '8003', 'tsym': 'SILVER-EQ', 'cname': 'BIRLASLAMC - SILVER', 'instname': 'EQ', 'pp': '2', 'ls': '1', 'ti': '0.01'}, {'exch': 'NSE', 'token': '26037', 'tsym': 'Nifty Fin Service', 'cname': 'FIN NIFTY', 'instname': 'UNDIND', 'pp': '2', 'ls': '1', 'ti': '0.05', 'nontrd': '1'}]}, 'brkname': 'FINV', 'dmsg': '', 'lastaccesstime': '1758876128', 'lastpwdtime': '1757444505'}
2025-09-26 14:12:07,342 - INFO - Login response type: <class 'dict'>
2025-09-26 14:12:07,343 - INFO - Login Successful!, Welcome ROOPAL SONI - Child2 ACCOUNT
2025-09-26 14:12:07,351 - INFO - Updated Child (ID: 2) login_status to '1': Child account 2 login successful
2025-09-26 14:12:07,360 - INFO - Updated Child (ID: 2) can_order to '1': Child account 2 ready for orders
2025-09-26 14:12:07,366 - INFO - WebSocket connection established for account 2
2025-09-26 14:12:07,366 - INFO - Network connection restored for account 2
2025-09-26 14:12:07,368 - INFO - Child account login successful: ROOPAL SONI
2025-09-26 14:12:07,524 - INFO - Websocket connected
2025-09-26 14:12:07,569 - INFO - WebSocket is now open for Account 2
2025-09-26 14:12:08,389 - ERROR - Error checking startup positions: 'AccountManager' object has no attribute 'get_positions'
2025-09-26 14:12:15,819 - INFO - Trade Book button clicked - showing trade book
2025-09-26 14:12:16,557 - INFO - Trade book retrieved for KRATIK YADAV: 2 trades found
2025-09-26 14:12:16,557 - INFO - Processed trade book data: 1 symbols found
2025-09-26 14:12:17,252 - INFO - Trade book retrieved for ROOPAL SONI: 2 trades found
2025-09-26 14:12:17,252 - INFO - Processed trade book data: 1 symbols found
2025-09-26 14:12:17,252 - INFO - Trade book populated: 0 open positions, 4 trade records
2025-09-26 14:17:04,384 - INFO - Application closing - cleaning up resources
2025-09-26 14:17:04,520 - INFO - WebSocket connection monitoring stopped
2025-09-26 14:17:53,319 - INFO - Loaded account states from account_state.csv
2025-09-26 14:17:53,326 - INFO - Loaded configuration from configuration.csv
2025-09-26 14:17:53,326 - INFO - Resetting account states to initial state on startup...
2025-09-26 14:17:53,338 - INFO - Updated Master (ID: 1) login_status to '0': Program startup - master not logged in
2025-09-26 14:17:53,346 - INFO - Updated Master (ID: 1) can_order to '0': Program startup - master cannot place orders
2025-09-26 14:17:53,346 - INFO - Updated Child (ID: 2) login_status to '0': Program startup - child not logged in
2025-09-26 14:17:53,360 - INFO - Updated Child (ID: 2) can_order to '0': Program startup - child cannot place orders
2025-09-26 14:17:53,365 - INFO - RESET POSITION DATA - Master (ID: 1) - position data cleared
2025-09-26 14:17:53,378 - INFO - RESET POSITION DATA - Child (ID: 2) - position data cleared
2025-09-26 14:17:53,389 - INFO - Cleared exit order info for Master (ID: 1)
2025-09-26 14:17:53,389 - INFO - Cleared exit order info for Child (ID: 2)
2025-09-26 14:17:53,396 - INFO - Enabling selection row components
2025-09-26 14:17:53,396 - ERROR - Error enabling selection row: 'MainWindow' object has no attribute 'index_dropdown'
2025-09-26 14:17:53,396 - INFO - Position data and exit order info cleared on startup for both accounts
2025-09-26 14:17:53,396 - INFO - Account states reset to initial state
2025-09-26 14:17:53,396 - INFO - Loaded cached index prices from today
2025-09-26 14:17:53,403 - INFO - All expiry dates are valid
2025-09-26 14:17:53,403 - INFO - Loaded cached expiry dates from today
2025-09-26 14:17:53,758 - INFO - WebSocket connection monitoring started
2025-09-26 14:17:53,767 - INFO - SL/Target configuration loaded - SL: 3 points, Target: 40 points
2025-09-26 14:17:53,770 - INFO - Calculated differences - SL: -3, Target: 40
2025-09-26 14:17:53,832 - INFO - Checking master files...
2025-09-26 14:17:53,838 - INFO - All master files are current
2025-09-26 14:17:53,841 - INFO - [SUCCESS] Master files are up to date
2025-09-26 14:17:53,857 - INFO - Attempting auto-login for master account...
2025-09-26 14:17:53,857 - INFO - Starting Master-Child Trading GUI - Original UI Layout
2025-09-26 14:17:53,857 - INFO - Generated fresh 2FA for account 1: 688628
2025-09-26 14:17:53,861 - INFO - Attempting login for account 1 with userid: FA42242
2025-09-26 14:17:54,643 - INFO - Login response for account 1: {'request_time': '14:17:55 26-09-2025', 'actid': 'FA42242', 'access_type': ['MOB', 'TT', 'WEB', 'API'], 'uname': 'KRATIK YADAV', 'prarr': [{'prd': 'C', 's_prdt_ali': 'CNC', 'exch': ['NSE', 'BSE', 'NIPO', 'BSTAR']}, {'prd': 'M', 's_prdt_ali': 'NRML', 'exch': ['NFO', 'BFO', 'CDS', 'BCD']}, {'prd': 'I', 's_prdt_ali': 'MIS', 'exch': ['NSE', 'BSE', 'NFO', 'BFO', 'CDS', 'BCD']}, {'prd': 'H', 's_prdt_ali': 'CO', 'exch': ['NSE', 'NFO', 'CDS', 'BSE']}, {'prd': 'B', 's_prdt_ali': 'BO', 'exch': ['NSE', 'NFO', 'CDS', 'BSE']}], 'exch_prd': [{'exch': 'NSE', 'prds': ['C', 'I', 'H', 'B']}, {'exch': 'NFO', 'prds': ['M', 'I', 'H', 'B']}, {'exch': 'CDS', 'prds': ['M', 'I', 'H', 'B']}, {'exch': 'BSE', 'prds': ['C', 'I', 'H', 'B']}, {'exch': 'BCD', 'prds': ['M', 'I']}, {'exch': 'NIPO', 'prds': ['C']}, {'exch': 'BSTAR', 'prds': ['C']}, {'exch': 'BFO', 'prds': ['M', 'I']}], 'stat': 'Ok', 'susertoken': '18e977ad7845f529738646e4a705126494ecd34c37af9708ec663b95b916c06d', 'susertokenspl': 'e723d4c4547a24c9c099f320b9d355b68f3257299e9306dadeaba10b6cfaa0b9', 'email': 'kratikiafk@gmail.com', 'uid': 'FA42242', 'brnchid': 'HO', 'totp_set': '1', 'm_num': '6265650705', 'orarr': ['MKT', 'LMT', 'SL-LMT', 'SL-MKT'], 'exarr': ['NSE', 'NFO', 'CDS', 'BSE', 'BCD', 'NIPO', 'BSTAR', 'BFO'], 'values': ['4', '3', '2'], 'mws': {'4': [{'exch': 'NFO', 'token': '68495', 'tsym': 'BANKINDIA28OCT25P105', 'cname': 'BANKINDIA OCT 105 PE ', 'dname': 'BANKINDIA OCT 105 PE ', 'instname': 'OPTSTK', 'pp': '2', 'ls': '5200', 'ti': '0.05', 'optt': 'PE'}, {'exch': 'NFO', 'token': '68471', 'tsym': 'BANKINDIA30SEP25P142.5', 'cname': 'BANKINDIA SEP 142.50 PE ', 'dname': 'BANKINDIA SEP 142.50 PE ', 'instname': 'OPTSTK', 'pp': '2', 'ls': '5200', 'ti': '0.05', 'optt': 'PE'}], '3': [], '2': [{'exch': 'NSE', 'token': '2088', 'tsym': 'MAHSEAMLES-EQ', 'cname': 'MAHARASHTRA SEAMLESS LTD', 'instname': 'EQ', 'pp': '2', 'ls': '1', 'ti': '0.05'}, {'exch': 'NSE', 'token': '23402', 'tsym': 'SRM-EQ', 'cname': 'SRM CONTRACTORS LIMITED', 'instname': 'EQ', 'pp': '2', 'ls': '1', 'ti': '0.05'}, {'exch': 'NSE', 'token': '18110', 'tsym': 'VASCONEQ-EQ', 'cname': 'VASCON ENGINEERS LTD', 'instname': 'EQ', 'pp': '2', 'ls': '1', 'ti': '0.01'}]}, 'brkname': 'FINV', 'dmsg': '', 'lastaccesstime': '1758876475', 'lastpwdtime': '1756959759'}
2025-09-26 14:17:54,643 - INFO - Login response type: <class 'dict'>
2025-09-26 14:17:54,643 - INFO - Login Successful!, Welcome KRATIK YADAV - Master ACCOUNT
2025-09-26 14:17:54,659 - INFO - Updated Master (ID: 1) login_status to '1': Master account auto-login successful
2025-09-26 14:17:54,668 - INFO - Updated Master (ID: 1) can_order to '1': Master account ready for orders
2025-09-26 14:17:54,668 - INFO - WebSocket connection established for account 1
2025-09-26 14:17:54,674 - INFO - Network connection restored for account 1
2025-09-26 14:17:54,674 - INFO - Refreshing market data...
2025-09-26 14:17:54,676 - INFO - Master account auto-login successful: KRATIK YADAV
2025-09-26 14:17:54,676 - INFO - Index prices are current, no refresh needed
2025-09-26 14:17:54,676 - INFO - Expiry dates are current, no refresh needed
2025-09-26 14:17:54,836 - INFO - Websocket connected
2025-09-26 14:17:54,875 - INFO - WebSocket is now open for Account 1
2025-09-26 14:17:56,301 - INFO - Trade book retrieved for KRATIK YADAV: 2 trades found
2025-09-26 14:17:56,309 - INFO - Position check completed - No open positions found
2025-09-26 14:18:16,024 - INFO - Attempting login for child account 2...
2025-09-26 14:18:16,025 - INFO - Login attempt 1/3 for child account 2
2025-09-26 14:18:16,025 - INFO - Generated fresh 2FA for account 2: 495276
2025-09-26 14:18:16,026 - INFO - Attempting login for account 2 with userid: FA32246
2025-09-26 14:18:16,687 - INFO - Login response for account 2: {'request_time': '14:18:17 26-09-2025', 'actid': 'FA32246', 'access_type': ['MOB', 'TT', 'WEB', 'API'], 'uname': 'ROOPAL SONI', 'prarr': [{'prd': 'C', 's_prdt_ali': 'CNC', 'exch': ['NSE', 'BSE', 'NIPO', 'BSTAR']}, {'prd': 'M', 's_prdt_ali': 'NRML', 'exch': ['NFO', 'BFO', 'CDS', 'BCD', 'MCX']}, {'prd': 'I', 's_prdt_ali': 'MIS', 'exch': ['NSE', 'BSE', 'NFO', 'BFO', 'CDS', 'BCD', 'MCX']}, {'prd': 'H', 's_prdt_ali': 'CO', 'exch': ['NSE', 'NFO', 'CDS', 'MCX', 'BSE']}, {'prd': 'B', 's_prdt_ali': 'BO', 'exch': ['NSE', 'NFO', 'CDS', 'MCX', 'BSE']}], 'exch_prd': [{'exch': 'NSE', 'prds': ['C', 'I', 'H', 'B']}, {'exch': 'NFO', 'prds': ['M', 'I', 'H', 'B']}, {'exch': 'CDS', 'prds': ['M', 'I', 'H', 'B']}, {'exch': 'BSE', 'prds': ['C', 'I', 'H', 'B']}, {'exch': 'BCD', 'prds': ['M', 'I']}, {'exch': 'MCX', 'prds': ['M', 'I', 'H', 'B']}, {'exch': 'NIPO', 'prds': ['C']}, {'exch': 'BSTAR', 'prds': ['C']}, {'exch': 'BFO', 'prds': ['M', 'I']}], 'stat': 'Ok', 'susertoken': 'b36a1549d61659c7c077b10c9f9c7a56d30d541138c25e97d1a7f5eed37aae29', 'susertokenspl': '79b025531845eb40437fce0221ba7a0672075f247886f7092c2baa6f3cbebfd5', 'email': 'kratik.kunal@gmail.com', 'uid': 'FA32246', 'brnchid': 'HO', 'totp_set': '1', 'm_num': '9424018696', 'orarr': ['MKT', 'LMT', 'SL-LMT', 'SL-MKT'], 'exarr': ['NSE', 'NFO', 'CDS', 'BSE', 'BCD', 'MCX', 'NIPO', 'BSTAR', 'BFO'], 'values': ['l', 'calls', 'Puts'], 'mws': {'l': [], 'calls': [{'exch': 'NFO', 'token': '54979', 'tsym': 'ADANIGREEN28OCT25P1100', 'cname': 'ADANIGREEN OCT 1100 PE ', 'dname': 'ADANIGREEN OCT 1100 PE ', 'instname': 'OPTSTK', 'pp': '2', 'ls': '600', 'ti': '0.05', 'optt': 'PE'}, {'exch': 'NFO', 'token': '54957', 'tsym': 'ADANIGREEN28OCT25P660', 'cname': 'ADANIGREEN OCT 660 PE ', 'dname': 'ADANIGREEN OCT 660 PE ', 'instname': 'OPTSTK', 'pp': '2', 'ls': '600', 'ti': '0.05', 'optt': 'PE'}, {'exch': 'NFO', 'token': '54995', 'tsym': 'ADANIGREEN25NOV25P600', 'cname': 'ADANIGREEN NOV 600 PE ', 'dname': 'ADANIGREEN NOV 600 PE ', 'instname': 'OPTSTK', 'pp': '2', 'ls': '600', 'ti': '0.05', 'optt': 'PE'}, {'exch': 'NFO', 'token': '54991', 'tsym': 'BANKNIFTY30SEP25C55400', 'cname': 'BANKNIFTY 30SEP25 55400 CE ', 'dname': 'BANKNIFTY 30SEP25 55400 CE ', 'instname': 'OPTIDX', 'pp': '2', 'ls': '35', 'ti': '0.05', 'optt': 'CE'}, {'exch': 'NFO', 'token': '54983', 'tsym': 'ADANIGREEN28OCT25P1180', 'cname': 'ADANIGREEN OCT 1180 PE ', 'dname': 'ADANIGREEN OCT 1180 PE ', 'instname': 'OPTSTK', 'pp': '2', 'ls': '600', 'ti': '0.05', 'optt': 'PE'}, {'exch': 'NFO', 'token': '54965', 'tsym': 'ADANIGREEN28OCT25P820', 'cname': 'ADANIGREEN OCT 820 PE ', 'dname': 'ADANIGREEN OCT 820 PE ', 'instname': 'OPTSTK', 'pp': '2', 'ls': '600', 'ti': '0.05', 'optt': 'PE'}, {'exch': 'NFO', 'token': '54953', 'tsym': 'ADANIGREEN28OCT25P520', 'cname': 'ADANIGREEN OCT 520 PE ', 'dname': 'ADANIGREEN OCT 520 PE ', 'instname': 'OPTSTK', 'pp': '2', 'ls': '600', 'ti': '0.05', 'optt': 'PE'}], 'Puts': [{'exch': 'NFO', 'token': '60487', 'tsym': 'NIFTY30SEP25C25200', 'cname': 'NIFTY 30SEP25 25200 CE ', 'dname': 'NIFTY 30SEP25 25200 CE ', 'instname': 'OPTIDX', 'pp': '2', 'ls': '75', 'ti': '0.05', 'optt': 'CE'}, {'exch': 'NFO', 'token': '64694', 'tsym': 'NIFTY30SEP25C25000', 'cname': 'NIFTY 30SEP25 25000 CE ', 'dname': 'NIFTY 30SEP25 25000 CE ', 'instname': 'OPTIDX', 'pp': '2', 'ls': '75', 'ti': '0.05', 'optt': 'CE'}, {'exch': 'BSE', 'token': '1', 'tsym': 'SENSEX', 'cname': 'BSE SENSEX', 'instname': 'UNDIND', 'pp': '2', 'ls': '1', 'ti': '0.05', 'nontrd': '1'}, {'exch': 'NFO', 'token': '48898', 'tsym': 'MCX25NOV25F', 'cname': 'MCX NOV FUT', 'dname': 'MCX NOV FUT', 'instname': 'FUTSTK', 'pp': '2', 'ls': '125', 'ti': '0.50', 'optt': 'XX'}, {'exch': 'MCX', 'token': '456955', 'tsym': 'COPPER30SEP25', 'instname': 'FUTCOM', 'pp': '2', 'ls': '2500', 'ti': '0.05', 'optt': 'XX'}, {'exch': 'NSE', 'token': '4598', 'tsym': 'HERITGFOOD-EQ', 'cname': 'HERITAGE FOODS LTD', 'instname': 'EQ', 'pp': '2', 'ls': '1', 'ti': '0.05'}, {'exch': 'NSE', 'token': '2885', 'tsym': 'RELIANCE-EQ', 'cname': 'RELIANCE INDUSTRIES LTD', 'instname': 'EQ', 'pp': '2', 'ls': '1', 'ti': '0.10'}, {'exch': 'NSE', 'token': '31181', 'tsym': 'MCX-EQ', 'cname': 'MULTI COMMODITY EXCHANGE', 'instname': 'EQ', 'pp': '2', 'ls': '1', 'ti': '0.50'}, {'exch': 'NSE', 'token': '8003', 'tsym': 'SILVER-EQ', 'cname': 'BIRLASLAMC - SILVER', 'instname': 'EQ', 'pp': '2', 'ls': '1', 'ti': '0.01'}, {'exch': 'NSE', 'token': '26037', 'tsym': 'Nifty Fin Service', 'cname': 'FIN NIFTY', 'instname': 'UNDIND', 'pp': '2', 'ls': '1', 'ti': '0.05', 'nontrd': '1'}]}, 'brkname': 'FINV', 'dmsg': '', 'lastaccesstime': '1758876497', 'lastpwdtime': '1757444505'}
2025-09-26 14:18:16,693 - INFO - Login response type: <class 'dict'>
2025-09-26 14:18:16,693 - INFO - Login Successful!, Welcome ROOPAL SONI - Child2 ACCOUNT
2025-09-26 14:18:16,701 - INFO - Updated Child (ID: 2) login_status to '1': Child account 2 login successful
2025-09-26 14:18:16,704 - INFO - Updated Child (ID: 2) can_order to '1': Child account 2 ready for orders
2025-09-26 14:18:16,710 - INFO - WebSocket connection established for account 2
2025-09-26 14:18:16,710 - INFO - Network connection restored for account 2
2025-09-26 14:18:16,710 - INFO - Child account login successful: ROOPAL SONI
2025-09-26 14:18:16,904 - INFO - Websocket connected
2025-09-26 14:18:16,957 - INFO - WebSocket is now open for Account 2
2025-09-26 14:18:18,355 - INFO - Trade book retrieved for KRATIK YADAV: 2 trades found
2025-09-26 14:18:19,063 - INFO - Trade book retrieved for ROOPAL SONI: 2 trades found
2025-09-26 14:18:19,063 - INFO - Position check completed - No open positions found
2025-09-26 14:18:20,789 - INFO - Trade Book button clicked - showing trade book
2025-09-26 14:18:21,524 - INFO - Trade book retrieved for KRATIK YADAV: 2 trades found
2025-09-26 14:18:21,524 - INFO - Processed trade book data: 1 symbols found
2025-09-26 14:18:22,136 - INFO - Trade book retrieved for ROOPAL SONI: 2 trades found
2025-09-26 14:18:22,136 - INFO - Processed trade book data: 1 symbols found
2025-09-26 14:18:22,143 - INFO - Trade book populated: 0 open positions, 4 trade records
2025-09-26 14:23:49,250 - INFO - Trade Book button clicked - showing trade book
2025-09-26 14:23:50,043 - INFO - Trade book retrieved for KRATIK YADAV: 2 trades found
2025-09-26 14:23:50,043 - INFO - Processed trade book data: 1 symbols found
2025-09-26 14:23:50,715 - INFO - Trade book retrieved for ROOPAL SONI: 2 trades found
2025-09-26 14:23:50,715 - INFO - Processed trade book data: 1 symbols found
2025-09-26 14:23:50,715 - INFO - Trade book populated: 0 open positions, 4 trade records
2025-09-26 14:26:26,861 - INFO - Index selected: SENSEX
2025-09-26 14:26:26,861 - INFO - On option selected called - Function not implemented yet
2025-09-26 14:26:26,861 - INFO - Not all required fields selected for strike selection
2025-09-26 14:26:26,861 - INFO - Option and strike selections cleared for new index
2025-09-26 14:26:26,861 - INFO - On expiry selected called - Function not implemented yet
2025-09-26 14:26:26,861 - INFO - Strike dropdown populated with 15 strikes for SENSEX
2025-09-26 14:26:26,861 - INFO - Updated quantity dropdown for SENSEX: ['20', '40', '60', '80', '100', '120', '140', '160', '180', '200']
2025-09-26 14:26:28,644 - INFO - On option selected called - Function not implemented yet
2025-09-26 14:26:36,442 - INFO - Buy price box cleared for new symbol selection - auto-fill re-enabled
2025-09-26 14:26:36,442 - INFO - Generated trading symbol: SENSEX25O017CE
2025-09-26 14:26:36,442 - INFO - Trading symbol stored: SENSEX25O017CE
2025-09-26 14:26:36,442 - INFO - Getting token for trading symbol: SENSEX25O017CE
2025-09-26 14:26:36,450 - ERROR - No token found for SENSEX25O017CE
2025-09-26 14:26:36,475 - INFO - Available SENSEX symbols (first 10): ['SENSEX26SEP86000PE' 'SENSEX26SEP85000PE' 'SENSEX26SEP84000PE'
 'SENSEX26SEP83000PE' 'SENSEX26SEP82000PE' 'SENSEX26SEP81000PE'
 'SENSEX26SEP80000PE' 'SENSEX26SEP79000PE' 'SENSEX26SEP78000PE'
 'SENSEX26SEP77000PE']
2025-09-26 14:26:36,475 - ERROR - Error in fallback conversion: invalid literal for int() with base 10: '7C'
2025-09-26 14:26:36,475 - WARNING - Could not fetch price for SENSEX25O017CE
2025-09-26 14:26:36,475 - INFO - Strike selected: 7, trading symbol: SENSEX25O017CE
2025-09-26 14:26:36,491 - INFO - Buy price box cleared for new symbol selection - auto-fill re-enabled
2025-09-26 14:26:36,491 - INFO - Generated trading symbol: SENSEX25O0179CE
2025-09-26 14:26:36,491 - INFO - Trading symbol stored: SENSEX25O0179CE
2025-09-26 14:26:36,491 - INFO - Getting token for trading symbol: SENSEX25O0179CE
2025-09-26 14:26:36,499 - ERROR - No token found for SENSEX25O0179CE
2025-09-26 14:26:36,531 - INFO - Available SENSEX symbols (first 10): ['SENSEX26SEP86000PE' 'SENSEX26SEP85000PE' 'SENSEX26SEP84000PE'
 'SENSEX26SEP83000PE' 'SENSEX26SEP82000PE' 'SENSEX26SEP81000PE'
 'SENSEX26SEP80000PE' 'SENSEX26SEP79000PE' 'SENSEX26SEP78000PE'
 'SENSEX26SEP77000PE']
2025-09-26 14:26:36,531 - ERROR - Error in fallback conversion: time data 'O01' does not match format '%b'
2025-09-26 14:26:36,531 - WARNING - Could not fetch price for SENSEX25O0179CE
2025-09-26 14:26:36,531 - INFO - Strike selected: 79, trading symbol: SENSEX25O0179CE
2025-09-26 14:26:36,770 - INFO - Buy price box cleared for new symbol selection - auto-fill re-enabled
2025-09-26 14:26:36,770 - INFO - Generated trading symbol: SENSEX25O01795CE
2025-09-26 14:26:36,770 - INFO - Trading symbol stored: SENSEX25O01795CE
2025-09-26 14:26:36,770 - INFO - Getting token for trading symbol: SENSEX25O01795CE
2025-09-26 14:26:36,779 - ERROR - No token found for SENSEX25O01795CE
2025-09-26 14:26:36,804 - INFO - Available SENSEX symbols (first 10): ['SENSEX26SEP86000PE' 'SENSEX26SEP85000PE' 'SENSEX26SEP84000PE'
 'SENSEX26SEP83000PE' 'SENSEX26SEP82000PE' 'SENSEX26SEP81000PE'
 'SENSEX26SEP80000PE' 'SENSEX26SEP79000PE' 'SENSEX26SEP78000PE'
 'SENSEX26SEP77000PE']
2025-09-26 14:26:36,804 - ERROR - Error in fallback conversion: time data 'O01' does not match format '%b'
2025-09-26 14:26:36,804 - WARNING - Could not fetch price for SENSEX25O01795CE
2025-09-26 14:26:36,804 - INFO - Strike selected: 795, trading symbol: SENSEX25O01795CE
2025-09-26 14:26:37,423 - INFO - Buy price box cleared for new symbol selection - auto-fill re-enabled
2025-09-26 14:26:37,423 - INFO - Generated trading symbol: SENSEX25O017950CE
2025-09-26 14:26:37,423 - INFO - Trading symbol stored: SENSEX25O017950CE
2025-09-26 14:26:37,423 - INFO - Getting token for trading symbol: SENSEX25O017950CE
2025-09-26 14:26:37,431 - ERROR - No token found for SENSEX25O017950CE
2025-09-26 14:26:37,453 - INFO - Available SENSEX symbols (first 10): ['SENSEX26SEP86000PE' 'SENSEX26SEP85000PE' 'SENSEX26SEP84000PE'
 'SENSEX26SEP83000PE' 'SENSEX26SEP82000PE' 'SENSEX26SEP81000PE'
 'SENSEX26SEP80000PE' 'SENSEX26SEP79000PE' 'SENSEX26SEP78000PE'
 'SENSEX26SEP77000PE']
2025-09-26 14:26:37,453 - ERROR - Error in fallback conversion: time data 'O01' does not match format '%b'
2025-09-26 14:26:37,453 - WARNING - Could not fetch price for SENSEX25O017950CE
2025-09-26 14:26:37,453 - INFO - Strike selected: 7950, trading symbol: SENSEX25O017950CE
2025-09-26 14:26:37,577 - INFO - Buy price box cleared for new symbol selection - auto-fill re-enabled
2025-09-26 14:26:37,577 - INFO - Generated trading symbol: SENSEX25O0179500CE
2025-09-26 14:26:37,577 - INFO - Trading symbol stored: SENSEX25O0179500CE
2025-09-26 14:26:37,577 - INFO - Getting token for trading symbol: SENSEX25O0179500CE
2025-09-26 14:26:37,585 - INFO - Found token for SENSEX25O0179500CE: 865409
2025-09-26 14:26:38,231 - INFO - Fetched price for SENSEX25O0179500CE: 1112.65
2025-09-26 14:26:38,231 - INFO - Getting token for trading symbol: SENSEX25O0179500CE
2025-09-26 14:26:38,239 - INFO - Found token for SENSEX25O0179500CE: 865409
2025-09-26 14:26:38,239 - INFO - Subscribed to live price feed via master account: BFO|865409
2025-09-26 14:26:38,239 - INFO - Auto-subscribed to SENSEX25O0179500CE at price 1112.65
2025-09-26 14:26:38,239 - INFO - Strike selected: 79500, trading symbol: SENSEX25O0179500CE
2025-09-26 14:26:38,273 - INFO - Initial buy price set: 1112.65
2025-09-26 14:26:43,547 - INFO - On option selected called - Function not implemented yet
2025-09-26 14:26:46,040 - INFO - Buy price field value changed to empty - auto-fill disabled
2025-09-26 14:26:46,040 - INFO - Buy price box cleared for new symbol selection - auto-fill re-enabled
2025-09-26 14:26:46,042 - INFO - Generated trading symbol: SENSEX25O017950PE
2025-09-26 14:26:46,042 - INFO - Trading symbol stored: SENSEX25O017950PE
2025-09-26 14:26:46,042 - INFO - Getting token for trading symbol: SENSEX25O017950PE
2025-09-26 14:26:46,044 - ERROR - No token found for SENSEX25O017950PE
2025-09-26 14:26:46,064 - INFO - Available SENSEX symbols (first 10): ['SENSEX26SEP86000PE' 'SENSEX26SEP85000PE' 'SENSEX26SEP84000PE'
 'SENSEX26SEP83000PE' 'SENSEX26SEP82000PE' 'SENSEX26SEP81000PE'
 'SENSEX26SEP80000PE' 'SENSEX26SEP79000PE' 'SENSEX26SEP78000PE'
 'SENSEX26SEP77000PE']
2025-09-26 14:26:46,064 - ERROR - Error in fallback conversion: time data 'O01' does not match format '%b'
2025-09-26 14:26:46,064 - WARNING - Could not fetch price for SENSEX25O017950PE
2025-09-26 14:26:46,064 - INFO - Strike selected: 7950, trading symbol: SENSEX25O017950PE
2025-09-26 14:26:46,424 - INFO - Buy price box cleared for new symbol selection - auto-fill re-enabled
2025-09-26 14:26:46,424 - INFO - Generated trading symbol: SENSEX25O0179500PE
2025-09-26 14:26:46,424 - INFO - Trading symbol stored: SENSEX25O0179500PE
2025-09-26 14:26:46,424 - INFO - Getting token for trading symbol: SENSEX25O0179500PE
2025-09-26 14:26:46,424 - INFO - Found token for SENSEX25O0179500PE: 865016
2025-09-26 14:26:47,070 - INFO - Fetched price for SENSEX25O0179500PE: 107.0
2025-09-26 14:26:47,070 - INFO - Getting token for trading symbol: SENSEX25O0179500PE
2025-09-26 14:26:47,074 - INFO - Found token for SENSEX25O0179500PE: 865016
2025-09-26 14:26:47,079 - INFO - Unsubscribed from previous: BFO|865409
2025-09-26 14:26:47,079 - INFO - Subscribed to live price feed via master account: BFO|865016
2025-09-26 14:26:47,079 - INFO - Auto-subscribed to SENSEX25O0179500PE at price 107.0
2025-09-26 14:26:47,079 - INFO - Strike selected: 79500, trading symbol: SENSEX25O0179500PE
2025-09-26 14:26:47,120 - INFO - Initial buy price set: 107.00
2025-09-26 14:26:52,095 - INFO - User focused on price box - current value: '107.00'
2025-09-26 14:26:53,825 - INFO - Buy price field value changed to empty - auto-fill disabled
2025-09-26 14:26:59,249 - INFO - Placing buy orders for SENSEX25O0179500PE @ 50.0 master_qty 20
2025-09-26 14:26:59,253 - INFO - Account 1 is active for order placement
2025-09-26 14:26:59,257 - INFO - Account 2 is active for order placement
2025-09-26 14:26:59,257 - INFO - Disabling selection row components
2025-09-26 14:26:59,257 - INFO - Selection row components disabled
2025-09-26 14:26:59,261 - INFO - Master account quantity: 20
2025-09-26 14:26:59,261 - INFO - Child lots set to minimum for SENSEX: 20
2025-09-26 14:26:59,261 - INFO - Placing order for account 1: {'buy_or_sell': 'B', 'product_type': 'M', 'exchange': 'BFO', 'tradingsymbol': 'SENSEX25O0179500PE', 'quantity': 20, 'discloseqty': 0, 'price_type': 'LMT', 'price': 50.0, 'trigger_price': None, 'retention': 'DAY', 'amo': 'NO', 'remarks': None}
2025-09-26 14:26:59,261 - INFO - Child account quantity: 20 (master: 20, index: SENSEX)
2025-09-26 14:26:59,261 - INFO - Placing order for account 2: {'buy_or_sell': 'B', 'product_type': 'M', 'exchange': 'BFO', 'tradingsymbol': 'SENSEX25O0179500PE', 'quantity': 20, 'discloseqty': 0, 'price_type': 'LMT', 'price': 50.0, 'trigger_price': None, 'retention': 'DAY', 'amo': 'NO', 'remarks': None}
2025-09-26 14:27:00,145 - INFO - Order update for account 2: {'t': 'om', 'norenordno': '25092600459343', 'uid': 'FA32246', 'actid': 'FA32246', 'exch': 'BFO', 'tsym': 'SENSEX25O0179500PE', 'trantype': 'B', 'qty': '20', 'prc': '50.00', 'pcode': 'M', 'remarks': '', 'rejreason': ' ', 'status': 'PENDING', 'reporttype': 'NewAck', 'prctyp': 'LMT', 'ret': 'DAY', 'exchordid': '', 'dscqty': '0'}
2025-09-26 14:27:00,149 - INFO - Account 2 - B PENDING NewAck
2025-09-26 14:27:00,149 - INFO - Order status debug - status: 'PENDING', reporttype: 'NewAck', trantype: 'B', price: '50.00'
2025-09-26 14:27:00,161 - INFO - Updated Child (ID: 2) order info: 25092600459343 SENSEX25O0179500PE 20@50.0
2025-09-26 14:27:00,165 - INFO - Order placed successfully for account 2: 25092600459343
2025-09-26 14:27:00,167 - INFO - Updated Master (ID: 1) order info: 25092600459344 SENSEX25O0179500PE 20@50.0
2025-09-26 14:27:00,167 - INFO - Order placed successfully for account 1: 25092600459344
2025-09-26 14:27:00,169 - INFO - Starting auto SL/Target calculation for buy price: 50.0
2025-09-26 14:27:00,169 - INFO - Using differences - SL: -3, Target: 40
2025-09-26 14:27:00,169 - INFO - Calculated prices - SL: 47.0, Target: 90.0
2025-09-26 14:27:00,169 - INFO - UI values set - SL: 47.0, Target: 90.0
2025-09-26 14:27:00,169 - INFO - SL/Target points calculated - SL points: 3.0, Target points: 40.0
2025-09-26 14:27:00,181 - INFO - Buy orders filled check - Master: filled_qty=0
2025-09-26 14:27:00,181 - INFO - Buy orders filled check - Child: filled_qty=0
2025-09-26 14:27:00,181 - INFO - Buy orders filled result: False
2025-09-26 14:27:00,183 - INFO - Auto SL/Target set - SL: 47.0, Target: 90.0 (Buy Open: 50.0)
2025-09-26 14:27:00,183 - INFO - Buy price box disabled
2025-09-26 14:27:00,185 - INFO - Modify buy box populated with price: 50.0
2025-09-26 14:27:00,185 - INFO - Buy orders placed successfully
2025-09-26 14:27:00,193 - INFO - Account 2 order status updated to: PENDING
2025-09-26 14:27:00,193 - INFO - Order update for account 1: {'t': 'om', 'norenordno': '25092600459344', 'uid': 'FA42242', 'actid': 'FA42242', 'exch': 'BFO', 'tsym': 'SENSEX25O0179500PE', 'trantype': 'B', 'qty': '20', 'prc': '50.00', 'pcode': 'M', 'remarks': '', 'rejreason': ' ', 'status': 'PENDING', 'reporttype': 'NewAck', 'prctyp': 'LMT', 'ret': 'DAY', 'exchordid': '', 'dscqty': '0'}
2025-09-26 14:27:00,193 - INFO - DEBUG - Account 2 status: 'PENDING' (type: <class 'str'>)
2025-09-26 14:27:00,198 - INFO - Account 1 - B PENDING NewAck
2025-09-26 14:27:00,198 - INFO - Order status debug - status: 'PENDING', reporttype: 'NewAck', trantype: 'B', price: '50.00'
2025-09-26 14:27:00,201 - INFO - DEBUG - Current account can_order: 1
2025-09-26 14:27:00,203 - INFO - DEBUG - Transaction type: 'B'
2025-09-26 14:27:00,205 - INFO - Order status updated for account 2: Buy Order PENDING @ 50.00
2025-09-26 14:27:00,207 - INFO - Order update for account 2: {'t': 'om', 'norenordno': '25092600459343', 'uid': 'FA32246', 'actid': 'FA32246', 'exch': 'BFO', 'tsym': 'SENSEX25O0179500PE', 'trantype': 'B', 'qty': '20', 'prc': '50.00', 'pcode': 'M', 'remarks': '', 'rejreason': ' ', 'status': 'PENDING', 'reporttype': 'PendingNew', 'prctyp': 'LMT', 'ret': 'DAY', 'exchordid': '', 'dscqty': '0'}
2025-09-26 14:27:00,207 - INFO - Account 2 - B PENDING PendingNew
2025-09-26 14:27:00,209 - INFO - Order status debug - status: 'PENDING', reporttype: 'PendingNew', trantype: 'B', price: '50.00'
2025-09-26 14:27:00,217 - INFO - Account 1 order status updated to: PENDING
2025-09-26 14:27:00,217 - INFO - Account 2 order status updated to: PENDING
2025-09-26 14:27:00,217 - INFO - DEBUG - Account 1 status: 'PENDING' (type: <class 'str'>)
2025-09-26 14:27:00,225 - INFO - DEBUG - Account 2 status: 'PENDING' (type: <class 'str'>)
2025-09-26 14:27:00,229 - INFO - DEBUG - Current account can_order: 1
2025-09-26 14:27:00,234 - INFO - DEBUG - Current account can_order: 1
2025-09-26 14:27:00,234 - INFO - DEBUG - Transaction type: 'B'
2025-09-26 14:27:00,234 - INFO - DEBUG - Transaction type: 'B'
2025-09-26 14:27:00,236 - INFO - Order status updated for account 1: Buy Order PENDING @ 50.00
2025-09-26 14:27:00,236 - INFO - Order status updated for account 2: Buy Order PENDING @ 50.00
2025-09-26 14:27:00,236 - INFO - Order update for account 1: {'t': 'om', 'norenordno': '25092600459344', 'uid': 'FA42242', 'actid': 'FA42242', 'exch': 'BFO', 'tsym': 'SENSEX25O0179500PE', 'trantype': 'B', 'qty': '20', 'prc': '50.00', 'pcode': 'M', 'remarks': '', 'rejreason': ' ', 'status': 'PENDING', 'reporttype': 'PendingNew', 'prctyp': 'LMT', 'ret': 'DAY', 'exchordid': '', 'dscqty': '0'}
2025-09-26 14:27:00,240 - INFO - Order update for account 2: {'t': 'om', 'norenordno': '25092600459343', 'uid': 'FA32246', 'actid': 'FA32246', 'exch': 'BFO', 'tsym': 'SENSEX25O0179500PE', 'trantype': 'B', 'qty': '20', 'prc': '50.00', 'pcode': 'M', 'remarks': '', 'rejreason': ' ', 'status': 'OPEN', 'reporttype': 'New', 'prctyp': 'LMT', 'ret': 'DAY', 'exchordid': '1758876697092751670', 'dscqty': '0', 'exch_tm': '26-09-2025 14:27:00'}
2025-09-26 14:27:00,240 - INFO - Account 1 - B PENDING PendingNew
2025-09-26 14:27:00,242 - INFO - Order status debug - status: 'PENDING', reporttype: 'PendingNew', trantype: 'B', price: '50.00'
2025-09-26 14:27:00,242 - INFO - Account 2 - B OPEN New
2025-09-26 14:27:00,242 - INFO - Order status debug - status: 'OPEN', reporttype: 'New', trantype: 'B', price: '50.00'
2025-09-26 14:27:00,244 - INFO - Account 1 order status updated to: PENDING
2025-09-26 14:27:00,244 - INFO - DEBUG - Account 1 status: 'PENDING' (type: <class 'str'>)
2025-09-26 14:27:00,244 - INFO - DEBUG - Current account can_order: 1
2025-09-26 14:27:00,244 - INFO - DEBUG - Transaction type: 'B'
2025-09-26 14:27:00,244 - INFO - Account 2 order status updated to: OPEN
2025-09-26 14:27:00,244 - INFO - Order status updated for account 1: Buy Order PENDING @ 50.00
2025-09-26 14:27:00,250 - INFO - DEBUG - Account 2 status: 'OPEN' (type: <class 'str'>)
2025-09-26 14:27:00,250 - INFO - Order update for account 1: {'t': 'om', 'norenordno': '25092600459344', 'uid': 'FA42242', 'actid': 'FA42242', 'exch': 'BFO', 'tsym': 'SENSEX25O0179500PE', 'trantype': 'B', 'qty': '20', 'prc': '50.00', 'pcode': 'M', 'remarks': '', 'rejreason': ' ', 'status': 'OPEN', 'reporttype': 'New', 'prctyp': 'LMT', 'ret': 'DAY', 'exchordid': '1758876697092751671', 'dscqty': '0', 'exch_tm': '26-09-2025 14:27:00'}
2025-09-26 14:27:00,254 - INFO - DEBUG - Current account can_order: 1
2025-09-26 14:27:00,259 - INFO - Account 1 - B OPEN New
2025-09-26 14:27:00,259 - INFO - Order status debug - status: 'OPEN', reporttype: 'New', trantype: 'B', price: '50.00'
2025-09-26 14:27:00,259 - INFO - DEBUG - Transaction type: 'B'
2025-09-26 14:27:00,261 - INFO - Account 1 order status updated to: OPEN
2025-09-26 14:27:00,262 - INFO - Order status updated for account 2: Buy Order Open @ 50.00
2025-09-26 14:27:00,262 - INFO - DEBUG - Account 1 status: 'OPEN' (type: <class 'str'>)
2025-09-26 14:27:00,263 - INFO - DEBUG - Current account can_order: 1
2025-09-26 14:27:00,263 - INFO - DEBUG - Transaction type: 'B'
2025-09-26 14:27:00,263 - INFO - Order status updated for account 1: Buy Order Open @ 50.00
2025-09-26 14:29:38,939 - INFO - Cancel buy orders clicked
2025-09-26 14:29:38,954 - INFO - Cancelling Master order: 25092600459344
2025-09-26 14:29:38,954 - INFO - Cancelling Child order: 25092600459343
2025-09-26 14:29:39,821 - INFO - Successfully cancelled Child order: 25092600459343
2025-09-26 14:29:39,821 - INFO - Order update for account 2: {'t': 'om', 'norenordno': '25092600459343', 'uid': 'FA32246', 'actid': 'FA32246', 'exch': 'BFO', 'tsym': 'SENSEX25O0179500PE', 'trantype': 'B', 'qty': '20', 'prc': '50.00', 'pcode': 'M', 'remarks': '', 'status': 'PENDING', 'reporttype': 'PendingCancel', 'prctyp': 'LMT', 'ret': 'DAY', 'exchordid': '1758876697092751670', 'dscqty': '0', 'exch_tm': '26-09-2025 14:27:00'}
2025-09-26 14:29:39,821 - INFO - Account 2 - B PENDING PendingCancel
2025-09-26 14:29:39,826 - INFO - Order status debug - status: 'PENDING', reporttype: 'PendingCancel', trantype: 'B', price: '50.00'
2025-09-26 14:29:39,829 - INFO - Updated Child (ID: 2) can_order to '0': Order cancelled by user
2025-09-26 14:29:39,829 - INFO - Child buy order cancelled successfully
2025-09-26 14:29:39,854 - ERROR - Failed to cancel Master order 25092600459344: None
2025-09-26 14:29:39,862 - INFO - Buy price box disabled
2025-09-26 14:29:39,862 - INFO - Account 2 order status updated to: PENDING
2025-09-26 14:29:39,862 - INFO - DEBUG - Account 2 status: 'PENDING' (type: <class 'str'>)
2025-09-26 14:29:39,870 - INFO - DEBUG - Current account can_order: 0
2025-09-26 14:29:39,870 - INFO - DEBUG - Transaction type: 'B'
2025-09-26 14:29:39,870 - INFO - Order status updated for account 2: Buy Order PENDING @ 50.00
2025-09-26 14:29:39,870 - INFO - Order update for account 2: {'t': 'om', 'norenordno': '25092600459343', 'uid': 'FA32246', 'actid': 'FA32246', 'exch': 'BFO', 'tsym': 'SENSEX25O0179500PE', 'trantype': 'B', 'qty': '20', 'prc': '50.00', 'pcode': 'M', 'remarks': '', 'rejreason': 'Order Cancelled', 'status': 'CANCELED', 'reporttype': 'Canceled', 'prctyp': 'LMT', 'ret': 'DAY', 'exchordid': '1758876697092751670', 'cancelqty': '20', 'dscqty': '0', 'exch_tm': '26-09-2025 14:29:40'}
2025-09-26 14:29:39,874 - INFO - Account 2 - B CANCELED Canceled
2025-09-26 14:29:39,874 - INFO - Order status debug - status: 'CANCELED', reporttype: 'Canceled', trantype: 'B', price: '50.00'
2025-09-26 14:29:39,882 - INFO - Order status updated for account 2: Buy Order CANCELED @ 50.00
2025-09-26 14:29:42,638 - INFO - Application closing - cleaning up resources
2025-09-26 14:29:43,651 - INFO - WebSocket connection monitoring stopped
