2025-09-24 11:35:22,365 - INFO - Loaded account states from account_state.csv
2025-09-24 11:35:22,396 - INFO - Loaded configuration from configuration.csv
2025-09-24 11:35:22,396 - INFO - Resetting account states to initial state on startup...
2025-09-24 11:35:22,412 - INFO - Updated Master (ID: 1) login_status to '0': Program startup - master not logged in
2025-09-24 11:35:22,419 - INFO - Updated Master (ID: 1) can_order to '0': Program startup - master cannot place orders
2025-09-24 11:35:22,423 - INFO - Updated Child (ID: 2) login_status to '0': Program startup - child not logged in
2025-09-24 11:35:22,433 - INFO - Updated Child (ID: 2) can_order to '0': Program startup - child cannot place orders
2025-09-24 11:35:22,439 - INFO - Updated Master (ID: 1) order info:   0@0.0
2025-09-24 11:35:22,447 - INFO - Updated Child (ID: 2) order info:   0@0.0
2025-09-24 11:35:22,448 - INFO - Order information cleared on startup for both accounts
2025-09-24 11:35:22,448 - INFO - Account states reset to initial state
2025-09-24 11:35:22,451 - INFO - Loaded index prices from text file
2025-09-24 11:35:22,455 - INFO - Loaded expiry dates from text files
2025-09-24 11:35:22,749 - ERROR - Error loading SL/Target configuration: bad operand type for unary -: 'str'
2025-09-24 11:35:22,750 - INFO - Using fallback values - SL: -20, Target: 30
2025-09-24 11:35:23,255 - INFO - Attempting auto-login for master account...
2025-09-24 11:35:23,256 - INFO - Starting Master-Child Trading GUI - Original UI Layout
2025-09-24 11:35:23,256 - INFO - Generated fresh 2FA for account 1: 932389
2025-09-24 11:35:23,258 - INFO - Attempting login for account 1 with userid: FA32246
2025-09-24 11:35:24,027 - INFO - Login response for account 1: {'request_time': '11:35:25 24-09-2025', 'actid': 'FA32246', 'access_type': ['MOB', 'TT', 'WEB', 'API'], 'uname': 'ROOPAL SONI', 'prarr': [{'prd': 'C', 's_prdt_ali': 'CNC', 'exch': ['NSE', 'BSE', 'NIPO', 'BSTAR']}, {'prd': 'M', 's_prdt_ali': 'NRML', 'exch': ['NFO', 'BFO', 'CDS', 'BCD', 'MCX']}, {'prd': 'I', 's_prdt_ali': 'MIS', 'exch': ['NSE', 'BSE', 'NFO', 'BFO', 'CDS', 'BCD', 'MCX']}, {'prd': 'H', 's_prdt_ali': 'CO', 'exch': ['NSE', 'NFO', 'CDS', 'MCX', 'BSE']}, {'prd': 'B', 's_prdt_ali': 'BO', 'exch': ['NSE', 'NFO', 'CDS', 'MCX', 'BSE']}], 'exch_prd': [{'exch': 'NSE', 'prds': ['C', 'I', 'H', 'B']}, {'exch': 'NFO', 'prds': ['M', 'I', 'H', 'B']}, {'exch': 'CDS', 'prds': ['M', 'I', 'H', 'B']}, {'exch': 'BSE', 'prds': ['C', 'I', 'H', 'B']}, {'exch': 'BCD', 'prds': ['M', 'I']}, {'exch': 'MCX', 'prds': ['M', 'I', 'H', 'B']}, {'exch': 'NIPO', 'prds': ['C']}, {'exch': 'BSTAR', 'prds': ['C']}, {'exch': 'BFO', 'prds': ['M', 'I']}], 'stat': 'Ok', 'susertoken': 'cde56e393c70ff6d4039bd158fd7ecab8e3e0ab7805f1111d1ff56387a3e0955', 'susertokenspl': '4a912d80d8868054ff6a897303706646e1bbbea26b60a5b1b818ea14712a8b7e', 'email': 'kratik.kunal@gmail.com', 'uid': 'FA32246', 'brnchid': 'HO', 'totp_set': '1', 'm_num': '9424018696', 'orarr': ['MKT', 'LMT', 'SL-LMT', 'SL-MKT'], 'exarr': ['NSE', 'NFO', 'CDS', 'BSE', 'BCD', 'MCX', 'NIPO', 'BSTAR', 'BFO'], 'values': ['l', 'calls', 'Puts'], 'mws': {'l': [], 'calls': [{'exch': 'NFO', 'token': '54979', 'tsym': 'ADANIGREEN28OCT25P1100', 'cname': 'ADANIGREEN OCT 1100 PE ', 'dname': 'ADANIGREEN OCT 1100 PE ', 'instname': 'OPTSTK', 'pp': '2', 'ls': '600', 'ti': '0.05', 'optt': 'PE'}, {'exch': 'NFO', 'token': '54957', 'tsym': 'ADANIGREEN28OCT25P660', 'cname': 'ADANIGREEN OCT 660 PE ', 'dname': 'ADANIGREEN OCT 660 PE ', 'instname': 'OPTSTK', 'pp': '2', 'ls': '600', 'ti': '0.05', 'optt': 'PE'}, {'exch': 'NFO', 'token': '54995', 'tsym': 'ADANIGREEN25NOV25P600', 'cname': 'ADANIGREEN NOV 600 PE ', 'dname': 'ADANIGREEN NOV 600 PE ', 'instname': 'OPTSTK', 'pp': '2', 'ls': '600', 'ti': '0.05', 'optt': 'PE'}, {'exch': 'NFO', 'token': '54991', 'tsym': 'BANKNIFTY30SEP25C55400', 'cname': 'BANKNIFTY 30SEP25 55400 CE ', 'dname': 'BANKNIFTY 30SEP25 55400 CE ', 'instname': 'OPTIDX', 'pp': '2', 'ls': '35', 'ti': '0.05', 'optt': 'CE'}, {'exch': 'NFO', 'token': '54983', 'tsym': 'ADANIGREEN28OCT25P1180', 'cname': 'ADANIGREEN OCT 1180 PE ', 'dname': 'ADANIGREEN OCT 1180 PE ', 'instname': 'OPTSTK', 'pp': '2', 'ls': '600', 'ti': '0.05', 'optt': 'PE'}, {'exch': 'NFO', 'token': '54965', 'tsym': 'ADANIGREEN28OCT25P820', 'cname': 'ADANIGREEN OCT 820 PE ', 'dname': 'ADANIGREEN OCT 820 PE ', 'instname': 'OPTSTK', 'pp': '2', 'ls': '600', 'ti': '0.05', 'optt': 'PE'}, {'exch': 'NFO', 'token': '54953', 'tsym': 'ADANIGREEN28OCT25P520', 'cname': 'ADANIGREEN OCT 520 PE ', 'dname': 'ADANIGREEN OCT 520 PE ', 'instname': 'OPTSTK', 'pp': '2', 'ls': '600', 'ti': '0.05', 'optt': 'PE'}], 'Puts': [{'exch': 'NFO', 'token': '48898', 'tsym': 'MCX25NOV25F', 'cname': 'MCX NOV FUT', 'dname': 'MCX NOV FUT', 'instname': 'FUTSTK', 'pp': '2', 'ls': '125', 'ti': '0.50', 'optt': 'XX'}, {'exch': 'MCX', 'token': '456955', 'tsym': 'COPPER30SEP25', 'instname': 'FUTCOM', 'pp': '2', 'ls': '2500', 'ti': '0.05', 'optt': 'XX'}, {'exch': 'NSE', 'token': '4598', 'tsym': 'HERITGFOOD-EQ', 'cname': 'HERITAGE FOODS LTD', 'instname': 'EQ', 'pp': '2', 'ls': '1', 'ti': '0.05'}, {'exch': 'NSE', 'token': '2885', 'tsym': 'RELIANCE-EQ', 'cname': 'RELIANCE INDUSTRIES LTD', 'instname': 'EQ', 'pp': '2', 'ls': '1', 'ti': '0.10'}, {'exch': 'NSE', 'token': '31181', 'tsym': 'MCX-EQ', 'cname': 'MULTI COMMODITY EXCHANGE', 'instname': 'EQ', 'pp': '2', 'ls': '1', 'ti': '0.50'}, {'exch': 'NSE', 'token': '8003', 'tsym': 'SILVER-EQ', 'cname': 'BIRLASLAMC - SILVER', 'instname': 'EQ', 'pp': '2', 'ls': '1', 'ti': '0.01'}, {'exch': 'NSE', 'token': '26037', 'tsym': 'Nifty Fin Service', 'cname': 'FIN NIFTY', 'instname': 'UNDIND', 'pp': '2', 'ls': '1', 'ti': '0.05', 'nontrd': '1'}]}, 'brkname': 'FINV', 'dmsg': '', 'lastaccesstime': '1758693925', 'lastpwdtime': '1757444505'}
2025-09-24 11:35:24,027 - INFO - Login response type: <class 'dict'>
2025-09-24 11:35:24,027 - INFO - Login Successful!, Welcome ROOPAL SONI - Master ACCOUNT
2025-09-24 11:35:24,027 - INFO - Updated Master (ID: 1) login_status to '1': Master account auto-login successful
2025-09-24 11:35:24,027 - INFO - Updated Master (ID: 1) can_order to '1': Master account ready for orders
2025-09-24 11:35:24,027 - INFO - Refreshing market data...
2025-09-24 11:35:24,042 - INFO - Master account auto-login successful: ROOPAL SONI
2025-09-24 11:35:24,042 - INFO - Refreshing index prices...
2025-09-24 11:35:24,042 - INFO - Fetching index prices from API...
2025-09-24 11:35:24,042 - INFO - Fetching NIFTY price from NSE
2025-09-24 11:35:24,207 - INFO - Websocket connected
2025-09-24 11:35:24,249 - INFO - WebSocket is now open for Account 1
2025-09-24 11:35:24,670 - INFO - Fetched NIFTY price: 25066.8
2025-09-24 11:35:24,670 - INFO - Fetching BANKNIFTY price from NSE
2025-09-24 11:35:25,331 - INFO - Fetched BANKNIFTY price: 55120.95
2025-09-24 11:35:25,332 - INFO - Fetching SENSEX price from BSE
2025-09-24 11:35:25,758 - INFO - Position check completed - No open positions found
2025-09-24 11:35:26,010 - INFO - Fetched SENSEX price: 81741.28
2025-09-24 11:35:26,014 - INFO - Saved index prices to cache files
2025-09-24 11:35:26,015 - INFO - Successfully updated all index prices
2025-09-24 11:35:26,016 - INFO - Refreshing expiry dates...
2025-09-24 11:35:26,017 - INFO - Calculating expiry dates from master files...
2025-09-24 11:35:26,018 - INFO - Using NFO file: data\NFO_symbols.txt_2025-09-21.txt
2025-09-24 11:35:26,164 - INFO - NIFTY - Current: 2025-09-23, Next: 2025-09-30
2025-09-24 11:35:26,164 - INFO - BANKNIFTY - Current: 2025-09-30, Next: 2025-10-28
2025-09-24 11:35:26,167 - INFO - Using BFO file: data\BFO_symbols.txt_2025-09-21.txt
2025-09-24 11:35:26,233 - INFO - SENSEX - Current: 2025-09-25, Next: 2025-10-01
2025-09-24 11:35:26,237 - INFO - Saved expiry dates to files and cache
2025-09-24 11:35:26,237 - INFO - Successfully calculated and saved expiry dates
2025-09-24 11:35:33,617 - INFO - Attempting login for child account 2...
2025-09-24 11:35:33,617 - INFO - Login attempt 1/3 for child account 2
2025-09-24 11:35:33,617 - INFO - Generated fresh 2FA for account 2: 696239
2025-09-24 11:35:33,625 - INFO - Attempting login for account 2 with userid: FA42242
2025-09-24 11:35:34,176 - INFO - Login response for account 2: {'request_time': '11:35:35 24-09-2025', 'actid': 'FA42242', 'access_type': ['MOB', 'TT', 'WEB', 'API'], 'uname': 'KRATIK YADAV', 'prarr': [{'prd': 'C', 's_prdt_ali': 'CNC', 'exch': ['NSE', 'BSE', 'NIPO', 'BSTAR']}, {'prd': 'M', 's_prdt_ali': 'NRML', 'exch': ['NFO', 'BFO', 'CDS', 'BCD']}, {'prd': 'I', 's_prdt_ali': 'MIS', 'exch': ['NSE', 'BSE', 'NFO', 'BFO', 'CDS', 'BCD']}, {'prd': 'H', 's_prdt_ali': 'CO', 'exch': ['NSE', 'NFO', 'CDS', 'BSE']}, {'prd': 'B', 's_prdt_ali': 'BO', 'exch': ['NSE', 'NFO', 'CDS', 'BSE']}], 'exch_prd': [{'exch': 'NSE', 'prds': ['C', 'I', 'H', 'B']}, {'exch': 'NFO', 'prds': ['M', 'I', 'H', 'B']}, {'exch': 'CDS', 'prds': ['M', 'I', 'H', 'B']}, {'exch': 'BSE', 'prds': ['C', 'I', 'H', 'B']}, {'exch': 'BCD', 'prds': ['M', 'I']}, {'exch': 'NIPO', 'prds': ['C']}, {'exch': 'BSTAR', 'prds': ['C']}, {'exch': 'BFO', 'prds': ['M', 'I']}], 'stat': 'Ok', 'susertoken': 'c98069a7c071f7e36db572800342e2beee5405b4afca1b690321f7c65e8a50ec', 'susertokenspl': '07608a0a6dfd39a1e31e4377a727e408349b114f5bbd0b8fcc91d9f67d42617c', 'email': 'kratikiafk@gmail.com', 'uid': 'FA42242', 'brnchid': 'HO', 'totp_set': '1', 'm_num': '6265650705', 'orarr': ['MKT', 'LMT', 'SL-LMT', 'SL-MKT'], 'exarr': ['NSE', 'NFO', 'CDS', 'BSE', 'BCD', 'NIPO', 'BSTAR', 'BFO'], 'values': ['4', '3', '2'], 'mws': {'4': [{'exch': 'NFO', 'token': '68495', 'tsym': 'BANKINDIA28OCT25P105', 'cname': 'BANKINDIA OCT 105 PE ', 'dname': 'BANKINDIA OCT 105 PE ', 'instname': 'OPTSTK', 'pp': '2', 'ls': '5200', 'ti': '0.05', 'optt': 'PE'}, {'exch': 'NFO', 'token': '68471', 'tsym': 'BANKINDIA30SEP25P142.5', 'cname': 'BANKINDIA SEP 142.50 PE ', 'dname': 'BANKINDIA SEP 142.50 PE ', 'instname': 'OPTSTK', 'pp': '2', 'ls': '5200', 'ti': '0.05', 'optt': 'PE'}], '3': [], '2': [{'exch': 'NSE', 'token': '2088', 'tsym': 'MAHSEAMLES-EQ', 'cname': 'MAHARASHTRA SEAMLESS LTD', 'instname': 'EQ', 'pp': '2', 'ls': '1', 'ti': '0.05'}, {'exch': 'NSE', 'token': '23402', 'tsym': 'SRM-EQ', 'cname': 'SRM CONTRACTORS LIMITED', 'instname': 'EQ', 'pp': '2', 'ls': '1', 'ti': '0.05'}, {'exch': 'NSE', 'token': '18110', 'tsym': 'VASCONEQ-EQ', 'cname': 'VASCON ENGINEERS LTD', 'instname': 'EQ', 'pp': '2', 'ls': '1', 'ti': '0.01'}]}, 'brkname': 'FINV', 'dmsg': '', 'lastaccesstime': '1758693935', 'lastpwdtime': '1756959759'}
2025-09-24 11:35:34,178 - INFO - Login response type: <class 'dict'>
2025-09-24 11:35:34,179 - INFO - Login Successful!, Welcome KRATIK YADAV - Child2 ACCOUNT
2025-09-24 11:35:34,184 - INFO - Updated Child (ID: 2) login_status to '1': Child account 2 login successful
2025-09-24 11:35:34,193 - INFO - Updated Child (ID: 2) can_order to '1': Child account 2 ready for orders
2025-09-24 11:35:34,195 - INFO - Child account login successful: KRATIK YADAV
2025-09-24 11:35:34,358 - INFO - Websocket connected
2025-09-24 11:35:34,399 - INFO - WebSocket is now open for Account 2
2025-09-24 11:35:36,289 - INFO - Position check completed - No open positions found
2025-09-24 11:35:36,970 - INFO - Index selected: SENSEX
2025-09-24 11:35:36,970 - INFO - On option selected called - Function not implemented yet
2025-09-24 11:35:36,970 - INFO - Not all required fields selected for strike selection
2025-09-24 11:35:36,970 - INFO - Option and strike selections cleared for new index
2025-09-24 11:35:36,970 - INFO - On expiry selected called - Function not implemented yet
2025-09-24 11:35:36,970 - INFO - Strike dropdown populated with 15 strikes for SENSEX
2025-09-24 11:35:36,970 - INFO - Updated quantity dropdown for SENSEX: ['20', '40', '60', '80', '100', '120', '140', '160', '180', '200']
2025-09-24 11:35:40,350 - INFO - On option selected called - Function not implemented yet
2025-09-24 11:35:44,968 - INFO - On option selected called - Function not implemented yet
2025-09-24 11:36:32,938 - INFO - Buy price box cleared for new symbol selection
2025-09-24 11:36:32,938 - INFO - Generated trading symbol: SENSEX25SEP8PE
2025-09-24 11:36:32,938 - INFO - Trading symbol stored: SENSEX25SEP8PE
2025-09-24 11:36:32,938 - INFO - Getting token for trading symbol: SENSEX25SEP8PE
2025-09-24 11:36:32,948 - ERROR - No token found for SENSEX25SEP8PE
2025-09-24 11:36:32,979 - INFO - Available SENSEX symbols (first 10): ['SENSEX25SEP91600PE' 'SENSEX25SEP91500PE' 'SENSEX25SEP91400PE'
 'SENSEX25SEP91300PE' 'SENSEX25SEP91200PE' 'SENSEX25SEP91100PE'
 'SENSEX25SEP91000PE' 'SENSEX25SEP90900PE' 'SENSEX25SEP90800PE'
 'SENSEX25SEP90700PE']
2025-09-24 11:36:32,980 - ERROR - Error in fallback conversion: invalid literal for int() with base 10: '8P'
2025-09-24 11:36:32,980 - WARNING - Could not fetch price for SENSEX25SEP8PE
2025-09-24 11:36:32,981 - INFO - Strike selected: 8, trading symbol: SENSEX25SEP8PE
2025-09-24 11:36:33,729 - INFO - Buy price box cleared for new symbol selection
2025-09-24 11:36:33,729 - INFO - Generated trading symbol: SENSEX25SEP83PE
2025-09-24 11:36:33,729 - INFO - Trading symbol stored: SENSEX25SEP83PE
2025-09-24 11:36:33,729 - INFO - Getting token for trading symbol: SENSEX25SEP83PE
2025-09-24 11:36:33,734 - ERROR - No token found for SENSEX25SEP83PE
2025-09-24 11:36:33,750 - INFO - Available SENSEX symbols (first 10): ['SENSEX25SEP91600PE' 'SENSEX25SEP91500PE' 'SENSEX25SEP91400PE'
 'SENSEX25SEP91300PE' 'SENSEX25SEP91200PE' 'SENSEX25SEP91100PE'
 'SENSEX25SEP91000PE' 'SENSEX25SEP90900PE' 'SENSEX25SEP90800PE'
 'SENSEX25SEP90700PE']
2025-09-24 11:36:33,751 - INFO - Trying converted SENSEX symbol: SENSEX25SEP83PE -> SENSEX83925PE
2025-09-24 11:36:33,755 - WARNING - Could not fetch price for SENSEX25SEP83PE
2025-09-24 11:36:33,756 - INFO - Strike selected: 83, trading symbol: SENSEX25SEP83PE
2025-09-24 11:36:33,976 - INFO - Buy price box cleared for new symbol selection
2025-09-24 11:36:33,976 - INFO - Generated trading symbol: SENSEX25SEP835PE
2025-09-24 11:36:33,976 - INFO - Trading symbol stored: SENSEX25SEP835PE
2025-09-24 11:36:33,977 - INFO - Getting token for trading symbol: SENSEX25SEP835PE
2025-09-24 11:36:33,979 - ERROR - No token found for SENSEX25SEP835PE
2025-09-24 11:36:34,002 - INFO - Available SENSEX symbols (first 10): ['SENSEX25SEP91600PE' 'SENSEX25SEP91500PE' 'SENSEX25SEP91400PE'
 'SENSEX25SEP91300PE' 'SENSEX25SEP91200PE' 'SENSEX25SEP91100PE'
 'SENSEX25SEP91000PE' 'SENSEX25SEP90900PE' 'SENSEX25SEP90800PE'
 'SENSEX25SEP90700PE']
2025-09-24 11:36:34,003 - INFO - Trying converted SENSEX symbol: SENSEX25SEP835PE -> SENSEX839255PE
2025-09-24 11:36:34,009 - WARNING - Could not fetch price for SENSEX25SEP835PE
2025-09-24 11:36:34,010 - INFO - Strike selected: 835, trading symbol: SENSEX25SEP835PE
2025-09-24 11:36:34,427 - INFO - Buy price box cleared for new symbol selection
2025-09-24 11:36:34,427 - INFO - Generated trading symbol: SENSEX25SEP8350PE
2025-09-24 11:36:34,430 - INFO - Trading symbol stored: SENSEX25SEP8350PE
2025-09-24 11:36:34,430 - INFO - Getting token for trading symbol: SENSEX25SEP8350PE
2025-09-24 11:36:34,432 - ERROR - No token found for SENSEX25SEP8350PE
2025-09-24 11:36:34,460 - INFO - Available SENSEX symbols (first 10): ['SENSEX25SEP91600PE' 'SENSEX25SEP91500PE' 'SENSEX25SEP91400PE'
 'SENSEX25SEP91300PE' 'SENSEX25SEP91200PE' 'SENSEX25SEP91100PE'
 'SENSEX25SEP91000PE' 'SENSEX25SEP90900PE' 'SENSEX25SEP90800PE'
 'SENSEX25SEP90700PE']
2025-09-24 11:36:34,461 - INFO - Trying converted SENSEX symbol: SENSEX25SEP8350PE -> SENSEX8392550PE
2025-09-24 11:36:34,469 - WARNING - Could not fetch price for SENSEX25SEP8350PE
2025-09-24 11:36:34,470 - INFO - Strike selected: 8350, trading symbol: SENSEX25SEP8350PE
2025-09-24 11:36:34,592 - INFO - Buy price box cleared for new symbol selection
2025-09-24 11:36:34,593 - INFO - Generated trading symbol: SENSEX25SEP83500PE
2025-09-24 11:36:34,593 - INFO - Trading symbol stored: SENSEX25SEP83500PE
2025-09-24 11:36:34,594 - INFO - Getting token for trading symbol: SENSEX25SEP83500PE
2025-09-24 11:36:34,599 - INFO - Found token for SENSEX25SEP83500PE: 841732
2025-09-24 11:36:35,189 - INFO - Fetched price for SENSEX25SEP83500PE: 1728.45
2025-09-24 11:36:35,190 - INFO - Getting token for trading symbol: SENSEX25SEP83500PE
2025-09-24 11:36:35,193 - INFO - Found token for SENSEX25SEP83500PE: 841732
2025-09-24 11:36:35,193 - INFO - Subscribed to live price feed via master account: BFO|841732
2025-09-24 11:36:35,194 - INFO - Auto-subscribed to SENSEX25SEP83500PE at price 1728.45
2025-09-24 11:36:35,194 - INFO - Strike selected: 83500, trading symbol: SENSEX25SEP83500PE
2025-09-24 11:36:35,239 - INFO - Quote Received for Account 1: {'t': 'tk', 'e': 'BFO', 'tk': '841732', 'ts': 'SENSEX25SEP83500PE', 'pp': '2', 'ls': '20', 'ti': '0.05', 'lp': '1728.45', 'pc': '41.33', 'c': '1222.95', 'ft': '1758693949', 'o': '1509.95', 'h': '1790.45', 'l': '1509.95', 'ap': '1622.79', 'v': '11700', 'oi': '18960', 'bp1': '1686.05', 'sp1': '1691.10', 'bq1': '80', 'sq1': '20'}
2025-09-24 11:36:35,239 - INFO - Initial buy price set: 1728.45
2025-09-24 11:36:35,239 - INFO - Live price updated: 1728.45
2025-09-24 11:36:36,178 - INFO - Quote Received for Account 1: {'t': 'tf', 'e': 'BFO', 'tk': '841732', 'ft': '1758693950', 'bp1': '1684.95', 'sp1': '1690.35'}
2025-09-24 11:36:37,196 - INFO - Quote Received for Account 1: {'t': 'tf', 'e': 'BFO', 'tk': '841732', 'ft': '1758693951', 'bp1': '1686.25', 'sp1': '1690.90'}
2025-09-24 11:36:37,220 - INFO - Quote Received for Account 1: {'t': 'tf', 'e': 'BFO', 'tk': '841732', 'ft': '1758693951', 'sp1': '1690.85'}
2025-09-24 11:36:38,220 - INFO - Quote Received for Account 1: {'t': 'tf', 'e': 'BFO', 'tk': '841732', 'ft': '1758693952', 'bp1': '1687.55', 'sp1': '1692.35'}
2025-09-24 11:36:39,106 - INFO - On option selected called - Function not implemented yet
2025-09-24 11:36:39,246 - INFO - Quote Received for Account 1: {'t': 'tf', 'e': 'BFO', 'tk': '841732', 'ft': '1758693953', 'bp1': '1685.80', 'sp1': '1690.95', 'bq1': '140'}
2025-09-24 11:36:39,268 - INFO - Quote Received for Account 1: {'t': 'tf', 'e': 'BFO', 'tk': '841732', 'ft': '1758693953', 'sp1': '1690.70'}
2025-09-24 11:36:40,272 - INFO - Quote Received for Account 1: {'t': 'tf', 'e': 'BFO', 'tk': '841732', 'ft': '1758693954', 'bp1': '1687.65', 'sp1': '1693.05', 'bq1': '80'}
2025-09-24 11:36:40,293 - INFO - Quote Received for Account 1: {'t': 'tf', 'e': 'BFO', 'tk': '841732', 'ft': '1758693954', 'sp1': '1693.00'}
2025-09-24 11:36:41,298 - INFO - Quote Received for Account 1: {'t': 'tf', 'e': 'BFO', 'tk': '841732', 'ft': '1758693955', 'bp1': '1687.70', 'sp1': '1693.15', 'bq1': '20'}
2025-09-24 11:36:41,324 - INFO - Quote Received for Account 1: {'t': 'tf', 'e': 'BFO', 'tk': '841732', 'ft': '1758693955', 'bp1': '1687.65', 'sp1': '1693.10', 'bq1': '80'}
2025-09-24 11:36:42,124 - INFO - Buy price box cleared for new symbol selection
2025-09-24 11:36:42,124 - INFO - Generated trading symbol: SENSEX25SEP81000CE
2025-09-24 11:36:42,124 - INFO - Trading symbol stored: SENSEX25SEP81000CE
2025-09-24 11:36:42,124 - INFO - Getting token for trading symbol: SENSEX25SEP81000CE
2025-09-24 11:36:42,128 - INFO - Found token for SENSEX25SEP81000CE: 1146286
2025-09-24 11:36:42,328 - INFO - Quote Received for Account 1: {'t': 'tf', 'e': 'BFO', 'tk': '841732', 'ft': '1758693956', 'bp1': '1689.00', 'sp1': '1694.30'}
2025-09-24 11:36:42,664 - INFO - Fetched price for SENSEX25SEP81000CE: 836.45
2025-09-24 11:36:42,666 - INFO - Getting token for trading symbol: SENSEX25SEP81000CE
2025-09-24 11:36:42,670 - INFO - Found token for SENSEX25SEP81000CE: 1146286
2025-09-24 11:36:42,671 - INFO - Unsubscribed from previous: BFO|841732
2025-09-24 11:36:42,672 - INFO - Subscribed to live price feed via master account: BFO|1146286
2025-09-24 11:36:42,672 - INFO - Auto-subscribed to SENSEX25SEP81000CE at price 836.45
2025-09-24 11:36:42,673 - INFO - Strike selected: 81000, trading symbol: SENSEX25SEP81000CE
2025-09-24 11:36:42,718 - INFO - Quote Received for Account 1: {'t': 'tk', 'e': 'BFO', 'tk': '1146286', 'ts': 'SENSEX25SEP81000CE', 'pp': '2', 'ls': '20', 'ti': '0.05', 'lp': '836.45', 'pc': '-35.91', 'c': '1305.15', 'ft': '1758693956', 'o': '1125.85', 'h': '1125.85', 'l': '740.20', 'ap': '863.85', 'v': '321160', 'oi': '92580', 'bp1': '832.30', 'sp1': '834.75', 'bq1': '40', 'sq1': '20'}
2025-09-24 11:36:42,722 - INFO - Initial buy price set: 836.45
2025-09-24 11:36:42,723 - INFO - Live price updated: 836.45
2025-09-24 11:36:43,205 - INFO - Quote Received for Account 1: {'t': 'tf', 'e': 'BFO', 'tk': '1146286', 'ft': '1758693957', 'bp1': '831.30', 'sp1': '833.10', 'sq1': '60'}
2025-09-24 11:36:43,283 - INFO - Quote Received for Account 1: {'t': 'tf', 'e': 'BFO', 'tk': '1146286', 'ft': '1758693957', 'sp1': '832.85', 'sq1': '20'}
2025-09-24 11:36:44,287 - INFO - Quote Received for Account 1: {'t': 'tf', 'e': 'BFO', 'tk': '1146286', 'ft': '1758693958', 'bp1': '830.90', 'sp1': '832.60'}
2025-09-24 11:36:44,367 - INFO - Quote Received for Account 1: {'t': 'tf', 'e': 'BFO', 'tk': '1146286', 'ft': '1758693958', 'bp1': '830.80', 'sp1': '832.95', 'sq1': '160'}
2025-09-24 11:36:45,376 - INFO - Quote Received for Account 1: {'t': 'tf', 'e': 'BFO', 'tk': '1146286', 'ft': '1758693959', 'bp1': '829.70', 'sp1': '831.70', 'bq1': '20', 'sq1': '60'}
2025-09-24 11:36:45,450 - INFO - Quote Received for Account 1: {'t': 'tf', 'e': 'BFO', 'tk': '1146286', 'ft': '1758693959', 'sp1': '831.10', 'sq1': '20'}
2025-09-24 11:36:45,587 - INFO - Not all required fields selected for strike selection
2025-09-24 11:36:45,587 - INFO - Buy price box cleared for new symbol selection
2025-09-24 11:36:45,587 - INFO - Generated trading symbol: SENSEX25SEP8CE
2025-09-24 11:36:45,587 - INFO - Trading symbol stored: SENSEX25SEP8CE
2025-09-24 11:36:45,587 - INFO - Getting token for trading symbol: SENSEX25SEP8CE
2025-09-24 11:36:45,587 - ERROR - No token found for SENSEX25SEP8CE
2025-09-24 11:36:45,632 - INFO - Available SENSEX symbols (first 10): ['SENSEX25SEP91600PE' 'SENSEX25SEP91500PE' 'SENSEX25SEP91400PE'
 'SENSEX25SEP91300PE' 'SENSEX25SEP91200PE' 'SENSEX25SEP91100PE'
 'SENSEX25SEP91000PE' 'SENSEX25SEP90900PE' 'SENSEX25SEP90800PE'
 'SENSEX25SEP90700PE']
2025-09-24 11:36:45,633 - ERROR - Error in fallback conversion: invalid literal for int() with base 10: '8C'
2025-09-24 11:36:45,634 - WARNING - Could not fetch price for SENSEX25SEP8CE
2025-09-24 11:36:45,635 - INFO - Strike selected: 8, trading symbol: SENSEX25SEP8CE
2025-09-24 11:36:46,037 - INFO - Buy price box cleared for new symbol selection
2025-09-24 11:36:46,038 - INFO - Generated trading symbol: SENSEX25SEP83CE
2025-09-24 11:36:46,038 - INFO - Trading symbol stored: SENSEX25SEP83CE
2025-09-24 11:36:46,038 - INFO - Getting token for trading symbol: SENSEX25SEP83CE
2025-09-24 11:36:46,041 - ERROR - No token found for SENSEX25SEP83CE
2025-09-24 11:36:46,057 - INFO - Available SENSEX symbols (first 10): ['SENSEX25SEP91600PE' 'SENSEX25SEP91500PE' 'SENSEX25SEP91400PE'
 'SENSEX25SEP91300PE' 'SENSEX25SEP91200PE' 'SENSEX25SEP91100PE'
 'SENSEX25SEP91000PE' 'SENSEX25SEP90900PE' 'SENSEX25SEP90800PE'
 'SENSEX25SEP90700PE']
2025-09-24 11:36:46,057 - INFO - Trying converted SENSEX symbol: SENSEX25SEP83CE -> SENSEX83925CE
2025-09-24 11:36:46,060 - WARNING - Could not fetch price for SENSEX25SEP83CE
2025-09-24 11:36:46,060 - INFO - Strike selected: 83, trading symbol: SENSEX25SEP83CE
2025-09-24 11:36:46,307 - INFO - Buy price box cleared for new symbol selection
2025-09-24 11:36:46,307 - INFO - Generated trading symbol: SENSEX25SEP835CE
2025-09-24 11:36:46,307 - INFO - Trading symbol stored: SENSEX25SEP835CE
2025-09-24 11:36:46,307 - INFO - Getting token for trading symbol: SENSEX25SEP835CE
2025-09-24 11:36:46,307 - ERROR - No token found for SENSEX25SEP835CE
2025-09-24 11:36:46,330 - INFO - Available SENSEX symbols (first 10): ['SENSEX25SEP91600PE' 'SENSEX25SEP91500PE' 'SENSEX25SEP91400PE'
 'SENSEX25SEP91300PE' 'SENSEX25SEP91200PE' 'SENSEX25SEP91100PE'
 'SENSEX25SEP91000PE' 'SENSEX25SEP90900PE' 'SENSEX25SEP90800PE'
 'SENSEX25SEP90700PE']
2025-09-24 11:36:46,330 - INFO - Trying converted SENSEX symbol: SENSEX25SEP835CE -> SENSEX839255CE
2025-09-24 11:36:46,336 - WARNING - Could not fetch price for SENSEX25SEP835CE
2025-09-24 11:36:46,336 - INFO - Strike selected: 835, trading symbol: SENSEX25SEP835CE
2025-09-24 11:36:46,469 - INFO - Quote Received for Account 1: {'t': 'tf', 'e': 'BFO', 'tk': '1146286', 'ft': '1758693960', 'bp1': '832.00', 'sp1': '834.25', 'bq1': '60', 'sq1': '60'}
2025-09-24 11:36:46,535 - INFO - Quote Received for Account 1: {'t': 'tf', 'e': 'BFO', 'tk': '1146286', 'ft': '1758693960', 'sp1': '833.70', 'bq1': '20', 'sq1': '40'}
2025-09-24 11:36:46,712 - INFO - Buy price box cleared for new symbol selection
2025-09-24 11:36:46,712 - INFO - Generated trading symbol: SENSEX25SEP8350CE
2025-09-24 11:36:46,712 - INFO - Trading symbol stored: SENSEX25SEP8350CE
2025-09-24 11:36:46,713 - INFO - Getting token for trading symbol: SENSEX25SEP8350CE
2025-09-24 11:36:46,715 - ERROR - No token found for SENSEX25SEP8350CE
2025-09-24 11:36:46,734 - INFO - Available SENSEX symbols (first 10): ['SENSEX25SEP91600PE' 'SENSEX25SEP91500PE' 'SENSEX25SEP91400PE'
 'SENSEX25SEP91300PE' 'SENSEX25SEP91200PE' 'SENSEX25SEP91100PE'
 'SENSEX25SEP91000PE' 'SENSEX25SEP90900PE' 'SENSEX25SEP90800PE'
 'SENSEX25SEP90700PE']
2025-09-24 11:36:46,734 - INFO - Trying converted SENSEX symbol: SENSEX25SEP8350CE -> SENSEX8392550CE
2025-09-24 11:36:46,737 - WARNING - Could not fetch price for SENSEX25SEP8350CE
2025-09-24 11:36:46,738 - INFO - Strike selected: 8350, trading symbol: SENSEX25SEP8350CE
2025-09-24 11:36:46,873 - INFO - Buy price box cleared for new symbol selection
2025-09-24 11:36:46,874 - INFO - Generated trading symbol: SENSEX25SEP83500CE
2025-09-24 11:36:46,874 - INFO - Trading symbol stored: SENSEX25SEP83500CE
2025-09-24 11:36:46,874 - INFO - Getting token for trading symbol: SENSEX25SEP83500CE
2025-09-24 11:36:46,878 - INFO - Found token for SENSEX25SEP83500CE: 841628
2025-09-24 11:36:47,441 - INFO - Fetched price for SENSEX25SEP83500CE: 6.75
2025-09-24 11:36:47,441 - INFO - Getting token for trading symbol: SENSEX25SEP83500CE
2025-09-24 11:36:47,445 - INFO - Found token for SENSEX25SEP83500CE: 841628
2025-09-24 11:36:47,446 - INFO - Unsubscribed from previous: BFO|1146286
2025-09-24 11:36:47,446 - INFO - Subscribed to live price feed via master account: BFO|841628
2025-09-24 11:36:47,446 - INFO - Auto-subscribed to SENSEX25SEP83500CE at price 6.75
2025-09-24 11:36:47,447 - INFO - Strike selected: 83500, trading symbol: SENSEX25SEP83500CE
2025-09-24 11:36:47,501 - INFO - Quote Received for Account 1: {'t': 'tk', 'e': 'BFO', 'tk': '841628', 'ts': 'SENSEX25SEP83500CE', 'pp': '2', 'ls': '20', 'ti': '0.05', 'lp': '6.75', 'pc': '-44.67', 'c': '12.20', 'ft': '1758693961', 'o': '7.80', 'h': '9.10', 'l': '5.40', 'ap': '6.30', 'v': '9744340', 'oi': '1973020', 'bp1': '6.70', 'sp1': '6.75', 'bq1': '3640', 'sq1': '1080'}
2025-09-24 11:36:47,503 - INFO - Initial buy price set: 6.75
2025-09-24 11:36:47,504 - INFO - Live price updated: 6.75
2025-09-24 11:36:47,960 - INFO - Quote Received for Account 1: {'t': 'tf', 'e': 'BFO', 'tk': '841628', 'ft': '1758693962', 'v': '9745360', 'bq1': '3080', 'sq1': '640'}
2025-09-24 11:36:49,037 - INFO - Quote Received for Account 1: {'t': 'tf', 'e': 'BFO', 'tk': '841628', 'lp': '6.70', 'pc': '-45.08', 'ft': '1758693963', 'v': '9747020', 'bp1': '6.65', 'sp1': '6.70', 'bq1': '2220', 'sq1': '760'}
2025-09-24 11:36:49,038 - INFO - Live price updated: 6.70
2025-09-24 11:36:49,105 - INFO - Quote Received for Account 1: {'t': 'tf', 'e': 'BFO', 'tk': '841628', 'ft': '1758693963', 'bq1': '2300', 'sq1': '1440'}
2025-09-24 11:36:50,110 - INFO - Quote Received for Account 1: {'t': 'tf', 'e': 'BFO', 'tk': '841628', 'ft': '1758693964', 'v': '9748480', 'bp1': '6.70', 'sp1': '6.75', 'bq1': '2460', 'sq1': '7260'}
2025-09-24 11:36:50,187 - INFO - Quote Received for Account 1: {'t': 'tf', 'e': 'BFO', 'tk': '841628', 'ft': '1758693964', 'bq1': '2400'}
2025-09-24 11:36:51,185 - INFO - Quote Received for Account 1: {'t': 'tf', 'e': 'BFO', 'tk': '841628', 'lp': '6.75', 'pc': '-44.67', 'ft': '1758693965', 'v': '9749500', 'bq1': '2620', 'sq1': '9080'}
2025-09-24 11:36:51,187 - INFO - Live price updated: 6.75
2025-09-24 11:36:51,252 - INFO - Quote Received for Account 1: {'t': 'tf', 'e': 'BFO', 'tk': '841628', 'ft': '1758693965', 'bq1': '2500'}
2025-09-24 11:36:52,259 - INFO - Quote Received for Account 1: {'t': 'tf', 'e': 'BFO', 'tk': '841628', 'ft': '1758693966', 'v': '9750520', 'bq1': '3320', 'sq1': '6960'}
2025-09-24 11:36:52,330 - INFO - Quote Received for Account 1: {'t': 'tf', 'e': 'BFO', 'tk': '841628', 'ft': '1758693966', 'bq1': '3180', 'sq1': '7260'}
2025-09-24 11:36:52,837 - INFO - Buy price box cleared for new symbol selection
2025-09-24 11:36:52,838 - INFO - Generated trading symbol: SENSEX25SEP8CE
2025-09-24 11:36:52,839 - INFO - Trading symbol stored: SENSEX25SEP8CE
2025-09-24 11:36:52,840 - INFO - Getting token for trading symbol: SENSEX25SEP8CE
2025-09-24 11:36:52,844 - ERROR - No token found for SENSEX25SEP8CE
2025-09-24 11:36:52,887 - INFO - Available SENSEX symbols (first 10): ['SENSEX25SEP91600PE' 'SENSEX25SEP91500PE' 'SENSEX25SEP91400PE'
 'SENSEX25SEP91300PE' 'SENSEX25SEP91200PE' 'SENSEX25SEP91100PE'
 'SENSEX25SEP91000PE' 'SENSEX25SEP90900PE' 'SENSEX25SEP90800PE'
 'SENSEX25SEP90700PE']
2025-09-24 11:36:52,888 - ERROR - Error in fallback conversion: invalid literal for int() with base 10: '8C'
2025-09-24 11:36:52,889 - WARNING - Could not fetch price for SENSEX25SEP8CE
2025-09-24 11:36:52,890 - INFO - Strike selected: 8, trading symbol: SENSEX25SEP8CE
2025-09-24 11:36:52,891 - INFO - Buy price box cleared for new symbol selection
2025-09-24 11:36:52,892 - INFO - Generated trading symbol: SENSEX25SEP84CE
2025-09-24 11:36:52,892 - INFO - Trading symbol stored: SENSEX25SEP84CE
2025-09-24 11:36:52,892 - INFO - Getting token for trading symbol: SENSEX25SEP84CE
2025-09-24 11:36:52,895 - ERROR - No token found for SENSEX25SEP84CE
2025-09-24 11:36:52,912 - INFO - Available SENSEX symbols (first 10): ['SENSEX25SEP91600PE' 'SENSEX25SEP91500PE' 'SENSEX25SEP91400PE'
 'SENSEX25SEP91300PE' 'SENSEX25SEP91200PE' 'SENSEX25SEP91100PE'
 'SENSEX25SEP91000PE' 'SENSEX25SEP90900PE' 'SENSEX25SEP90800PE'
 'SENSEX25SEP90700PE']
2025-09-24 11:36:52,912 - INFO - Trying converted SENSEX symbol: SENSEX25SEP84CE -> SENSEX84925CE
2025-09-24 11:36:52,916 - WARNING - Could not fetch price for SENSEX25SEP84CE
2025-09-24 11:36:52,917 - INFO - Strike selected: 84, trading symbol: SENSEX25SEP84CE
2025-09-24 11:36:53,347 - INFO - Quote Received for Account 1: {'t': 'tf', 'e': 'BFO', 'tk': '841628', 'ft': '1758693967', 'v': '9752040', 'bq1': '4740', 'sq1': '2040'}
2025-09-24 11:36:53,733 - INFO - Buy price box cleared for new symbol selection
2025-09-24 11:36:53,734 - INFO - Generated trading symbol: SENSEX25SEP840CE
2025-09-24 11:36:53,735 - INFO - Trading symbol stored: SENSEX25SEP840CE
2025-09-24 11:36:53,735 - INFO - Getting token for trading symbol: SENSEX25SEP840CE
2025-09-24 11:36:53,740 - ERROR - No token found for SENSEX25SEP840CE
2025-09-24 11:36:53,770 - INFO - Available SENSEX symbols (first 10): ['SENSEX25SEP91600PE' 'SENSEX25SEP91500PE' 'SENSEX25SEP91400PE'
 'SENSEX25SEP91300PE' 'SENSEX25SEP91200PE' 'SENSEX25SEP91100PE'
 'SENSEX25SEP91000PE' 'SENSEX25SEP90900PE' 'SENSEX25SEP90800PE'
 'SENSEX25SEP90700PE']
2025-09-24 11:36:53,770 - INFO - Trying converted SENSEX symbol: SENSEX25SEP840CE -> SENSEX849250CE
2025-09-24 11:36:53,774 - WARNING - Could not fetch price for SENSEX25SEP840CE
2025-09-24 11:36:53,774 - INFO - Strike selected: 840, trading symbol: SENSEX25SEP840CE
2025-09-24 11:36:53,912 - INFO - Buy price box cleared for new symbol selection
2025-09-24 11:36:53,913 - INFO - Generated trading symbol: SENSEX25SEP8400CE
2025-09-24 11:36:53,913 - INFO - Trading symbol stored: SENSEX25SEP8400CE
2025-09-24 11:36:53,913 - INFO - Getting token for trading symbol: SENSEX25SEP8400CE
2025-09-24 11:36:53,915 - ERROR - No token found for SENSEX25SEP8400CE
2025-09-24 11:36:53,961 - INFO - Available SENSEX symbols (first 10): ['SENSEX25SEP91600PE' 'SENSEX25SEP91500PE' 'SENSEX25SEP91400PE'
 'SENSEX25SEP91300PE' 'SENSEX25SEP91200PE' 'SENSEX25SEP91100PE'
 'SENSEX25SEP91000PE' 'SENSEX25SEP90900PE' 'SENSEX25SEP90800PE'
 'SENSEX25SEP90700PE']
2025-09-24 11:36:53,962 - INFO - Trying converted SENSEX symbol: SENSEX25SEP8400CE -> SENSEX8492500CE
2025-09-24 11:36:53,967 - WARNING - Could not fetch price for SENSEX25SEP8400CE
2025-09-24 11:36:53,967 - INFO - Strike selected: 8400, trading symbol: SENSEX25SEP8400CE
2025-09-24 11:36:54,403 - INFO - Quote Received for Account 1: {'t': 'tf', 'e': 'BFO', 'tk': '841628', 'ft': '1758693968', 'v': '9754060', 'bq1': '4900', 'sq1': '1260'}
2025-09-24 11:36:55,060 - INFO - Buy price box cleared for new symbol selection
2025-09-24 11:36:55,062 - INFO - Generated trading symbol: SENSEX25SEP84000CE
2025-09-24 11:36:55,062 - INFO - Trading symbol stored: SENSEX25SEP84000CE
2025-09-24 11:36:55,062 - INFO - Getting token for trading symbol: SENSEX25SEP84000CE
2025-09-24 11:36:55,066 - INFO - Found token for SENSEX25SEP84000CE: 1146970
2025-09-24 11:36:55,471 - INFO - Quote Received for Account 1: {'t': 'tf', 'e': 'BFO', 'tk': '841628', 'lp': '6.70', 'pc': '-45.08', 'ft': '1758693969', 'v': '9760020', 'bq1': '2700', 'sq1': '1360'}
2025-09-24 11:36:55,689 - INFO - Fetched price for SENSEX25SEP84000CE: 5.15
2025-09-24 11:36:55,690 - INFO - Getting token for trading symbol: SENSEX25SEP84000CE
2025-09-24 11:36:55,694 - INFO - Found token for SENSEX25SEP84000CE: 1146970
2025-09-24 11:36:55,694 - INFO - Unsubscribed from previous: BFO|841628
2025-09-24 11:36:55,695 - INFO - Subscribed to live price feed via master account: BFO|1146970
2025-09-24 11:36:55,695 - INFO - Auto-subscribed to SENSEX25SEP84000CE at price 5.15
2025-09-24 11:36:55,696 - INFO - Strike selected: 84000, trading symbol: SENSEX25SEP84000CE
2025-09-24 11:36:55,698 - INFO - Initial buy price set: 6.70
2025-09-24 11:36:55,699 - INFO - Live price updated: 6.70
2025-09-24 11:36:55,700 - INFO - Quote Received for Account 1: {'t': 'tf', 'e': 'BFO', 'tk': '841628', 'ft': '1758693969', 'bq1': '3060', 'sq1': '1320'}
2025-09-24 11:36:55,745 - INFO - Quote Received for Account 1: {'t': 'tk', 'e': 'BFO', 'tk': '1146970', 'ts': 'SENSEX25SEP84000CE', 'pp': '2', 'ls': '20', 'ti': '0.05', 'lp': '5.15', 'pc': '-6.36', 'c': '5.50', 'ft': '1758693969', 'o': '4.35', 'h': '5.45', 'l': '3.50', 'ap': '4.64', 'v': '8991680', 'oi': '2770060', 'bp1': '5.15', 'sp1': '5.20', 'bq1': '8640', 'sq1': '2280'}
2025-09-24 11:36:55,746 - INFO - Live price updated: 5.15
2025-09-24 11:36:56,222 - INFO - Quote Received for Account 1: {'t': 'tf', 'e': 'BFO', 'tk': '1146970', 'lp': '5.20', 'pc': '-5.45', 'ft': '1758693970', 'v': '8992020', 'bq1': '6440', 'sq1': '4980'}
2025-09-24 11:36:56,223 - INFO - Live price updated: 5.20
2025-09-24 11:36:57,307 - INFO - Quote Received for Account 1: {'t': 'tf', 'e': 'BFO', 'tk': '1146970', 'lp': '5.15', 'pc': '-6.36', 'ft': '1758693971', 'v': '8992100', 'bq1': '8380', 'sq1': '1380'}
2025-09-24 11:36:57,308 - INFO - Live price updated: 5.15
2025-09-24 11:36:57,378 - INFO - Quote Received for Account 1: {'t': 'tf', 'e': 'BFO', 'tk': '1146970', 'ft': '1758693971', 'bq1': '8040'}
2025-09-24 11:36:57,875 - INFO - Buy price box cleared for new symbol selection
2025-09-24 11:36:57,876 - INFO - Generated trading symbol: SENSEX25SEP8400CE
2025-09-24 11:36:57,877 - INFO - Trading symbol stored: SENSEX25SEP8400CE
2025-09-24 11:36:57,877 - INFO - Getting token for trading symbol: SENSEX25SEP8400CE
2025-09-24 11:36:57,882 - ERROR - No token found for SENSEX25SEP8400CE
2025-09-24 11:36:57,938 - INFO - Available SENSEX symbols (first 10): ['SENSEX25SEP91600PE' 'SENSEX25SEP91500PE' 'SENSEX25SEP91400PE'
 'SENSEX25SEP91300PE' 'SENSEX25SEP91200PE' 'SENSEX25SEP91100PE'
 'SENSEX25SEP91000PE' 'SENSEX25SEP90900PE' 'SENSEX25SEP90800PE'
 'SENSEX25SEP90700PE']
2025-09-24 11:36:57,939 - INFO - Trying converted SENSEX symbol: SENSEX25SEP8400CE -> SENSEX8492500CE
2025-09-24 11:36:57,946 - WARNING - Could not fetch price for SENSEX25SEP8400CE
2025-09-24 11:36:57,947 - INFO - Strike selected: 8400, trading symbol: SENSEX25SEP8400CE
2025-09-24 11:36:58,071 - INFO - Buy price box cleared for new symbol selection
2025-09-24 11:36:58,071 - INFO - Generated trading symbol: SENSEX25SEP840CE
2025-09-24 11:36:58,071 - INFO - Trading symbol stored: SENSEX25SEP840CE
2025-09-24 11:36:58,071 - INFO - Getting token for trading symbol: SENSEX25SEP840CE
2025-09-24 11:36:58,071 - ERROR - No token found for SENSEX25SEP840CE
2025-09-24 11:36:58,121 - INFO - Available SENSEX symbols (first 10): ['SENSEX25SEP91600PE' 'SENSEX25SEP91500PE' 'SENSEX25SEP91400PE'
 'SENSEX25SEP91300PE' 'SENSEX25SEP91200PE' 'SENSEX25SEP91100PE'
 'SENSEX25SEP91000PE' 'SENSEX25SEP90900PE' 'SENSEX25SEP90800PE'
 'SENSEX25SEP90700PE']
2025-09-24 11:36:58,123 - INFO - Trying converted SENSEX symbol: SENSEX25SEP840CE -> SENSEX849250CE
2025-09-24 11:36:58,130 - WARNING - Could not fetch price for SENSEX25SEP840CE
2025-09-24 11:36:58,131 - INFO - Strike selected: 840, trading symbol: SENSEX25SEP840CE
2025-09-24 11:36:58,255 - INFO - Buy price box cleared for new symbol selection
2025-09-24 11:36:58,255 - INFO - Generated trading symbol: SENSEX25SEP84CE
2025-09-24 11:36:58,255 - INFO - Trading symbol stored: SENSEX25SEP84CE
2025-09-24 11:36:58,256 - INFO - Getting token for trading symbol: SENSEX25SEP84CE
2025-09-24 11:36:58,258 - ERROR - No token found for SENSEX25SEP84CE
2025-09-24 11:36:58,286 - INFO - Available SENSEX symbols (first 10): ['SENSEX25SEP91600PE' 'SENSEX25SEP91500PE' 'SENSEX25SEP91400PE'
 'SENSEX25SEP91300PE' 'SENSEX25SEP91200PE' 'SENSEX25SEP91100PE'
 'SENSEX25SEP91000PE' 'SENSEX25SEP90900PE' 'SENSEX25SEP90800PE'
 'SENSEX25SEP90700PE']
2025-09-24 11:36:58,287 - INFO - Trying converted SENSEX symbol: SENSEX25SEP84CE -> SENSEX84925CE
2025-09-24 11:36:58,296 - WARNING - Could not fetch price for SENSEX25SEP84CE
2025-09-24 11:36:58,297 - INFO - Strike selected: 84, trading symbol: SENSEX25SEP84CE
2025-09-24 11:36:58,390 - INFO - Quote Received for Account 1: {'t': 'tf', 'e': 'BFO', 'tk': '1146970', 'ft': '1758693972', 'bq1': '7340', 'sq1': '1060'}
2025-09-24 11:36:58,457 - INFO - Buy price box cleared for new symbol selection
2025-09-24 11:36:58,457 - INFO - Generated trading symbol: SENSEX25SEP8CE
2025-09-24 11:36:58,457 - INFO - Trading symbol stored: SENSEX25SEP8CE
2025-09-24 11:36:58,458 - INFO - Getting token for trading symbol: SENSEX25SEP8CE
2025-09-24 11:36:58,461 - ERROR - No token found for SENSEX25SEP8CE
2025-09-24 11:36:58,482 - INFO - Quote Received for Account 1: {'t': 'tf', 'e': 'BFO', 'tk': '1146970', 'ft': '1758693972', 'v': '8992240', 'bq1': '6580', 'sq1': '2140'}
2025-09-24 11:36:58,482 - INFO - Available SENSEX symbols (first 10): ['SENSEX25SEP91600PE' 'SENSEX25SEP91500PE' 'SENSEX25SEP91400PE'
 'SENSEX25SEP91300PE' 'SENSEX25SEP91200PE' 'SENSEX25SEP91100PE'
 'SENSEX25SEP91000PE' 'SENSEX25SEP90900PE' 'SENSEX25SEP90800PE'
 'SENSEX25SEP90700PE']
2025-09-24 11:36:58,483 - ERROR - Error in fallback conversion: invalid literal for int() with base 10: '8C'
2025-09-24 11:36:58,483 - WARNING - Could not fetch price for SENSEX25SEP8CE
2025-09-24 11:36:58,484 - INFO - Strike selected: 8, trading symbol: SENSEX25SEP8CE
2025-09-24 11:36:59,472 - INFO - Quote Received for Account 1: {'t': 'tf', 'e': 'BFO', 'tk': '1146970', 'ft': '1758693973', 'v': '8992340', 'bq1': '2420', 'sq1': '7320'}
2025-09-24 11:36:59,547 - INFO - Quote Received for Account 1: {'t': 'tf', 'e': 'BFO', 'tk': '1146970', 'ft': '1758693973', 'bq1': '2940', 'sq1': '7620'}
2025-09-24 11:37:00,301 - INFO - Buy price box cleared for new symbol selection
2025-09-24 11:37:00,302 - INFO - Generated trading symbol: SENSEX25SEP83CE
2025-09-24 11:37:00,302 - INFO - Trading symbol stored: SENSEX25SEP83CE
2025-09-24 11:37:00,302 - INFO - Getting token for trading symbol: SENSEX25SEP83CE
2025-09-24 11:37:00,305 - ERROR - No token found for SENSEX25SEP83CE
2025-09-24 11:37:00,340 - INFO - Available SENSEX symbols (first 10): ['SENSEX25SEP91600PE' 'SENSEX25SEP91500PE' 'SENSEX25SEP91400PE'
 'SENSEX25SEP91300PE' 'SENSEX25SEP91200PE' 'SENSEX25SEP91100PE'
 'SENSEX25SEP91000PE' 'SENSEX25SEP90900PE' 'SENSEX25SEP90800PE'
 'SENSEX25SEP90700PE']
2025-09-24 11:37:00,341 - INFO - Trying converted SENSEX symbol: SENSEX25SEP83CE -> SENSEX83925CE
2025-09-24 11:37:00,343 - WARNING - Could not fetch price for SENSEX25SEP83CE
2025-09-24 11:37:00,344 - INFO - Strike selected: 83, trading symbol: SENSEX25SEP83CE
2025-09-24 11:37:00,512 - INFO - Buy price box cleared for new symbol selection
2025-09-24 11:37:00,527 - INFO - Generated trading symbol: SENSEX25SEP830CE
2025-09-24 11:37:00,527 - INFO - Trading symbol stored: SENSEX25SEP830CE
2025-09-24 11:37:00,527 - INFO - Getting token for trading symbol: SENSEX25SEP830CE
2025-09-24 11:37:00,529 - ERROR - No token found for SENSEX25SEP830CE
2025-09-24 11:37:00,547 - INFO - Available SENSEX symbols (first 10): ['SENSEX25SEP91600PE' 'SENSEX25SEP91500PE' 'SENSEX25SEP91400PE'
 'SENSEX25SEP91300PE' 'SENSEX25SEP91200PE' 'SENSEX25SEP91100PE'
 'SENSEX25SEP91000PE' 'SENSEX25SEP90900PE' 'SENSEX25SEP90800PE'
 'SENSEX25SEP90700PE']
2025-09-24 11:37:00,547 - INFO - Trying converted SENSEX symbol: SENSEX25SEP830CE -> SENSEX839250CE
2025-09-24 11:37:00,550 - WARNING - Could not fetch price for SENSEX25SEP830CE
2025-09-24 11:37:00,550 - INFO - Strike selected: 830, trading symbol: SENSEX25SEP830CE
2025-09-24 11:37:00,556 - INFO - Quote Received for Account 1: {'t': 'tf', 'e': 'BFO', 'tk': '1146970', 'ft': '1758693974', 'bq1': '2920', 'sq1': '8720'}
2025-09-24 11:37:00,707 - INFO - Buy price box cleared for new symbol selection
2025-09-24 11:37:00,708 - INFO - Generated trading symbol: SENSEX25SEP8300CE
2025-09-24 11:37:00,708 - INFO - Trading symbol stored: SENSEX25SEP8300CE
2025-09-24 11:37:00,708 - INFO - Getting token for trading symbol: SENSEX25SEP8300CE
2025-09-24 11:37:00,711 - ERROR - No token found for SENSEX25SEP8300CE
2025-09-24 11:37:00,752 - INFO - Available SENSEX symbols (first 10): ['SENSEX25SEP91600PE' 'SENSEX25SEP91500PE' 'SENSEX25SEP91400PE'
 'SENSEX25SEP91300PE' 'SENSEX25SEP91200PE' 'SENSEX25SEP91100PE'
 'SENSEX25SEP91000PE' 'SENSEX25SEP90900PE' 'SENSEX25SEP90800PE'
 'SENSEX25SEP90700PE']
2025-09-24 11:37:00,754 - INFO - Trying converted SENSEX symbol: SENSEX25SEP8300CE -> SENSEX8392500CE
2025-09-24 11:37:00,761 - WARNING - Could not fetch price for SENSEX25SEP8300CE
2025-09-24 11:37:00,762 - INFO - Strike selected: 8300, trading symbol: SENSEX25SEP8300CE
2025-09-24 11:37:00,841 - INFO - Buy price box cleared for new symbol selection
2025-09-24 11:37:00,841 - INFO - Generated trading symbol: SENSEX25SEP83000CE
2025-09-24 11:37:00,841 - INFO - Trading symbol stored: SENSEX25SEP83000CE
2025-09-24 11:37:00,842 - INFO - Getting token for trading symbol: SENSEX25SEP83000CE
2025-09-24 11:37:00,844 - INFO - Found token for SENSEX25SEP83000CE: 1146739
2025-09-24 11:37:01,437 - INFO - Fetched price for SENSEX25SEP83000CE: 10.9
2025-09-24 11:37:01,437 - INFO - Getting token for trading symbol: SENSEX25SEP83000CE
2025-09-24 11:37:01,442 - INFO - Found token for SENSEX25SEP83000CE: 1146739
2025-09-24 11:37:01,442 - INFO - Unsubscribed from previous: BFO|1146970
2025-09-24 11:37:01,443 - INFO - Subscribed to live price feed via master account: BFO|1146739
2025-09-24 11:37:01,443 - INFO - Auto-subscribed to SENSEX25SEP83000CE at price 10.9
2025-09-24 11:37:01,443 - INFO - Strike selected: 83000, trading symbol: SENSEX25SEP83000CE
2025-09-24 11:37:01,487 - INFO - Quote Received for Account 1: {'t': 'tk', 'e': 'BFO', 'tk': '1146739', 'ts': 'SENSEX25SEP83000CE', 'pp': '2', 'ls': '20', 'ti': '0.05', 'lp': '10.90', 'pc': '-76.15', 'c': '45.70', 'ft': '1758693974', 'o': '29.90', 'h': '29.90', 'l': '9.35', 'ap': '12.39', 'v': '15684000', 'oi': '2795980', 'bp1': '10.85', 'sp1': '10.95', 'bq1': '3680', 'sq1': '2040'}
2025-09-24 11:37:01,488 - INFO - Initial buy price set: 10.90
2025-09-24 11:37:01,488 - INFO - Live price updated: 10.90
2025-09-24 11:37:01,814 - INFO - Quote Received for Account 1: {'t': 'tf', 'e': 'BFO', 'tk': '1146739', 'lp': '10.95', 'pc': '-76.04', 'ft': '1758693975', 'v': '15684980', 'bp1': '10.90', 'bq1': '1580', 'sq1': '560'}
2025-09-24 11:37:01,816 - INFO - Live price updated: 10.95
2025-09-24 11:37:01,864 - INFO - Quote Received for Account 1: {'t': 'tf', 'e': 'BFO', 'tk': '1146739', 'ft': '1758693975', 'bq1': '1480'}
2025-09-24 11:37:02,867 - INFO - Quote Received for Account 1: {'t': 'tf', 'e': 'BFO', 'tk': '1146739', 'ft': '1758693976', 'bq1': '980', 'sq1': '880'}
2025-09-24 11:37:02,924 - INFO - Quote Received for Account 1: {'t': 'tf', 'e': 'BFO', 'tk': '1146739', 'ft': '1758693977', 'bq1': '940', 'sq1': '1080'}
2025-09-24 11:37:03,930 - INFO - Quote Received for Account 1: {'t': 'tf', 'e': 'BFO', 'tk': '1146739', 'lp': '11.00', 'pc': '-75.93', 'ft': '1758693978', 'v': '15685980', 'bq1': '340', 'sq1': '1420'}
2025-09-24 11:37:03,933 - INFO - Live price updated: 11.00
2025-09-24 11:37:03,983 - INFO - Quote Received for Account 1: {'t': 'tf', 'e': 'BFO', 'tk': '1146739', 'ft': '1758693978', 'bq1': '1180', 'sq1': '1060'}
2025-09-24 11:37:04,941 - INFO - Buy price box cleared for new symbol selection
2025-09-24 11:37:04,942 - INFO - Generated trading symbol: SENSEX25SEP8300CE
2025-09-24 11:37:04,942 - INFO - Trading symbol stored: SENSEX25SEP8300CE
2025-09-24 11:37:04,943 - INFO - Getting token for trading symbol: SENSEX25SEP8300CE
2025-09-24 11:37:04,946 - ERROR - No token found for SENSEX25SEP8300CE
2025-09-24 11:37:04,986 - INFO - Available SENSEX symbols (first 10): ['SENSEX25SEP91600PE' 'SENSEX25SEP91500PE' 'SENSEX25SEP91400PE'
 'SENSEX25SEP91300PE' 'SENSEX25SEP91200PE' 'SENSEX25SEP91100PE'
 'SENSEX25SEP91000PE' 'SENSEX25SEP90900PE' 'SENSEX25SEP90800PE'
 'SENSEX25SEP90700PE']
2025-09-24 11:37:04,988 - INFO - Trying converted SENSEX symbol: SENSEX25SEP8300CE -> SENSEX8392500CE
2025-09-24 11:37:04,990 - WARNING - Could not fetch price for SENSEX25SEP8300CE
2025-09-24 11:37:04,990 - INFO - Quote Received for Account 1: {'t': 'tf', 'e': 'BFO', 'tk': '1146739', 'lp': '10.90', 'pc': '-76.15', 'ft': '1758693979', 'v': '15686720', 'bq1': '840', 'sq1': '1020'}
2025-09-24 11:37:04,990 - INFO - Strike selected: 8300, trading symbol: SENSEX25SEP8300CE
2025-09-24 11:37:04,995 - INFO - Initial buy price set: 10.90
2025-09-24 11:37:04,996 - INFO - Live price updated: 10.90
2025-09-24 11:37:05,048 - INFO - Quote Received for Account 1: {'t': 'tf', 'e': 'BFO', 'tk': '1146739', 'ft': '1758693979', 'bq1': '800', 'sq1': '780'}
2025-09-24 11:37:05,118 - INFO - Buy price box cleared for new symbol selection
2025-09-24 11:37:05,118 - INFO - Generated trading symbol: SENSEX25SEP830CE
2025-09-24 11:37:05,119 - INFO - Trading symbol stored: SENSEX25SEP830CE
2025-09-24 11:37:05,119 - INFO - Getting token for trading symbol: SENSEX25SEP830CE
2025-09-24 11:37:05,123 - ERROR - No token found for SENSEX25SEP830CE
2025-09-24 11:37:05,150 - INFO - Available SENSEX symbols (first 10): ['SENSEX25SEP91600PE' 'SENSEX25SEP91500PE' 'SENSEX25SEP91400PE'
 'SENSEX25SEP91300PE' 'SENSEX25SEP91200PE' 'SENSEX25SEP91100PE'
 'SENSEX25SEP91000PE' 'SENSEX25SEP90900PE' 'SENSEX25SEP90800PE'
 'SENSEX25SEP90700PE']
2025-09-24 11:37:05,151 - INFO - Trying converted SENSEX symbol: SENSEX25SEP830CE -> SENSEX839250CE
2025-09-24 11:37:05,156 - WARNING - Could not fetch price for SENSEX25SEP830CE
2025-09-24 11:37:05,156 - INFO - Strike selected: 830, trading symbol: SENSEX25SEP830CE
2025-09-24 11:37:05,301 - INFO - Buy price box cleared for new symbol selection
2025-09-24 11:37:05,302 - INFO - Generated trading symbol: SENSEX25SEP83CE
2025-09-24 11:37:05,302 - INFO - Trading symbol stored: SENSEX25SEP83CE
2025-09-24 11:37:05,303 - INFO - Getting token for trading symbol: SENSEX25SEP83CE
2025-09-24 11:37:05,307 - ERROR - No token found for SENSEX25SEP83CE
2025-09-24 11:37:05,330 - INFO - Available SENSEX symbols (first 10): ['SENSEX25SEP91600PE' 'SENSEX25SEP91500PE' 'SENSEX25SEP91400PE'
 'SENSEX25SEP91300PE' 'SENSEX25SEP91200PE' 'SENSEX25SEP91100PE'
 'SENSEX25SEP91000PE' 'SENSEX25SEP90900PE' 'SENSEX25SEP90800PE'
 'SENSEX25SEP90700PE']
2025-09-24 11:37:05,333 - INFO - Trying converted SENSEX symbol: SENSEX25SEP83CE -> SENSEX83925CE
2025-09-24 11:37:05,338 - WARNING - Could not fetch price for SENSEX25SEP83CE
2025-09-24 11:37:05,339 - INFO - Strike selected: 83, trading symbol: SENSEX25SEP83CE
2025-09-24 11:37:05,949 - INFO - Buy price box cleared for new symbol selection
2025-09-24 11:37:05,949 - INFO - Generated trading symbol: SENSEX25SEP8CE
2025-09-24 11:37:05,949 - INFO - Trading symbol stored: SENSEX25SEP8CE
2025-09-24 11:37:05,949 - INFO - Getting token for trading symbol: SENSEX25SEP8CE
2025-09-24 11:37:05,953 - ERROR - No token found for SENSEX25SEP8CE
2025-09-24 11:37:05,986 - INFO - Available SENSEX symbols (first 10): ['SENSEX25SEP91600PE' 'SENSEX25SEP91500PE' 'SENSEX25SEP91400PE'
 'SENSEX25SEP91300PE' 'SENSEX25SEP91200PE' 'SENSEX25SEP91100PE'
 'SENSEX25SEP91000PE' 'SENSEX25SEP90900PE' 'SENSEX25SEP90800PE'
 'SENSEX25SEP90700PE']
2025-09-24 11:37:05,987 - ERROR - Error in fallback conversion: invalid literal for int() with base 10: '8C'
2025-09-24 11:37:05,988 - WARNING - Could not fetch price for SENSEX25SEP8CE
2025-09-24 11:37:05,989 - INFO - Strike selected: 8, trading symbol: SENSEX25SEP8CE
2025-09-24 11:37:06,053 - INFO - Quote Received for Account 1: {'t': 'tf', 'e': 'BFO', 'tk': '1146739', 'lp': '10.85', 'pc': '-76.26', 'ft': '1758693980', 'v': '15687060', 'bp1': '10.85', 'bq1': '2940', 'sq1': '2700'}
2025-09-24 11:37:06,055 - INFO - Initial buy price set: 10.85
2025-09-24 11:37:06,056 - INFO - Live price updated: 10.85
2025-09-24 11:37:06,203 - INFO - Buy price box cleared for new symbol selection
2025-09-24 11:37:06,204 - INFO - Generated trading symbol: SENSEX25SEP82CE
2025-09-24 11:37:06,204 - INFO - Trading symbol stored: SENSEX25SEP82CE
2025-09-24 11:37:06,205 - INFO - Getting token for trading symbol: SENSEX25SEP82CE
2025-09-24 11:37:06,207 - ERROR - No token found for SENSEX25SEP82CE
2025-09-24 11:37:06,239 - INFO - Available SENSEX symbols (first 10): ['SENSEX25SEP91600PE' 'SENSEX25SEP91500PE' 'SENSEX25SEP91400PE'
 'SENSEX25SEP91300PE' 'SENSEX25SEP91200PE' 'SENSEX25SEP91100PE'
 'SENSEX25SEP91000PE' 'SENSEX25SEP90900PE' 'SENSEX25SEP90800PE'
 'SENSEX25SEP90700PE']
2025-09-24 11:37:06,239 - INFO - Trying converted SENSEX symbol: SENSEX25SEP82CE -> SENSEX82SEPCE
2025-09-24 11:37:06,243 - WARNING - Could not fetch price for SENSEX25SEP82CE
2025-09-24 11:37:06,244 - INFO - Strike selected: 82, trading symbol: SENSEX25SEP82CE
2025-09-24 11:37:06,736 - INFO - Buy price box cleared for new symbol selection
2025-09-24 11:37:06,736 - INFO - Generated trading symbol: SENSEX25SEP825CE
2025-09-24 11:37:06,736 - INFO - Trading symbol stored: SENSEX25SEP825CE
2025-09-24 11:37:06,736 - INFO - Getting token for trading symbol: SENSEX25SEP825CE
2025-09-24 11:37:06,740 - ERROR - No token found for SENSEX25SEP825CE
2025-09-24 11:37:06,761 - INFO - Available SENSEX symbols (first 10): ['SENSEX25SEP91600PE' 'SENSEX25SEP91500PE' 'SENSEX25SEP91400PE'
 'SENSEX25SEP91300PE' 'SENSEX25SEP91200PE' 'SENSEX25SEP91100PE'
 'SENSEX25SEP91000PE' 'SENSEX25SEP90900PE' 'SENSEX25SEP90800PE'
 'SENSEX25SEP90700PE']
2025-09-24 11:37:06,761 - INFO - Trying converted SENSEX symbol: SENSEX25SEP825CE -> SENSEX82SEP5CE
2025-09-24 11:37:06,764 - WARNING - Could not fetch price for SENSEX25SEP825CE
2025-09-24 11:37:06,764 - INFO - Strike selected: 825, trading symbol: SENSEX25SEP825CE
2025-09-24 11:37:07,005 - INFO - Buy price box cleared for new symbol selection
2025-09-24 11:37:07,005 - INFO - Generated trading symbol: SENSEX25SEP8250CE
2025-09-24 11:37:07,007 - INFO - Trading symbol stored: SENSEX25SEP8250CE
2025-09-24 11:37:07,007 - INFO - Getting token for trading symbol: SENSEX25SEP8250CE
2025-09-24 11:37:07,009 - ERROR - No token found for SENSEX25SEP8250CE
2025-09-24 11:37:07,025 - INFO - Available SENSEX symbols (first 10): ['SENSEX25SEP91600PE' 'SENSEX25SEP91500PE' 'SENSEX25SEP91400PE'
 'SENSEX25SEP91300PE' 'SENSEX25SEP91200PE' 'SENSEX25SEP91100PE'
 'SENSEX25SEP91000PE' 'SENSEX25SEP90900PE' 'SENSEX25SEP90800PE'
 'SENSEX25SEP90700PE']
2025-09-24 11:37:07,025 - INFO - Trying converted SENSEX symbol: SENSEX25SEP8250CE -> SENSEX82SEP50CE
2025-09-24 11:37:07,028 - WARNING - Could not fetch price for SENSEX25SEP8250CE
2025-09-24 11:37:07,028 - INFO - Strike selected: 8250, trading symbol: SENSEX25SEP8250CE
2025-09-24 11:37:07,115 - INFO - Quote Received for Account 1: {'t': 'tf', 'e': 'BFO', 'tk': '1146739', 'ft': '1758693981', 'bp1': '10.90', 'bq1': '1000', 'sq1': '440'}
2025-09-24 11:37:07,165 - INFO - Buy price box cleared for new symbol selection
2025-09-24 11:37:07,167 - INFO - Generated trading symbol: SENSEX25SEP82500CE
2025-09-24 11:37:07,167 - INFO - Trading symbol stored: SENSEX25SEP82500CE
2025-09-24 11:37:07,167 - INFO - Getting token for trading symbol: SENSEX25SEP82500CE
2025-09-24 11:37:07,170 - INFO - Found token for SENSEX25SEP82500CE: 841835
2025-09-24 11:37:07,173 - INFO - Quote Received for Account 1: {'t': 'tf', 'e': 'BFO', 'tk': '1146739', 'ft': '1758693981', 'sp1': '11.00', 'bq1': '1520', 'sq1': '2580'}
2025-09-24 11:37:07,746 - INFO - Fetched price for SENSEX25SEP82500CE: 27.8
2025-09-24 11:37:07,746 - INFO - Getting token for trading symbol: SENSEX25SEP82500CE
2025-09-24 11:37:07,749 - INFO - Found token for SENSEX25SEP82500CE: 841835
2025-09-24 11:37:07,749 - INFO - Unsubscribed from previous: BFO|1146739
2025-09-24 11:37:07,749 - INFO - Subscribed to live price feed via master account: BFO|841835
2025-09-24 11:37:07,749 - INFO - Auto-subscribed to SENSEX25SEP82500CE at price 27.8
2025-09-24 11:37:07,750 - INFO - Strike selected: 82500, trading symbol: SENSEX25SEP82500CE
2025-09-24 11:37:07,797 - INFO - Quote Received for Account 1: {'t': 'tk', 'e': 'BFO', 'tk': '841835', 'ts': 'SENSEX25SEP82500CE', 'pp': '2', 'ls': '20', 'ti': '0.05', 'lp': '27.95', 'pc': '-82.50', 'c': '159.70', 'ft': '1758693981', 'o': '138.00', 'h': '138.00', 'l': '24.30', 'ap': '36.81', 'v': '28667180', 'oi': '2780560', 'bp1': '27.90', 'sp1': '28.00', 'bq1': '960', 'sq1': '1960'}
2025-09-24 11:37:07,798 - INFO - Initial buy price set: 27.95
2025-09-24 11:37:07,799 - INFO - Live price updated: 27.95
2025-09-24 11:37:08,837 - INFO - Quote Received for Account 1: {'t': 'tf', 'e': 'BFO', 'tk': '841835', 'ft': '1758693982', 'v': '28669220', 'bp1': '27.80', 'sp1': '27.90', 'bq1': '800', 'sq1': '1640'}
2025-09-24 11:37:09,902 - INFO - Quote Received for Account 1: {'t': 'tf', 'e': 'BFO', 'tk': '841835', 'lp': '28.05', 'pc': '-82.44', 'ft': '1758693984', 'v': '28671960', 'bp1': '28.00', 'sp1': '28.10', 'bq1': '1300', 'sq1': '2400'}
2025-09-24 11:37:09,903 - INFO - Live price updated: 28.05
2025-09-24 11:37:10,975 - INFO - Quote Received for Account 1: {'t': 'tf', 'e': 'BFO', 'tk': '841835', 'lp': '27.90', 'pc': '-82.53', 'ft': '1758693985', 'ap': '36.80', 'v': '28676360', 'bp1': '27.85', 'sp1': '27.95', 'bq1': '280', 'sq1': '2040'}
2025-09-24 11:37:10,978 - INFO - Live price updated: 27.90
2025-09-24 11:37:12,042 - INFO - Quote Received for Account 1: {'t': 'tf', 'e': 'BFO', 'tk': '841835', 'ft': '1758693986', 'v': '28676600', 'bq1': '1420', 'sq1': '1820'}
2025-09-24 11:37:13,115 - INFO - Quote Received for Account 1: {'t': 'tf', 'e': 'BFO', 'tk': '841835', 'ft': '1758693987', 'v': '28681480', 'bp1': '27.90', 'bq1': '500', 'sq1': '260'}
2025-09-24 11:37:14,187 - INFO - Quote Received for Account 1: {'t': 'tf', 'e': 'BFO', 'tk': '841835', 'lp': '27.85', 'pc': '-82.56', 'ft': '1758693988', 'v': '28683520', 'bp1': '27.80', 'sp1': '27.90', 'bq1': '940', 'sq1': '1460'}
2025-09-24 11:37:14,188 - INFO - Live price updated: 27.85
2025-09-24 11:37:15,279 - INFO - Quote Received for Account 1: {'t': 'tf', 'e': 'BFO', 'tk': '841835', 'lp': '27.80', 'pc': '-82.59', 'ft': '1758693989', 'v': '28684260', 'bp1': '27.65', 'sp1': '27.75', 'bq1': '420', 'sq1': '880'}
2025-09-24 11:37:15,280 - INFO - Live price updated: 27.80
2025-09-24 11:37:16,335 - INFO - Quote Received for Account 1: {'t': 'tf', 'e': 'BFO', 'tk': '841835', 'lp': '27.55', 'pc': '-82.75', 'ft': '1758693990', 'v': '28686920', 'bp1': '27.50', 'sp1': '27.60', 'bq1': '4960', 'sq1': '220'}
2025-09-24 11:37:16,335 - INFO - Live price updated: 27.55
2025-09-24 11:37:17,408 - INFO - Quote Received for Account 1: {'t': 'tf', 'e': 'BFO', 'tk': '841835', 'lp': '27.45', 'pc': '-82.81', 'ft': '1758693991', 'v': '28692800', 'bp1': '27.40', 'sp1': '27.50', 'bq1': '3280', 'sq1': '120'}
2025-09-24 11:37:17,409 - INFO - Live price updated: 27.45
2025-09-24 11:37:18,469 - INFO - Quote Received for Account 1: {'t': 'tf', 'e': 'BFO', 'tk': '841835', 'lp': '27.70', 'pc': '-82.65', 'ft': '1758693992', 'v': '28697340', 'bp1': '27.65', 'sp1': '27.75', 'bq1': '2200', 'sq1': '720'}
2025-09-24 11:37:18,470 - INFO - Live price updated: 27.70
2025-09-24 11:37:19,581 - INFO - Quote Received for Account 1: {'t': 'tf', 'e': 'BFO', 'tk': '841835', 'ft': '1758693993', 'v': '28700520', 'bp1': '27.70', 'sp1': '27.80', 'bq1': '2720', 'sq1': '1440'}
2025-09-24 11:37:20,645 - INFO - Quote Received for Account 1: {'t': 'tf', 'e': 'BFO', 'tk': '841835', 'lp': '27.60', 'pc': '-82.72', 'ft': '1758693994', 'v': '28704060', 'bp1': '27.60', 'sp1': '27.70', 'bq1': '5840', 'sq1': '1180'}
2025-09-24 11:37:20,650 - INFO - Live price updated: 27.60
2025-09-24 11:37:21,707 - INFO - Quote Received for Account 1: {'t': 'tf', 'e': 'BFO', 'tk': '841835', 'lp': '27.70', 'pc': '-82.65', 'ft': '1758693995', 'ap': '36.79', 'v': '28710080', 'bp1': '27.65', 'bq1': '2040', 'sq1': '900'}
2025-09-24 11:37:21,709 - INFO - Live price updated: 27.70
2025-09-24 11:37:22,753 - INFO - Quote Received for Account 1: {'t': 'tf', 'e': 'BFO', 'tk': '841835', 'lp': '27.25', 'pc': '-82.94', 'ft': '1758693996', 'v': '28711540', 'bp1': '27.20', 'sp1': '27.30', 'bq1': '940', 'sq1': '940'}
2025-09-24 11:37:22,754 - INFO - Live price updated: 27.25
2025-09-24 11:37:23,893 - INFO - Quote Received for Account 1: {'t': 'tf', 'e': 'BFO', 'tk': '841835', 'lp': '27.60', 'pc': '-82.72', 'ft': '1758693997', 'v': '28715060', 'bp1': '27.50', 'sp1': '27.65', 'bq1': '5500', 'sq1': '860'}
2025-09-24 11:37:23,894 - INFO - Live price updated: 27.60
2025-09-24 11:37:24,897 - INFO - Quote Received for Account 1: {'t': 'tf', 'e': 'BFO', 'tk': '841835', 'lp': '27.50', 'pc': '-82.78', 'ft': '1758693999', 'v': '28715760', 'sp1': '27.60', 'bq1': '760', 'sq1': '1660'}
2025-09-24 11:37:24,897 - INFO - Live price updated: 27.50
2025-09-24 11:37:25,967 - INFO - Quote Received for Account 1: {'t': 'tf', 'e': 'BFO', 'tk': '841835', 'lp': '27.80', 'pc': '-82.59', 'ft': '1758694000', 'v': '28720560', 'bp1': '27.75', 'sp1': '27.80', 'bq1': '1460', 'sq1': '2000'}
2025-09-24 11:37:25,969 - INFO - Live price updated: 27.80
2025-09-24 11:37:27,039 - INFO - Quote Received for Account 1: {'t': 'tf', 'e': 'BFO', 'tk': '841835', 'ft': '1758694001', 'v': '28721240', 'bp1': '27.80', 'sp1': '27.90', 'bq1': '900', 'sq1': '2200'}
2025-09-24 11:37:28,118 - INFO - Quote Received for Account 1: {'t': 'tf', 'e': 'BFO', 'tk': '841835', 'lp': '27.95', 'pc': '-82.50', 'ft': '1758694002', 'v': '28721400', 'bp1': '27.85', 'sp1': '27.95', 'bq1': '500', 'sq1': '2040'}
2025-09-24 11:37:28,121 - INFO - Live price updated: 27.95
2025-09-24 11:37:29,178 - INFO - Quote Received for Account 1: {'t': 'tf', 'e': 'BFO', 'tk': '841835', 'lp': '27.60', 'pc': '-82.72', 'ft': '1758694003', 'v': '28722520', 'bp1': '27.55', 'sp1': '27.65', 'bq1': '2840', 'sq1': '1440'}
2025-09-24 11:37:29,178 - INFO - Live price updated: 27.60
2025-09-24 11:37:30,249 - INFO - Quote Received for Account 1: {'t': 'tf', 'e': 'BFO', 'tk': '841835', 'ft': '1758694004', 'v': '28723440', 'bp1': '27.60', 'sp1': '27.70', 'bq1': '4220', 'sq1': '660'}
2025-09-24 11:37:31,337 - INFO - Quote Received for Account 1: {'t': 'tf', 'e': 'BFO', 'tk': '841835', 'lp': '27.50', 'pc': '-82.78', 'ft': '1758694005', 'v': '28723640', 'bp1': '27.45', 'sp1': '27.50', 'bq1': '960', 'sq1': '2000'}
2025-09-24 11:37:31,339 - INFO - Live price updated: 27.50
2025-09-24 11:37:32,390 - INFO - Quote Received for Account 1: {'t': 'tf', 'e': 'BFO', 'tk': '841835', 'lp': '27.65', 'pc': '-82.69', 'ft': '1758694006', 'v': '28728760', 'bp1': '27.55', 'sp1': '27.60', 'bq1': '40', 'sq1': '1180'}
2025-09-24 11:37:32,391 - INFO - Live price updated: 27.65
2025-09-24 11:37:33,480 - INFO - Quote Received for Account 1: {'t': 'tf', 'e': 'BFO', 'tk': '841835', 'lp': '27.50', 'pc': '-82.78', 'ft': '1758694007', 'v': '28728780', 'bp1': '27.50', 'bq1': '440', 'sq1': '4880'}
2025-09-24 11:37:33,480 - INFO - Live price updated: 27.50
2025-09-24 11:37:34,538 - INFO - Quote Received for Account 1: {'t': 'tf', 'e': 'BFO', 'tk': '841835', 'lp': '27.40', 'pc': '-82.84', 'ft': '1758694008', 'v': '28737780', 'bp1': '27.40', 'sp1': '27.50', 'bq1': '1160', 'sq1': '3140'}
2025-09-24 11:37:34,543 - INFO - Live price updated: 27.40
2025-09-24 11:37:35,600 - INFO - Quote Received for Account 1: {'t': 'tf', 'e': 'BFO', 'tk': '841835', 'lp': '27.45', 'pc': '-82.81', 'ft': '1758694009', 'v': '28738060', 'bp1': '27.35', 'sp1': '27.45', 'bq1': '940', 'sq1': '1420'}
2025-09-24 11:37:35,600 - INFO - Live price updated: 27.45
2025-09-24 11:37:36,662 - INFO - Quote Received for Account 1: {'t': 'tf', 'e': 'BFO', 'tk': '841835', 'lp': '27.50', 'pc': '-82.78', 'ft': '1758694010', 'ap': '36.78', 'v': '28739880', 'bp1': '27.40', 'sp1': '27.50', 'bq1': '2920', 'sq1': '2600'}
2025-09-24 11:37:36,678 - INFO - Live price updated: 27.50
2025-09-24 11:37:37,741 - INFO - Quote Received for Account 1: {'t': 'tf', 'e': 'BFO', 'tk': '841835', 'lp': '27.45', 'pc': '-82.81', 'ft': '1758694011', 'v': '28741520', 'bp1': '27.45', 'sp1': '27.55', 'bq1': '1740', 'sq1': '3240'}
2025-09-24 11:37:37,741 - INFO - Live price updated: 27.45
2025-09-24 11:37:38,215 - INFO - Placing buy orders for SENSEX25SEP82500CE @ 20.0 master_qty 20
2025-09-24 11:37:38,219 - INFO - Account 1 is active for order placement
2025-09-24 11:37:38,221 - INFO - Account 2 is active for order placement
2025-09-24 11:37:38,221 - INFO - Master account quantity: 20
2025-09-24 11:37:38,221 - INFO - Placing order for account 1: {'buy_or_sell': 'B', 'product_type': 'M', 'exchange': 'BFO', 'tradingsymbol': 'SENSEX25SEP82500CE', 'quantity': 20, 'discloseqty': 0, 'price_type': 'LMT', 'price': 20.0, 'trigger_price': None, 'retention': 'DAY', 'amo': 'NO', 'remarks': None}
2025-09-24 11:37:38,221 - INFO - Child lots set to minimum for SENSEX: 20
2025-09-24 11:37:38,224 - INFO - Child account quantity: 20 (master: 20, index: SENSEX)
2025-09-24 11:37:38,225 - INFO - Placing order for account 2: {'buy_or_sell': 'B', 'product_type': 'M', 'exchange': 'BFO', 'tradingsymbol': 'SENSEX25SEP82500CE', 'quantity': 20, 'discloseqty': 0, 'price_type': 'LMT', 'price': 20.0, 'trigger_price': None, 'retention': 'DAY', 'amo': 'NO', 'remarks': None}
2025-09-24 11:37:38,826 - INFO - Quote Received for Account 1: {'t': 'tf', 'e': 'BFO', 'tk': '841835', 'lp': '27.80', 'pc': '-82.59', 'ft': '1758694012', 'v': '28747080', 'bp1': '27.75', 'sp1': '27.80', 'bq1': '1380', 'sq1': '1980'}
2025-09-24 11:37:38,995 - INFO - Updated Master (ID: 1) order info: 25092400302206 SENSEX25SEP82500CE 20@20.0
2025-09-24 11:37:38,995 - INFO - Order placed successfully for account 1: 25092400302206
2025-09-24 11:37:39,010 - INFO - Order update for account 2: {'t': 'om', 'norenordno': '25092400302207', 'uid': 'FA42242', 'actid': 'FA42242', 'exch': 'BFO', 'tsym': 'SENSEX25SEP82500CE', 'trantype': 'B', 'qty': '20', 'prc': '20.00', 'pcode': 'M', 'remarks': '', 'rejreason': ' ', 'status': 'PENDING', 'reporttype': 'NewAck', 'prctyp': 'LMT', 'ret': 'DAY', 'exchordid': '', 'dscqty': '0'}
2025-09-24 11:37:39,014 - INFO - Account 2 - B PENDING NewAck
2025-09-24 11:37:39,015 - INFO - Order status debug - status: 'PENDING', reporttype: 'NewAck', trantype: 'B', price: '20.00'
2025-09-24 11:37:39,016 - INFO - Updated Child (ID: 2) order info: 25092400302207 SENSEX25SEP82500CE 20@20.0
2025-09-24 11:37:39,017 - INFO - Order placed successfully for account 2: 25092400302207
2025-09-24 11:37:39,017 - INFO - Starting auto SL/Target calculation for buy price: 20.0
2025-09-24 11:37:39,020 - INFO - Using differences - SL: -20, Target: 30
2025-09-24 11:37:39,021 - INFO - Calculated prices - SL: 0.0, Target: 50.0
2025-09-24 11:37:39,025 - INFO - UI values set - SL: 0.0, Target: 50.0
2025-09-24 11:37:39,028 - INFO - SL/Target points calculated - SL points: 20.0, Target points: 30.0
2025-09-24 11:37:39,031 - INFO - Buy orders filled check - Master: filled_qty=0, can_exit=0
2025-09-24 11:37:39,031 - INFO - Buy orders filled check - Child: filled_qty=0, can_exit=0
2025-09-24 11:37:39,032 - INFO - Buy orders filled result: False
2025-09-24 11:37:39,033 - INFO - Auto SL/Target set - SL: 0.0, Target: 50.0 (Buy Open: 20.0)
2025-09-24 11:37:39,035 - INFO - Buy orders placed successfully
2025-09-24 11:37:39,036 - INFO - Account 2 order status updated to: PENDING
2025-09-24 11:37:39,036 - INFO - DEBUG - Account 2 status: 'PENDING' (type: <class 'str'>)
2025-09-24 11:37:39,038 - INFO - DEBUG - Current account can_order: 1
2025-09-24 11:37:39,038 - INFO - Live price updated: 27.80
2025-09-24 11:37:39,039 - INFO - Order status updated for account 2: Buy Order PENDING @ 20.00
2025-09-24 11:37:39,039 - INFO - Order update for account 1: {'t': 'om', 'norenordno': '25092400302206', 'uid': 'FA32246', 'actid': 'FA32246', 'exch': 'BFO', 'tsym': 'SENSEX25SEP82500CE', 'trantype': 'B', 'qty': '20', 'prc': '20.00', 'pcode': 'M', 'remarks': '', 'rejreason': ' ', 'status': 'PENDING', 'reporttype': 'NewAck', 'prctyp': 'LMT', 'ret': 'DAY', 'exchordid': '', 'dscqty': '0'}
2025-09-24 11:37:39,040 - INFO - Order update for account 2: {'t': 'om', 'norenordno': '25092400302207', 'uid': 'FA42242', 'actid': 'FA42242', 'exch': 'BFO', 'tsym': 'SENSEX25SEP82500CE', 'trantype': 'B', 'qty': '20', 'prc': '20.00', 'pcode': 'M', 'remarks': '', 'rejreason': ' ', 'status': 'PENDING', 'reporttype': 'PendingNew', 'prctyp': 'LMT', 'ret': 'DAY', 'exchordid': '', 'dscqty': '0'}
2025-09-24 11:37:39,042 - INFO - Account 1 - B PENDING NewAck
2025-09-24 11:37:39,042 - INFO - Order status debug - status: 'PENDING', reporttype: 'NewAck', trantype: 'B', price: '20.00'
2025-09-24 11:37:39,042 - INFO - Account 2 - B PENDING PendingNew
2025-09-24 11:37:39,042 - INFO - Order status debug - status: 'PENDING', reporttype: 'PendingNew', trantype: 'B', price: '20.00'
2025-09-24 11:37:39,047 - INFO - Account 1 order status updated to: PENDING
2025-09-24 11:37:39,047 - INFO - Account 2 order status updated to: PENDING
2025-09-24 11:37:39,047 - INFO - DEBUG - Account 1 status: 'PENDING' (type: <class 'str'>)
2025-09-24 11:37:39,048 - INFO - DEBUG - Account 2 status: 'PENDING' (type: <class 'str'>)
2025-09-24 11:37:39,051 - INFO - DEBUG - Current account can_order: 1
2025-09-24 11:37:39,052 - INFO - DEBUG - Current account can_order: 1
2025-09-24 11:37:39,052 - INFO - Order status updated for account 1: Buy Order PENDING @ 20.00
2025-09-24 11:37:39,053 - INFO - Order status updated for account 2: Buy Order PENDING @ 20.00
2025-09-24 11:37:39,053 - INFO - Order update for account 1: {'t': 'om', 'norenordno': '25092400302206', 'uid': 'FA32246', 'actid': 'FA32246', 'exch': 'BFO', 'tsym': 'SENSEX25SEP82500CE', 'trantype': 'B', 'qty': '20', 'prc': '20.00', 'pcode': 'M', 'remarks': '', 'rejreason': ' ', 'status': 'PENDING', 'reporttype': 'PendingNew', 'prctyp': 'LMT', 'ret': 'DAY', 'exchordid': '', 'dscqty': '0'}
2025-09-24 11:37:39,054 - INFO - Order update for account 2: {'t': 'om', 'norenordno': '25092400302207', 'uid': 'FA42242', 'actid': 'FA42242', 'exch': 'BFO', 'tsym': 'SENSEX25SEP82500CE', 'trantype': 'B', 'qty': '20', 'prc': '20.00', 'pcode': 'M', 'remarks': '', 'rejreason': ' ', 'status': 'OPEN', 'reporttype': 'New', 'prctyp': 'LMT', 'ret': 'DAY', 'exchordid': '1758693914542083062', 'dscqty': '0', 'exch_tm': '24-09-2025 11:37:40'}
2025-09-24 11:37:39,054 - INFO - Account 1 - B PENDING PendingNew
2025-09-24 11:37:39,055 - INFO - Order status debug - status: 'PENDING', reporttype: 'PendingNew', trantype: 'B', price: '20.00'
2025-09-24 11:37:39,055 - INFO - Account 2 - B OPEN New
2025-09-24 11:37:39,055 - INFO - Order status debug - status: 'OPEN', reporttype: 'New', trantype: 'B', price: '20.00'
2025-09-24 11:37:39,056 - INFO - Account 1 order status updated to: PENDING
2025-09-24 11:37:39,056 - INFO - DEBUG - Account 1 status: 'PENDING' (type: <class 'str'>)
2025-09-24 11:37:39,058 - INFO - DEBUG - Current account can_order: 1
2025-09-24 11:37:39,058 - INFO - Account 2 order status updated to: OPEN
2025-09-24 11:37:39,058 - INFO - Order status updated for account 1: Buy Order PENDING @ 20.00
2025-09-24 11:37:39,058 - INFO - DEBUG - Account 2 status: 'OPEN' (type: <class 'str'>)
2025-09-24 11:37:39,060 - INFO - DEBUG - Current account can_order: 1
2025-09-24 11:37:39,061 - INFO - Order update for account 1: {'t': 'om', 'norenordno': '25092400302206', 'uid': 'FA32246', 'actid': 'FA32246', 'exch': 'BFO', 'tsym': 'SENSEX25SEP82500CE', 'trantype': 'B', 'qty': '20', 'prc': '20.00', 'pcode': 'M', 'remarks': '', 'rejreason': ' ', 'status': 'OPEN', 'reporttype': 'New', 'prctyp': 'LMT', 'ret': 'DAY', 'exchordid': '1758693914542083061', 'dscqty': '0', 'exch_tm': '24-09-2025 11:37:40'}
2025-09-24 11:37:39,061 - INFO - Order status updated for account 2: Buy Order Open @ 20.00
2025-09-24 11:37:39,064 - INFO - Account 1 - B OPEN New
2025-09-24 11:37:39,065 - INFO - Order status debug - status: 'OPEN', reporttype: 'New', trantype: 'B', price: '20.00'
2025-09-24 11:37:39,066 - INFO - Account 1 order status updated to: OPEN
2025-09-24 11:37:39,066 - INFO - DEBUG - Account 1 status: 'OPEN' (type: <class 'str'>)
2025-09-24 11:37:39,068 - INFO - DEBUG - Current account can_order: 1
2025-09-24 11:37:39,070 - INFO - Order status updated for account 1: Buy Order Open @ 20.00
2025-09-24 11:37:39,885 - INFO - Quote Received for Account 1: {'t': 'tf', 'e': 'BFO', 'tk': '841835', 'lp': '27.85', 'pc': '-82.56', 'ft': '1758694014', 'v': '28751020', 'bp1': '27.85', 'sp1': '27.95', 'bq1': '2200', 'sq1': '1720'}
2025-09-24 11:37:39,885 - INFO - Live price updated: 27.85
2025-09-24 11:37:40,957 - INFO - Quote Received for Account 1: {'t': 'tf', 'e': 'BFO', 'tk': '841835', 'lp': '27.80', 'pc': '-82.59', 'ft': '1758694015', 'v': '28756500', 'bp1': '27.60', 'sp1': '27.70', 'bq1': '4480', 'sq1': '920'}
2025-09-24 11:37:40,959 - INFO - Live price updated: 27.80
2025-09-24 11:37:42,039 - INFO - Quote Received for Account 1: {'t': 'tf', 'e': 'BFO', 'tk': '841835', 'ft': '1758694016', 'bq1': '1700', 'sq1': '1000'}
2025-09-24 11:37:43,099 - INFO - Quote Received for Account 1: {'t': 'tf', 'e': 'BFO', 'tk': '841835', 'lp': '27.70', 'pc': '-82.65', 'ft': '1758694017', 'v': '28756540', 'bp1': '27.70', 'sp1': '27.80', 'bq1': '1200', 'sq1': '1640'}
2025-09-24 11:37:43,101 - INFO - Live price updated: 27.70
2025-09-24 11:37:44,169 - INFO - Quote Received for Account 1: {'t': 'tf', 'e': 'BFO', 'tk': '841835', 'lp': '27.65', 'pc': '-82.69', 'ft': '1758694018', 'v': '28756880', 'bp1': '27.65', 'sp1': '27.75', 'bq1': '2780', 'sq1': '1260'}
2025-09-24 11:37:44,169 - INFO - Live price updated: 27.65
2025-09-24 11:37:45,241 - INFO - Quote Received for Account 1: {'t': 'tf', 'e': 'BFO', 'tk': '841835', 'lp': '27.80', 'pc': '-82.59', 'ft': '1758694019', 'v': '28757440', 'bp1': '27.80', 'sp1': '27.90', 'bq1': '2540', 'sq1': '400'}
2025-09-24 11:37:45,242 - INFO - Live price updated: 27.80
2025-09-24 11:37:46,312 - INFO - Quote Received for Account 1: {'t': 'tf', 'e': 'BFO', 'tk': '841835', 'lp': '27.95', 'pc': '-82.50', 'ft': '1758694020', 'v': '28758540', 'bp1': '27.90', 'sp1': '28.05', 'bq1': '3080', 'sq1': '2240'}
2025-09-24 11:37:46,316 - INFO - Live price updated: 27.95
2025-09-24 11:37:47,383 - INFO - Quote Received for Account 1: {'t': 'tf', 'e': 'BFO', 'tk': '841835', 'lp': '28.00', 'pc': '-82.47', 'ft': '1758694021', 'v': '28760460', 'bp1': '28.05', 'sp1': '28.15', 'bq1': '1160', 'sq1': '40'}
2025-09-24 11:37:47,383 - INFO - Live price updated: 28.00
2025-09-24 11:37:47,563 - INFO - Manual SL set - Price: 15.0, Points from buy: 5.0, Buy price: 20.0
2025-09-24 11:37:47,565 - INFO - Buy orders filled check - Master: filled_qty=0, can_exit=0
2025-09-24 11:37:47,566 - INFO - Buy orders filled check - Child: filled_qty=0, can_exit=0
2025-09-24 11:37:47,566 - INFO - Buy orders filled result: False
2025-09-24 11:37:47,566 - INFO - SL price confirmed: 15.0 (monitoring will start after buy order is filled)
2025-09-24 11:37:48,455 - INFO - Quote Received for Account 1: {'t': 'tf', 'e': 'BFO', 'tk': '841835', 'lp': '28.15', 'pc': '-82.37', 'ft': '1758694022', 'v': '28760860', 'bp1': '28.15', 'sp1': '28.25', 'bq1': '1720', 'sq1': '840'}
2025-09-24 11:37:48,457 - INFO - Live price updated: 28.15
2025-09-24 11:37:49,524 - INFO - Quote Received for Account 1: {'t': 'tf', 'e': 'BFO', 'tk': '841835', 'lp': '28.10', 'pc': '-82.40', 'ft': '1758694023', 'v': '28760980', 'bp1': '28.05', 'sp1': '28.15', 'bq1': '980', 'sq1': '2320'}
2025-09-24 11:37:49,524 - INFO - Live price updated: 28.10
2025-09-24 11:37:50,592 - INFO - Quote Received for Account 1: {'t': 'tf', 'e': 'BFO', 'tk': '841835', 'lp': '28.15', 'pc': '-82.37', 'ft': '1758694024', 'v': '28762880', 'bq1': '1760', 'sq1': '3100'}
2025-09-24 11:37:50,592 - INFO - Live price updated: 28.15
2025-09-24 11:37:51,664 - INFO - Quote Received for Account 1: {'t': 'tf', 'e': 'BFO', 'tk': '841835', 'lp': '28.05', 'pc': '-82.44', 'ft': '1758694025', 'v': '28763100', 'bp1': '28.15', 'sp1': '28.25', 'bq1': '1740', 'sq1': '3740'}
2025-09-24 11:37:51,664 - INFO - Live price updated: 28.05
2025-09-24 11:37:52,736 - INFO - Quote Received for Account 1: {'t': 'tf', 'e': 'BFO', 'tk': '841835', 'lp': '28.30', 'pc': '-82.28', 'ft': '1758694026', 'v': '28763560', 'bq1': '1480', 'sq1': '1300'}
2025-09-24 11:37:52,738 - INFO - Live price updated: 28.30
2025-09-24 11:37:53,550 - INFO - Buy orders filled check - Master: filled_qty=0, can_exit=0
2025-09-24 11:37:53,550 - INFO - Buy orders filled check - Child: filled_qty=0, can_exit=0
2025-09-24 11:37:53,551 - INFO - Buy orders filled result: False
2025-09-24 11:37:53,551 - INFO - Target price confirmed: 25.0 (monitoring will start after buy order is filled)
2025-09-24 11:37:53,806 - INFO - Quote Received for Account 1: {'t': 'tf', 'e': 'BFO', 'tk': '841835', 'lp': '28.10', 'pc': '-82.40', 'ft': '1758694027', 'v': '28763680', 'bp1': '28.20', 'sp1': '28.30', 'bq1': '1420', 'sq1': '2220'}
2025-09-24 11:37:53,806 - INFO - Live price updated: 28.10
2025-09-24 11:37:54,877 - INFO - Quote Received for Account 1: {'t': 'tf', 'e': 'BFO', 'tk': '841835', 'lp': '28.30', 'pc': '-82.28', 'ft': '1758694028', 'v': '28766160', 'bp1': '28.25', 'sp1': '28.35', 'bq1': '40', 'sq1': '3000'}
2025-09-24 11:37:54,879 - INFO - Live price updated: 28.30
2025-09-24 11:37:55,946 - INFO - Quote Received for Account 1: {'t': 'tf', 'e': 'BFO', 'tk': '841835', 'lp': '28.10', 'pc': '-82.40', 'ft': '1758694030', 'v': '28766340', 'bp1': '28.10', 'sp1': '28.20', 'bq1': '1660', 'sq1': '960'}
2025-09-24 11:37:55,946 - INFO - Live price updated: 28.10
2025-09-24 11:37:57,023 - INFO - Quote Received for Account 1: {'t': 'tf', 'e': 'BFO', 'tk': '841835', 'lp': '28.25', 'pc': '-82.31', 'ft': '1758694031', 'v': '28769340', 'bp1': '28.15', 'sp1': '28.25', 'bq1': '80', 'sq1': '2600'}
2025-09-24 11:37:57,024 - INFO - Live price updated: 28.25
2025-09-24 11:37:58,086 - INFO - Quote Received for Account 1: {'t': 'tf', 'e': 'BFO', 'tk': '841835', 'ft': '1758694032', 'v': '28770280', 'sp1': '28.30', 'bq1': '1900', 'sq1': '4460'}
2025-09-24 11:37:59,165 - INFO - Quote Received for Account 1: {'t': 'tf', 'e': 'BFO', 'tk': '841835', 'lp': '28.10', 'pc': '-82.40', 'ft': '1758694033', 'ap': '36.77', 'v': '28771660', 'bp1': '28.10', 'sp1': '28.20', 'bq1': '2760', 'sq1': '140'}
2025-09-24 11:37:59,166 - INFO - Live price updated: 28.10
2025-09-24 11:38:00,249 - INFO - Quote Received for Account 1: {'t': 'tf', 'e': 'BFO', 'tk': '841835', 'lp': '28.05', 'pc': '-82.44', 'ft': '1758694034', 'v': '28773820', 'bp1': '28.00', 'sp1': '28.10', 'bq1': '8080', 'sq1': '680'}
2025-09-24 11:38:00,249 - INFO - Live price updated: 28.05
2025-09-24 11:38:01,328 - INFO - Quote Received for Account 1: {'t': 'tf', 'e': 'BFO', 'tk': '841835', 'lp': '27.80', 'pc': '-82.59', 'ft': '1758694035', 'v': '28782080', 'bp1': '27.75', 'sp1': '27.85', 'bq1': '2820', 'sq1': '1220'}
2025-09-24 11:38:01,332 - INFO - Live price updated: 27.80
2025-09-24 11:38:02,387 - INFO - Quote Received for Account 1: {'t': 'tf', 'e': 'BFO', 'tk': '841835', 'ft': '1758694036', 'v': '28782100', 'bq1': '1540', 'sq1': '1040'}
2025-09-24 11:38:03,447 - INFO - Quote Received for Account 1: {'t': 'tf', 'e': 'BFO', 'tk': '841835', 'lp': '28.00', 'pc': '-82.47', 'ft': '1758694037', 'v': '28782900', 'bp1': '28.00', 'sp1': '28.10', 'bq1': '360', 'sq1': '3120'}
2025-09-24 11:38:03,447 - INFO - Live price updated: 28.00
2025-09-24 11:38:04,525 - INFO - Quote Received for Account 1: {'t': 'tf', 'e': 'BFO', 'tk': '841835', 'ft': '1758694038', 'v': '28783200', 'bp1': '28.05', 'sp1': '28.15', 'bq1': '460', 'sq1': '1940'}
2025-09-24 11:38:05,591 - INFO - Quote Received for Account 1: {'t': 'tf', 'e': 'BFO', 'tk': '841835', 'lp': '28.05', 'pc': '-82.44', 'ft': '1758694039', 'v': '28783460', 'bp1': '28.00', 'sp1': '28.10', 'bq1': '1580', 'sq1': '1020'}
2025-09-24 11:38:05,592 - INFO - Live price updated: 28.05
2025-09-24 11:38:06,667 - INFO - Quote Received for Account 1: {'t': 'tf', 'e': 'BFO', 'tk': '841835', 'ft': '1758694040', 'bq1': '2560', 'sq1': '960'}
2025-09-24 11:38:07,769 - INFO - Quote Received for Account 1: {'t': 'tf', 'e': 'BFO', 'tk': '841835', 'lp': '28.25', 'pc': '-82.31', 'ft': '1758694041', 'v': '28786720', 'bp1': '28.25', 'sp1': '28.35', 'bq1': '300', 'sq1': '2680'}
2025-09-24 11:38:07,769 - INFO - Live price updated: 28.25
2025-09-24 11:38:08,824 - INFO - Quote Received for Account 1: {'t': 'tf', 'e': 'BFO', 'tk': '841835', 'lp': '28.20', 'pc': '-82.34', 'ft': '1758694042', 'v': '28787080', 'bp1': '28.10', 'sp1': '28.15', 'bq1': '120', 'sq1': '20'}
2025-09-24 11:38:08,826 - INFO - Live price updated: 28.20
2025-09-24 11:38:09,875 - INFO - Quote Received for Account 1: {'t': 'tf', 'e': 'BFO', 'tk': '841835', 'lp': '28.15', 'pc': '-82.37', 'ft': '1758694043', 'v': '28787120', 'bp1': '28.15', 'sp1': '28.25', 'bq1': '1400', 'sq1': '1260'}
2025-09-24 11:38:09,877 - INFO - Live price updated: 28.15
2025-09-24 11:38:10,952 - INFO - Quote Received for Account 1: {'t': 'tf', 'e': 'BFO', 'tk': '841835', 'lp': '28.00', 'pc': '-82.47', 'ft': '1758694045', 'v': '28790140', 'bp1': '27.85', 'sp1': '27.95', 'bq1': '2540', 'sq1': '320'}
2025-09-24 11:38:10,955 - INFO - Live price updated: 28.00
2025-09-24 11:38:12,013 - INFO - Quote Received for Account 1: {'t': 'tf', 'e': 'BFO', 'tk': '841835', 'lp': '27.85', 'pc': '-82.56', 'ft': '1758694046', 'v': '28791080', 'bp1': '27.80', 'sp1': '27.90', 'bq1': '2720', 'sq1': '820'}
2025-09-24 11:38:12,014 - INFO - Live price updated: 27.85
2025-09-24 11:38:12,784 - INFO - Modify buy orders clicked
2025-09-24 11:38:12,786 - INFO - Order states reset for modify operations
2025-09-24 11:38:12,787 - INFO - Modifying Master order: 25092400302206 to price: 21.5
2025-09-24 11:38:12,788 - INFO - Modifying Child order: 25092400302207 to price: 21.5
2025-09-24 11:38:13,085 - INFO - Quote Received for Account 1: {'t': 'tf', 'e': 'BFO', 'tk': '841835', 'lp': '27.90', 'pc': '-82.53', 'ft': '1758694047', 'v': '28791100', 'bp1': '27.75', 'sp1': '27.85', 'bq1': '2280', 'sq1': '960'}
2025-09-24 11:38:13,455 - INFO - Order update for account 2: {'t': 'om', 'norenordno': '25092400302207', 'uid': 'FA42242', 'actid': 'FA42242', 'exch': 'BFO', 'tsym': 'SENSEX25SEP82500CE', 'trantype': 'B', 'qty': '20', 'prc': '21.50', 'pcode': 'M', 'remarks': '', 'rejreason': ' ', 'status': 'PENDING', 'reporttype': 'ModAck', 'prctyp': 'LMT', 'ret': 'DAY', 'exchordid': '1758693914542083062', 'dscqty': '0', 'exch_tm': '24-09-2025 11:37:40'}
2025-09-24 11:38:13,459 - INFO - Successfully modified Child order: 25092400302207
2025-09-24 11:38:13,459 - INFO - Account 2 - B PENDING ModAck
2025-09-24 11:38:13,459 - INFO - Order status debug - status: 'PENDING', reporttype: 'ModAck', trantype: 'B', price: '21.50'
2025-09-24 11:38:13,468 - INFO - Updated Child (ID: 2) order info: 25092400302207 SENSEX25SEP82500CE 20@21.5
2025-09-24 11:38:13,470 - INFO - Child buy order modified successfully
2025-09-24 11:38:13,486 - INFO - Successfully modified Master order: 25092400302206
2025-09-24 11:38:13,505 - INFO - Updated Master (ID: 1) order info: 25092400302206 SENSEX25SEP82500CE 20@21.5
2025-09-24 11:38:13,506 - INFO - Master buy order modified successfully
2025-09-24 11:38:13,512 - INFO - SL/Target adjusted for new buy price - SL: 16.5, Target: 51.5 (Buy: 21.5)
2025-09-24 11:38:13,513 - INFO - Account 2 order status updated to: PENDING
2025-09-24 11:38:13,515 - INFO - Live price updated: 27.90
2025-09-24 11:38:13,516 - INFO - DEBUG - Account 2 status: 'PENDING' (type: <class 'str'>)
2025-09-24 11:38:13,518 - INFO - Order update for account 1: {'t': 'om', 'norenordno': '25092400302206', 'uid': 'FA32246', 'actid': 'FA32246', 'exch': 'BFO', 'tsym': 'SENSEX25SEP82500CE', 'trantype': 'B', 'qty': '20', 'prc': '21.50', 'pcode': 'M', 'remarks': '', 'rejreason': ' ', 'status': 'PENDING', 'reporttype': 'ModAck', 'prctyp': 'LMT', 'ret': 'DAY', 'exchordid': '1758693914542083061', 'dscqty': '0', 'exch_tm': '24-09-2025 11:37:40'}
2025-09-24 11:38:13,523 - INFO - DEBUG - Current account can_order: 1
2025-09-24 11:38:13,524 - INFO - Order status updated for account 2: Buy Order PENDING @ 21.50
2025-09-24 11:38:13,525 - INFO - Account 1 - B PENDING ModAck
2025-09-24 11:38:13,525 - INFO - Order status debug - status: 'PENDING', reporttype: 'ModAck', trantype: 'B', price: '21.50'
2025-09-24 11:38:13,528 - INFO - Order update for account 2: {'t': 'om', 'norenordno': '25092400302207', 'uid': 'FA42242', 'actid': 'FA42242', 'exch': 'BFO', 'tsym': 'SENSEX25SEP82500CE', 'trantype': 'B', 'qty': '20', 'prc': '21.50', 'pcode': 'M', 'remarks': '', 'rejreason': ' ', 'status': 'PENDING', 'reporttype': 'PendingReplace', 'prctyp': 'LMT', 'ret': 'DAY', 'exchordid': '1758693914542083062', 'dscqty': '0', 'exch_tm': '24-09-2025 11:37:40'}
2025-09-24 11:38:13,531 - INFO - Account 1 order status updated to: PENDING
2025-09-24 11:38:13,532 - INFO - Account 2 - B PENDING PendingReplace
2025-09-24 11:38:13,533 - INFO - Order status debug - status: 'PENDING', reporttype: 'PendingReplace', trantype: 'B', price: '21.50'
2025-09-24 11:38:13,534 - INFO - DEBUG - Account 1 status: 'PENDING' (type: <class 'str'>)
2025-09-24 11:38:13,538 - INFO - DEBUG - Current account can_order: 1
2025-09-24 11:38:13,539 - INFO - Account 2 order status updated to: PENDING
2025-09-24 11:38:13,540 - INFO - Order status updated for account 1: Buy Order PENDING @ 21.50
2025-09-24 11:38:13,541 - INFO - DEBUG - Account 2 status: 'PENDING' (type: <class 'str'>)
2025-09-24 11:38:13,545 - INFO - DEBUG - Current account can_order: 1
2025-09-24 11:38:13,546 - INFO - Order update for account 1: {'t': 'om', 'norenordno': '25092400302206', 'uid': 'FA32246', 'actid': 'FA32246', 'exch': 'BFO', 'tsym': 'SENSEX25SEP82500CE', 'trantype': 'B', 'qty': '20', 'prc': '21.50', 'pcode': 'M', 'remarks': '', 'rejreason': ' ', 'status': 'PENDING', 'reporttype': 'PendingReplace', 'prctyp': 'LMT', 'ret': 'DAY', 'exchordid': '1758693914542083061', 'dscqty': '0', 'exch_tm': '24-09-2025 11:37:40'}
2025-09-24 11:38:13,546 - INFO - Order status updated for account 2: Buy Order PENDING @ 21.50
2025-09-24 11:38:13,547 - INFO - Account 1 - B PENDING PendingReplace
2025-09-24 11:38:13,548 - INFO - Order status debug - status: 'PENDING', reporttype: 'PendingReplace', trantype: 'B', price: '21.50'
2025-09-24 11:38:13,549 - INFO - Order update for account 2: {'t': 'om', 'norenordno': '25092400302207', 'uid': 'FA42242', 'actid': 'FA42242', 'exch': 'BFO', 'tsym': 'SENSEX25SEP82500CE', 'trantype': 'B', 'qty': '20', 'prc': '21.50', 'pcode': 'M', 'remarks': '', 'rejreason': ' ', 'status': 'OPEN', 'reporttype': 'Replaced', 'prctyp': 'LMT', 'ret': 'DAY', 'exchordid': '1758693914542083062', 'dscqty': '0', 'exch_tm': '24-09-2025 11:38:15'}
2025-09-24 11:38:13,549 - INFO - Account 1 order status updated to: PENDING
2025-09-24 11:38:13,551 - INFO - DEBUG - Account 1 status: 'PENDING' (type: <class 'str'>)
2025-09-24 11:38:13,551 - INFO - Account 2 - B OPEN Replaced
2025-09-24 11:38:13,551 - INFO - Order status debug - status: 'OPEN', reporttype: 'Replaced', trantype: 'B', price: '21.50'
2025-09-24 11:38:13,553 - INFO - DEBUG - Current account can_order: 1
2025-09-24 11:38:13,555 - INFO - Order status updated for account 1: Buy Order PENDING @ 21.50
2025-09-24 11:38:13,555 - INFO - Account 2 order status updated to: OPEN
2025-09-24 11:38:13,556 - INFO - Order update for account 1: {'t': 'om', 'norenordno': '25092400302206', 'uid': 'FA32246', 'actid': 'FA32246', 'exch': 'BFO', 'tsym': 'SENSEX25SEP82500CE', 'trantype': 'B', 'qty': '20', 'prc': '21.50', 'pcode': 'M', 'remarks': '', 'rejreason': ' ', 'status': 'OPEN', 'reporttype': 'Replaced', 'prctyp': 'LMT', 'ret': 'DAY', 'exchordid': '1758693914542083061', 'dscqty': '0', 'exch_tm': '24-09-2025 11:38:15'}
2025-09-24 11:38:13,556 - INFO - DEBUG - Account 2 status: 'OPEN' (type: <class 'str'>)
2025-09-24 11:38:13,560 - INFO - DEBUG - Current account can_order: 1
2025-09-24 11:38:13,561 - INFO - Account 1 - B OPEN Replaced
2025-09-24 11:38:13,561 - INFO - Order status debug - status: 'OPEN', reporttype: 'Replaced', trantype: 'B', price: '21.50'
2025-09-24 11:38:13,561 - INFO - Order status updated for account 2: Buy Order OPEN @ 21.50
2025-09-24 11:38:13,562 - INFO - Account 1 order status updated to: OPEN
2025-09-24 11:38:13,563 - INFO - DEBUG - Account 1 status: 'OPEN' (type: <class 'str'>)
2025-09-24 11:38:13,564 - INFO - DEBUG - Current account can_order: 1
2025-09-24 11:38:13,564 - INFO - Order status updated for account 1: Buy Order OPEN @ 21.50
2025-09-24 11:38:14,151 - INFO - Quote Received for Account 1: {'t': 'tf', 'e': 'BFO', 'tk': '841835', 'lp': '27.85', 'pc': '-82.56', 'ft': '1758694048', 'v': '28791400', 'bq1': '1660', 'sq1': '720'}
2025-09-24 11:38:14,151 - INFO - Live price updated: 27.85
2025-09-24 11:38:15,226 - INFO - Quote Received for Account 1: {'t': 'tf', 'e': 'BFO', 'tk': '841835', 'lp': '27.70', 'pc': '-82.65', 'ft': '1758694049', 'v': '28793040', 'bp1': '27.60', 'sp1': '27.70', 'bq1': '400', 'sq1': '1280'}
2025-09-24 11:38:15,228 - INFO - Live price updated: 27.70
2025-09-24 11:38:16,296 - INFO - Quote Received for Account 1: {'t': 'tf', 'e': 'BFO', 'tk': '841835', 'lp': '27.55', 'pc': '-82.75', 'ft': '1758694050', 'v': '28793160', 'bp1': '27.50', 'sp1': '27.60', 'bq1': '2340', 'sq1': '1360'}
2025-09-24 11:38:16,297 - INFO - Live price updated: 27.55
2025-09-24 11:38:17,367 - INFO - Quote Received for Account 1: {'t': 'tf', 'e': 'BFO', 'tk': '841835', 'ft': '1758694051', 'v': '28793600', 'bp1': '27.55', 'sp1': '27.65', 'bq1': '1260', 'sq1': '640'}
2025-09-24 11:38:18,439 - INFO - Quote Received for Account 1: {'t': 'tf', 'e': 'BFO', 'tk': '841835', 'lp': '27.60', 'pc': '-82.72', 'ft': '1758694052', 'v': '28795580', 'bp1': '27.50', 'sp1': '27.60', 'bq1': '2160', 'sq1': '1040'}
2025-09-24 11:38:18,442 - INFO - Live price updated: 27.60
2025-09-24 11:38:19,508 - INFO - Quote Received for Account 1: {'t': 'tf', 'e': 'BFO', 'tk': '841835', 'lp': '27.40', 'pc': '-82.84', 'ft': '1758694053', 'v': '28796140', 'bp1': '27.45', 'sp1': '27.50', 'bq1': '2540', 'sq1': '560'}
2025-09-24 11:38:19,509 - INFO - Live price updated: 27.40
2025-09-24 11:38:20,377 - INFO - Trail type changed to: Point
2025-09-24 11:38:20,579 - INFO - Quote Received for Account 1: {'t': 'tf', 'e': 'BFO', 'tk': '841835', 'lp': '27.15', 'pc': '-83.00', 'ft': '1758694054', 'ap': '36.76', 'v': '28807500', 'bp1': '27.15', 'sp1': '27.20', 'bq1': '180', 'sq1': '1800'}
2025-09-24 11:38:20,580 - INFO - Live price updated: 27.15
2025-09-24 11:38:21,661 - INFO - Quote Received for Account 1: {'t': 'tf', 'e': 'BFO', 'tk': '841835', 'lp': '26.80', 'pc': '-83.22', 'ft': '1758694055', 'ap': '36.75', 'v': '28841060', 'bp1': '26.70', 'sp1': '26.75', 'bq1': '1000', 'sq1': '780'}
2025-09-24 11:38:21,662 - INFO - Live price updated: 26.80
2025-09-24 11:38:22,720 - INFO - Quote Received for Account 1: {'t': 'tf', 'e': 'BFO', 'tk': '841835', 'ft': '1758694056', 'v': '28851480', 'bp1': '26.80', 'sp1': '26.85', 'bq1': '100', 'sq1': '340'}
2025-09-24 11:38:23,793 - INFO - Quote Received for Account 1: {'t': 'tf', 'e': 'BFO', 'tk': '841835', 'lp': '26.70', 'pc': '-83.28', 'ft': '1758694057', 'ap': '36.74', 'v': '28868500', 'bp1': '26.65', 'sp1': '26.75', 'bq1': '2720', 'sq1': '560'}
2025-09-24 11:38:23,793 - INFO - Live price updated: 26.70
2025-09-24 11:38:23,906 - INFO - Trailing configured - Point trail: 5.0 (Ready for target activation)
2025-09-24 11:38:24,863 - INFO - Quote Received for Account 1: {'t': 'tf', 'e': 'BFO', 'tk': '841835', 'lp': '26.35', 'pc': '-83.50', 'ft': '1758694058', 'v': '28877700', 'bp1': '26.40', 'sp1': '26.45', 'bq1': '180', 'sq1': '320'}
2025-09-24 11:38:24,863 - INFO - Live price updated: 26.35
2025-09-24 11:38:25,936 - INFO - Quote Received for Account 1: {'t': 'tf', 'e': 'BFO', 'tk': '841835', 'lp': '26.50', 'pc': '-83.41', 'ft': '1758694060', 'v': '28880820', 'bp1': '26.35', 'bq1': '2800', 'sq1': '1080'}
2025-09-24 11:38:25,937 - INFO - Live price updated: 26.50
2025-09-24 11:38:27,004 - INFO - Quote Received for Account 1: {'t': 'tf', 'e': 'BFO', 'tk': '841835', 'lp': '26.60', 'pc': '-83.34', 'ft': '1758694061', 'v': '28884300', 'bp1': '26.60', 'sp1': '26.70', 'bq1': '1060', 'sq1': '2340'}
2025-09-24 11:38:27,006 - INFO - Live price updated: 26.60
2025-09-24 11:38:28,077 - INFO - Quote Received for Account 1: {'t': 'tf', 'e': 'BFO', 'tk': '841835', 'lp': '26.50', 'pc': '-83.41', 'ft': '1758694062', 'ap': '36.73', 'v': '28891100', 'bp1': '26.50', 'sp1': '26.60', 'bq1': '1220', 'sq1': '1600'}
2025-09-24 11:38:28,079 - INFO - Live price updated: 26.50
2025-09-24 11:38:29,151 - INFO - Quote Received for Account 1: {'t': 'tf', 'e': 'BFO', 'tk': '841835', 'lp': '26.45', 'pc': '-83.44', 'ft': '1758694063', 'v': '28891960', 'bp1': '26.40', 'sp1': '26.50', 'bq1': '2660', 'sq1': '960'}
2025-09-24 11:38:29,152 - INFO - Live price updated: 26.45
2025-09-24 11:38:30,217 - INFO - Quote Received for Account 1: {'t': 'tf', 'e': 'BFO', 'tk': '841835', 'lp': '26.35', 'pc': '-83.50', 'ft': '1758694064', 'v': '28894540', 'bp1': '26.35', 'sp1': '26.45', 'bq1': '2380', 'sq1': '1200'}
2025-09-24 11:38:30,218 - INFO - Live price updated: 26.35
2025-09-24 11:38:31,290 - INFO - Quote Received for Account 1: {'t': 'tf', 'e': 'BFO', 'tk': '841835', 'lp': '26.60', 'pc': '-83.34', 'ft': '1758694065', 'v': '28895460', 'bp1': '26.55', 'sp1': '26.65', 'bq1': '2120', 'sq1': '620'}
2025-09-24 11:38:31,291 - INFO - Live price updated: 26.60
2025-09-24 11:38:32,361 - INFO - Quote Received for Account 1: {'t': 'tf', 'e': 'BFO', 'tk': '841835', 'lp': '26.50', 'pc': '-83.41', 'ft': '1758694066', 'v': '28896380', 'bp1': '26.50', 'sp1': '26.60', 'bq1': '3220', 'sq1': '1300'}
2025-09-24 11:38:32,362 - INFO - Live price updated: 26.50
2025-09-24 11:38:33,430 - INFO - Quote Received for Account 1: {'t': 'tf', 'e': 'BFO', 'tk': '841835', 'lp': '26.70', 'pc': '-83.28', 'ft': '1758694067', 'v': '28898520', 'bp1': '26.65', 'sp1': '26.75', 'bq1': '2700', 'sq1': '2080'}
2025-09-24 11:38:33,431 - INFO - Live price updated: 26.70
2025-09-24 11:38:34,506 - INFO - Quote Received for Account 1: {'t': 'tf', 'e': 'BFO', 'tk': '841835', 'lp': '26.80', 'pc': '-83.22', 'ft': '1758694068', 'v': '28899880', 'bp1': '26.75', 'sp1': '26.85', 'bq1': '2480', 'sq1': '1220'}
2025-09-24 11:38:34,507 - INFO - Live price updated: 26.80
2025-09-24 11:38:35,572 - INFO - Quote Received for Account 1: {'t': 'tf', 'e': 'BFO', 'tk': '841835', 'ft': '1758694069', 'v': '28900500', 'bp1': '26.80', 'sp1': '26.90', 'bq1': '2100', 'sq1': '2240'}
2025-09-24 11:38:35,989 - INFO - Modify buy orders clicked
2025-09-24 11:38:35,991 - INFO - Order states reset for modify operations
2025-09-24 11:38:35,991 - INFO - Modifying Master order: 25092400302206 to price: 18.0
2025-09-24 11:38:35,992 - INFO - Modifying Child order: 25092400302207 to price: 18.0
2025-09-24 11:38:36,616 - INFO - Successfully modified Child order: 25092400302207
2025-09-24 11:38:36,616 - INFO - Order update for account 2: {'t': 'om', 'norenordno': '25092400302207', 'uid': 'FA42242', 'actid': 'FA42242', 'exch': 'BFO', 'tsym': 'SENSEX25SEP82500CE', 'trantype': 'B', 'qty': '20', 'prc': '18.00', 'pcode': 'M', 'remarks': '', 'rejreason': ' ', 'status': 'PENDING', 'reporttype': 'ModAck', 'prctyp': 'LMT', 'ret': 'DAY', 'exchordid': '1758693914542083062', 'dscqty': '0', 'exch_tm': '24-09-2025 11:38:15'}
2025-09-24 11:38:36,616 - INFO - Account 2 - B PENDING ModAck
2025-09-24 11:38:36,625 - INFO - Order status debug - status: 'PENDING', reporttype: 'ModAck', trantype: 'B', price: '18.00'
2025-09-24 11:38:36,626 - INFO - Updated Child (ID: 2) order info: 25092400302207 SENSEX25SEP82500CE 20@18.0
2025-09-24 11:38:36,628 - INFO - Child buy order modified successfully
2025-09-24 11:38:36,645 - INFO - Order update for account 1: {'t': 'om', 'norenordno': '25092400302206', 'uid': 'FA32246', 'actid': 'FA32246', 'exch': 'BFO', 'tsym': 'SENSEX25SEP82500CE', 'trantype': 'B', 'qty': '20', 'prc': '18.00', 'pcode': 'M', 'remarks': '', 'rejreason': ' ', 'status': 'PENDING', 'reporttype': 'ModAck', 'prctyp': 'LMT', 'ret': 'DAY', 'exchordid': '1758693914542083061', 'dscqty': '0', 'exch_tm': '24-09-2025 11:38:15'}
2025-09-24 11:38:36,649 - INFO - Successfully modified Master order: 25092400302206
2025-09-24 11:38:36,657 - INFO - Account 1 - B PENDING ModAck
2025-09-24 11:38:36,658 - INFO - Order status debug - status: 'PENDING', reporttype: 'ModAck', trantype: 'B', price: '18.00'
2025-09-24 11:38:36,663 - INFO - Updated Master (ID: 1) order info: 25092400302206 SENSEX25SEP82500CE 20@18.0
2025-09-24 11:38:36,664 - INFO - Master buy order modified successfully
2025-09-24 11:38:36,666 - INFO - SL/Target adjusted for new buy price - SL: 13.0, Target: 48.0 (Buy: 18.0)
2025-09-24 11:38:36,669 - INFO - Account 2 order status updated to: PENDING
2025-09-24 11:38:36,670 - INFO - Account 1 order status updated to: PENDING
2025-09-24 11:38:36,671 - INFO - DEBUG - Account 2 status: 'PENDING' (type: <class 'str'>)
2025-09-24 11:38:36,672 - INFO - DEBUG - Account 1 status: 'PENDING' (type: <class 'str'>)
2025-09-24 11:38:36,674 - INFO - DEBUG - Current account can_order: 1
2025-09-24 11:38:36,677 - INFO - DEBUG - Current account can_order: 1
2025-09-24 11:38:36,678 - INFO - Order status updated for account 2: Buy Order PENDING @ 18.00
2025-09-24 11:38:36,679 - INFO - Order status updated for account 1: Buy Order PENDING @ 18.00
2025-09-24 11:38:36,681 - INFO - Order update for account 2: {'t': 'om', 'norenordno': '25092400302207', 'uid': 'FA42242', 'actid': 'FA42242', 'exch': 'BFO', 'tsym': 'SENSEX25SEP82500CE', 'trantype': 'B', 'qty': '20', 'prc': '18.00', 'pcode': 'M', 'remarks': '', 'rejreason': ' ', 'status': 'PENDING', 'reporttype': 'PendingReplace', 'prctyp': 'LMT', 'ret': 'DAY', 'exchordid': '1758693914542083062', 'dscqty': '0', 'exch_tm': '24-09-2025 11:38:15'}
2025-09-24 11:38:36,683 - INFO - Order update for account 1: {'t': 'om', 'norenordno': '25092400302206', 'uid': 'FA32246', 'actid': 'FA32246', 'exch': 'BFO', 'tsym': 'SENSEX25SEP82500CE', 'trantype': 'B', 'qty': '20', 'prc': '18.00', 'pcode': 'M', 'remarks': '', 'rejreason': ' ', 'status': 'PENDING', 'reporttype': 'PendingReplace', 'prctyp': 'LMT', 'ret': 'DAY', 'exchordid': '1758693914542083061', 'dscqty': '0', 'exch_tm': '24-09-2025 11:38:15'}
2025-09-24 11:38:36,685 - INFO - Account 2 - B PENDING PendingReplace
2025-09-24 11:38:36,685 - INFO - Order status debug - status: 'PENDING', reporttype: 'PendingReplace', trantype: 'B', price: '18.00'
2025-09-24 11:38:36,685 - INFO - Account 1 - B PENDING PendingReplace
2025-09-24 11:38:36,685 - INFO - Order status debug - status: 'PENDING', reporttype: 'PendingReplace', trantype: 'B', price: '18.00'
2025-09-24 11:38:36,687 - INFO - Account 2 order status updated to: PENDING
2025-09-24 11:38:36,688 - INFO - DEBUG - Account 2 status: 'PENDING' (type: <class 'str'>)
2025-09-24 11:38:36,690 - INFO - DEBUG - Current account can_order: 1
2025-09-24 11:38:36,691 - INFO - Account 1 order status updated to: PENDING
2025-09-24 11:38:36,691 - INFO - Order status updated for account 2: Buy Order PENDING @ 18.00
2025-09-24 11:38:36,691 - INFO - DEBUG - Account 1 status: 'PENDING' (type: <class 'str'>)
2025-09-24 11:38:36,692 - INFO - Order update for account 2: {'t': 'om', 'norenordno': '25092400302207', 'uid': 'FA42242', 'actid': 'FA42242', 'exch': 'BFO', 'tsym': 'SENSEX25SEP82500CE', 'trantype': 'B', 'qty': '20', 'prc': '18.00', 'pcode': 'M', 'remarks': '', 'rejreason': ' ', 'status': 'OPEN', 'reporttype': 'Replaced', 'prctyp': 'LMT', 'ret': 'DAY', 'exchordid': '1758693914542083062', 'dscqty': '0', 'exch_tm': '24-09-2025 11:38:38'}
2025-09-24 11:38:36,693 - INFO - DEBUG - Current account can_order: 1
2025-09-24 11:38:36,694 - INFO - Account 2 - B OPEN Replaced
2025-09-24 11:38:36,694 - INFO - Order status debug - status: 'OPEN', reporttype: 'Replaced', trantype: 'B', price: '18.00'
2025-09-24 11:38:36,694 - INFO - Order status updated for account 1: Buy Order PENDING @ 18.00
2025-09-24 11:38:36,695 - INFO - Account 2 order status updated to: OPEN
2025-09-24 11:38:36,696 - INFO - Order update for account 1: {'t': 'om', 'norenordno': '25092400302206', 'uid': 'FA32246', 'actid': 'FA32246', 'exch': 'BFO', 'tsym': 'SENSEX25SEP82500CE', 'trantype': 'B', 'qty': '20', 'prc': '18.00', 'pcode': 'M', 'remarks': '', 'rejreason': ' ', 'status': 'OPEN', 'reporttype': 'Replaced', 'prctyp': 'LMT', 'ret': 'DAY', 'exchordid': '1758693914542083061', 'dscqty': '0', 'exch_tm': '24-09-2025 11:38:38'}
2025-09-24 11:38:36,696 - INFO - DEBUG - Account 2 status: 'OPEN' (type: <class 'str'>)
2025-09-24 11:38:36,698 - INFO - Account 1 - B OPEN Replaced
2025-09-24 11:38:36,700 - INFO - Order status debug - status: 'OPEN', reporttype: 'Replaced', trantype: 'B', price: '18.00'
2025-09-24 11:38:36,700 - INFO - DEBUG - Current account can_order: 1
2025-09-24 11:38:36,701 - INFO - Order status updated for account 2: Buy Order OPEN @ 18.00
2025-09-24 11:38:36,701 - INFO - Account 1 order status updated to: OPEN
2025-09-24 11:38:36,702 - INFO - DEBUG - Account 1 status: 'OPEN' (type: <class 'str'>)
2025-09-24 11:38:36,703 - INFO - DEBUG - Current account can_order: 1
2025-09-24 11:38:36,704 - INFO - Order status updated for account 1: Buy Order OPEN @ 18.00
2025-09-24 11:38:36,705 - INFO - Quote Received for Account 1: {'t': 'tf', 'e': 'BFO', 'tk': '841835', 'lp': '27.05', 'pc': '-83.06', 'ft': '1758694070', 'v': '28903360', 'bp1': '26.95', 'sp1': '27.05', 'bq1': '2960', 'sq1': '840'}
2025-09-24 11:38:36,706 - INFO - Live price updated: 27.05
2025-09-24 11:38:37,713 - INFO - Quote Received for Account 1: {'t': 'tf', 'e': 'BFO', 'tk': '841835', 'ft': '1758694071', 'v': '28903680', 'bp1': '26.85', 'sp1': '26.95', 'bq1': '1860', 'sq1': '1000'}
2025-09-24 11:38:38,784 - INFO - Quote Received for Account 1: {'t': 'tf', 'e': 'BFO', 'tk': '841835', 'lp': '26.80', 'pc': '-83.22', 'ft': '1758694072', 'v': '28904340', 'bp1': '26.70', 'sp1': '26.80', 'bq1': '3020', 'sq1': '180'}
2025-09-24 11:38:38,785 - INFO - Live price updated: 26.80
2025-09-24 11:38:39,856 - INFO - Quote Received for Account 1: {'t': 'tf', 'e': 'BFO', 'tk': '841835', 'lp': '26.75', 'pc': '-83.25', 'ft': '1758694073', 'v': '28905900', 'bp1': '26.80', 'sp1': '26.90', 'bq1': '4180', 'sq1': '480'}
2025-09-24 11:38:39,858 - INFO - Live price updated: 26.75
2025-09-24 11:38:40,927 - INFO - Quote Received for Account 1: {'t': 'tf', 'e': 'BFO', 'tk': '841835', 'lp': '27.00', 'pc': '-83.09', 'ft': '1758694075', 'v': '28906880', 'bp1': '27.00', 'sp1': '27.10', 'bq1': '2560', 'sq1': '1360'}
2025-09-24 11:38:40,928 - INFO - Live price updated: 27.00
2025-09-24 11:38:42,002 - INFO - Quote Received for Account 1: {'t': 'tf', 'e': 'BFO', 'tk': '841835', 'lp': '27.05', 'pc': '-83.06', 'ft': '1758694076', 'v': '28908280', 'bp1': '27.05', 'sp1': '27.15', 'bq1': '2980', 'sq1': '360'}
2025-09-24 11:38:42,004 - INFO - Live price updated: 27.05
2025-09-24 11:38:43,066 - INFO - Quote Received for Account 1: {'t': 'tf', 'e': 'BFO', 'tk': '841835', 'ft': '1758694077', 'v': '28908620', 'bp1': '26.95', 'sp1': '27.10', 'bq1': '3140', 'sq1': '1600'}
2025-09-24 11:38:44,140 - INFO - Quote Received for Account 1: {'t': 'tf', 'e': 'BFO', 'tk': '841835', 'lp': '26.90', 'pc': '-83.16', 'ft': '1758694078', 'v': '28908920', 'bp1': '26.85', 'sp1': '26.95', 'bq1': '3680', 'sq1': '260'}
2025-09-24 11:38:44,141 - INFO - Live price updated: 26.90
2025-09-24 11:38:45,210 - INFO - Quote Received for Account 1: {'t': 'tf', 'e': 'BFO', 'tk': '841835', 'lp': '26.95', 'pc': '-83.12', 'ft': '1758694079', 'v': '28911060', 'bp1': '26.95', 'sp1': '27.05', 'bq1': '3860', 'sq1': '840'}
2025-09-24 11:38:45,211 - INFO - Live price updated: 26.95
2025-09-24 11:38:46,281 - INFO - Quote Received for Account 1: {'t': 'tf', 'e': 'BFO', 'tk': '841835', 'lp': '27.05', 'pc': '-83.06', 'ft': '1758694080', 'v': '28915980', 'bp1': '27.05', 'sp1': '27.15', 'bq1': '1840', 'sq1': '2720'}
2025-09-24 11:38:46,281 - INFO - Live price updated: 27.05
2025-09-24 11:38:47,365 - INFO - Quote Received for Account 1: {'t': 'tf', 'e': 'BFO', 'tk': '841835', 'lp': '27.00', 'pc': '-83.09', 'ft': '1758694081', 'v': '28917160', 'bq1': '2920', 'sq1': '1060'}
2025-09-24 11:38:47,366 - INFO - Live price updated: 27.00
2025-09-24 11:38:48,436 - INFO - Quote Received for Account 1: {'t': 'tf', 'e': 'BFO', 'tk': '841835', 'lp': '27.35', 'pc': '-82.87', 'ft': '1758694082', 'v': '28918300', 'bp1': '27.20', 'sp1': '27.30', 'bq1': '3500', 'sq1': '120'}
2025-09-24 11:38:48,437 - INFO - Live price updated: 27.35
2025-09-24 11:38:49,494 - INFO - Quote Received for Account 1: {'t': 'tf', 'e': 'BFO', 'tk': '841835', 'lp': '27.25', 'pc': '-82.94', 'ft': '1758694083', 'ap': '36.72', 'v': '28921560', 'bp1': '27.15', 'sp1': '27.25', 'bq1': '3000', 'sq1': '860'}
2025-09-24 11:38:49,497 - INFO - Live price updated: 27.25
2025-09-24 11:38:50,560 - INFO - Quote Received for Account 1: {'t': 'tf', 'e': 'BFO', 'tk': '841835', 'ft': '1758694084', 'bp1': '27.35', 'sp1': '27.45', 'bq1': '300', 'sq1': '1940'}
2025-09-24 11:38:51,635 - INFO - Quote Received for Account 1: {'t': 'tf', 'e': 'BFO', 'tk': '841835', 'lp': '27.40', 'pc': '-82.84', 'ft': '1758694085', 'v': '28922000', 'bq1': '660', 'sq1': '1900'}
2025-09-24 11:38:51,637 - INFO - Live price updated: 27.40
2025-09-24 11:38:51,788 - INFO - Buy orders filled check - Master: filled_qty=0, can_exit=0
2025-09-24 11:38:51,789 - INFO - Buy orders filled check - Child: filled_qty=0, can_exit=0
2025-09-24 11:38:51,789 - INFO - Buy orders filled result: False
2025-09-24 11:38:51,789 - INFO - Target price confirmed: 25.0 (monitoring will start after buy order is filled)
2025-09-24 11:38:52,706 - INFO - Quote Received for Account 1: {'t': 'tf', 'e': 'BFO', 'tk': '841835', 'lp': '27.55', 'pc': '-82.75', 'ft': '1758694086', 'v': '28922060', 'bp1': '27.45', 'sp1': '27.55', 'bq1': '2260', 'sq1': '900'}
2025-09-24 11:38:52,707 - INFO - Live price updated: 27.55
2025-09-24 11:38:53,777 - INFO - Quote Received for Account 1: {'t': 'tf', 'e': 'BFO', 'tk': '841835', 'lp': '27.65', 'pc': '-82.69', 'ft': '1758694087', 'v': '28943500', 'bp1': '27.60', 'sp1': '27.70', 'bq1': '3920', 'sq1': '1140'}
2025-09-24 11:38:53,778 - INFO - Live price updated: 27.65
2025-09-24 11:38:54,851 - INFO - Quote Received for Account 1: {'t': 'tf', 'e': 'BFO', 'tk': '841835', 'lp': '27.55', 'pc': '-82.75', 'ft': '1758694088', 'v': '28945200', 'bp1': '27.40', 'sp1': '27.45', 'bq1': '820', 'sq1': '1000'}
2025-09-24 11:38:54,854 - INFO - Live price updated: 27.55
2025-09-24 11:38:55,919 - INFO - Quote Received for Account 1: {'t': 'tf', 'e': 'BFO', 'tk': '841835', 'lp': '27.40', 'pc': '-82.84', 'ft': '1758694090', 'v': '28947620', 'bp1': '27.30', 'sp1': '27.40', 'bq1': '4180', 'sq1': '1020'}
2025-09-24 11:38:55,921 - INFO - Live price updated: 27.40
2025-09-24 11:38:56,986 - INFO - Quote Received for Account 1: {'t': 'tf', 'e': 'BFO', 'tk': '841835', 'lp': '27.10', 'pc': '-83.03', 'ft': '1758694091', 'v': '28947680', 'bp1': '27.05', 'sp1': '27.15', 'bq1': '2900', 'sq1': '3180'}
2025-09-24 11:38:56,986 - INFO - Live price updated: 27.10
2025-09-24 11:38:58,061 - INFO - Quote Received for Account 1: {'t': 'tf', 'e': 'BFO', 'tk': '841835', 'lp': '27.20', 'pc': '-82.97', 'ft': '1758694092', 'ap': '36.71', 'v': '28950420', 'bp1': '27.15', 'sp1': '27.20', 'bq1': '460', 'sq1': '1020'}
2025-09-24 11:38:58,063 - INFO - Live price updated: 27.20
2025-09-24 11:38:59,082 - INFO - Modify buy orders clicked
2025-09-24 11:38:59,085 - INFO - Order states reset for modify operations
2025-09-24 11:38:59,086 - INFO - Modifying Master order: 25092400302206 to price: 19.0
2025-09-24 11:38:59,087 - INFO - Modifying Child order: 25092400302207 to price: 19.0
2025-09-24 11:38:59,132 - INFO - Quote Received for Account 1: {'t': 'tf', 'e': 'BFO', 'tk': '841835', 'lp': '27.10', 'pc': '-83.03', 'ft': '1758694093', 'v': '28952060', 'bp1': '27.05', 'sp1': '27.15', 'bq1': '2580', 'sq1': '720'}
2025-09-24 11:38:59,838 - INFO - Successfully modified Child order: 25092400302207
2025-09-24 11:38:59,845 - INFO - Successfully modified Master order: 25092400302206
2025-09-24 11:38:59,845 - INFO - Order update for account 2: {'t': 'om', 'norenordno': '25092400302207', 'uid': 'FA42242', 'actid': 'FA42242', 'exch': 'BFO', 'tsym': 'SENSEX25SEP82500CE', 'trantype': 'B', 'qty': '20', 'prc': '19.00', 'pcode': 'M', 'remarks': '', 'rejreason': ' ', 'status': 'PENDING', 'reporttype': 'ModAck', 'prctyp': 'LMT', 'ret': 'DAY', 'exchordid': '1758693914542083062', 'dscqty': '0', 'exch_tm': '24-09-2025 11:38:38'}
2025-09-24 11:38:59,850 - INFO - Account 2 - B PENDING ModAck
2025-09-24 11:38:59,851 - INFO - Order status debug - status: 'PENDING', reporttype: 'ModAck', trantype: 'B', price: '19.00'
2025-09-24 11:38:59,854 - INFO - Updated Child (ID: 2) order info: 25092400302207 SENSEX25SEP82500CE 20@19.0
2025-09-24 11:38:59,858 - INFO - Child buy order modified successfully
2025-09-24 11:38:59,858 - INFO - Updated Master (ID: 1) order info: 25092400302206 SENSEX25SEP82500CE 20@19.0
2025-09-24 11:38:59,859 - INFO - Master buy order modified successfully
2025-09-24 11:38:59,860 - INFO - SL/Target adjusted for new buy price - SL: 14.0, Target: 49.0 (Buy: 19.0)
2025-09-24 11:38:59,861 - INFO - Account 2 order status updated to: PENDING
2025-09-24 11:38:59,861 - INFO - Live price updated: 27.10
2025-09-24 11:38:59,861 - INFO - DEBUG - Account 2 status: 'PENDING' (type: <class 'str'>)
2025-09-24 11:38:59,862 - INFO - Order update for account 1: {'t': 'om', 'norenordno': '25092400302206', 'uid': 'FA32246', 'actid': 'FA32246', 'exch': 'BFO', 'tsym': 'SENSEX25SEP82500CE', 'trantype': 'B', 'qty': '20', 'prc': '19.00', 'pcode': 'M', 'remarks': '', 'rejreason': ' ', 'status': 'PENDING', 'reporttype': 'ModAck', 'prctyp': 'LMT', 'ret': 'DAY', 'exchordid': '1758693914542083061', 'dscqty': '0', 'exch_tm': '24-09-2025 11:38:38'}
2025-09-24 11:38:59,864 - INFO - DEBUG - Current account can_order: 1
2025-09-24 11:38:59,865 - INFO - Order status updated for account 2: Buy Order PENDING @ 19.00
2025-09-24 11:38:59,865 - INFO - Account 1 - B PENDING ModAck
2025-09-24 11:38:59,866 - INFO - Order status debug - status: 'PENDING', reporttype: 'ModAck', trantype: 'B', price: '19.00'
2025-09-24 11:38:59,867 - INFO - Order update for account 2: {'t': 'om', 'norenordno': '25092400302207', 'uid': 'FA42242', 'actid': 'FA42242', 'exch': 'BFO', 'tsym': 'SENSEX25SEP82500CE', 'trantype': 'B', 'qty': '20', 'prc': '19.00', 'pcode': 'M', 'remarks': '', 'rejreason': ' ', 'status': 'PENDING', 'reporttype': 'PendingReplace', 'prctyp': 'LMT', 'ret': 'DAY', 'exchordid': '1758693914542083062', 'dscqty': '0', 'exch_tm': '24-09-2025 11:38:38'}
2025-09-24 11:38:59,867 - INFO - Account 1 order status updated to: PENDING
2025-09-24 11:38:59,868 - INFO - Account 2 - B PENDING PendingReplace
2025-09-24 11:38:59,868 - INFO - DEBUG - Account 1 status: 'PENDING' (type: <class 'str'>)
2025-09-24 11:38:59,868 - INFO - Order status debug - status: 'PENDING', reporttype: 'PendingReplace', trantype: 'B', price: '19.00'
2025-09-24 11:38:59,871 - INFO - DEBUG - Current account can_order: 1
2025-09-24 11:38:59,872 - INFO - Order status updated for account 1: Buy Order PENDING @ 19.00
2025-09-24 11:38:59,872 - INFO - Account 2 order status updated to: PENDING
2025-09-24 11:38:59,873 - INFO - Order update for account 1: {'t': 'om', 'norenordno': '25092400302206', 'uid': 'FA32246', 'actid': 'FA32246', 'exch': 'BFO', 'tsym': 'SENSEX25SEP82500CE', 'trantype': 'B', 'qty': '20', 'prc': '19.00', 'pcode': 'M', 'remarks': '', 'rejreason': ' ', 'status': 'PENDING', 'reporttype': 'PendingReplace', 'prctyp': 'LMT', 'ret': 'DAY', 'exchordid': '1758693914542083061', 'dscqty': '0', 'exch_tm': '24-09-2025 11:38:38'}
2025-09-24 11:38:59,873 - INFO - DEBUG - Account 2 status: 'PENDING' (type: <class 'str'>)
2025-09-24 11:38:59,874 - INFO - DEBUG - Current account can_order: 1
2025-09-24 11:38:59,874 - INFO - Account 1 - B PENDING PendingReplace
2025-09-24 11:38:59,874 - INFO - Order status debug - status: 'PENDING', reporttype: 'PendingReplace', trantype: 'B', price: '19.00'
2025-09-24 11:38:59,875 - INFO - Order status updated for account 2: Buy Order PENDING @ 19.00
2025-09-24 11:38:59,875 - INFO - Account 1 order status updated to: PENDING
2025-09-24 11:38:59,876 - INFO - DEBUG - Account 1 status: 'PENDING' (type: <class 'str'>)
2025-09-24 11:38:59,876 - INFO - Order update for account 2: {'t': 'om', 'norenordno': '25092400302207', 'uid': 'FA42242', 'actid': 'FA42242', 'exch': 'BFO', 'tsym': 'SENSEX25SEP82500CE', 'trantype': 'B', 'qty': '20', 'prc': '19.00', 'pcode': 'M', 'remarks': '', 'rejreason': ' ', 'status': 'OPEN', 'reporttype': 'Replaced', 'prctyp': 'LMT', 'ret': 'DAY', 'exchordid': '1758693914542083062', 'dscqty': '0', 'exch_tm': '24-09-2025 11:39:01'}
2025-09-24 11:38:59,877 - INFO - DEBUG - Current account can_order: 1
2025-09-24 11:38:59,877 - INFO - Order status updated for account 1: Buy Order PENDING @ 19.00
2025-09-24 11:38:59,878 - INFO - Account 2 - B OPEN Replaced
2025-09-24 11:38:59,878 - INFO - Order status debug - status: 'OPEN', reporttype: 'Replaced', trantype: 'B', price: '19.00'
2025-09-24 11:38:59,878 - INFO - Order update for account 1: {'t': 'om', 'norenordno': '25092400302206', 'uid': 'FA32246', 'actid': 'FA32246', 'exch': 'BFO', 'tsym': 'SENSEX25SEP82500CE', 'trantype': 'B', 'qty': '20', 'prc': '19.00', 'pcode': 'M', 'remarks': '', 'rejreason': ' ', 'status': 'OPEN', 'reporttype': 'Replaced', 'prctyp': 'LMT', 'ret': 'DAY', 'exchordid': '1758693914542083061', 'dscqty': '0', 'exch_tm': '24-09-2025 11:39:01'}
2025-09-24 11:38:59,879 - INFO - Account 2 order status updated to: OPEN
2025-09-24 11:38:59,879 - INFO - Account 1 - B OPEN Replaced
2025-09-24 11:38:59,879 - INFO - Order status debug - status: 'OPEN', reporttype: 'Replaced', trantype: 'B', price: '19.00'
2025-09-24 11:38:59,880 - INFO - DEBUG - Account 2 status: 'OPEN' (type: <class 'str'>)
2025-09-24 11:38:59,882 - INFO - DEBUG - Current account can_order: 1
2025-09-24 11:38:59,882 - INFO - Account 1 order status updated to: OPEN
2025-09-24 11:38:59,883 - INFO - Order status updated for account 2: Buy Order OPEN @ 19.00
2025-09-24 11:38:59,883 - INFO - DEBUG - Account 1 status: 'OPEN' (type: <class 'str'>)
2025-09-24 11:38:59,884 - INFO - DEBUG - Current account can_order: 1
2025-09-24 11:38:59,885 - INFO - Order status updated for account 1: Buy Order OPEN @ 19.00
2025-09-24 11:39:00,204 - INFO - Quote Received for Account 1: {'t': 'tf', 'e': 'BFO', 'tk': '841835', 'lp': '27.05', 'pc': '-83.06', 'ft': '1758694094', 'v': '28954060', 'sp1': '27.10', 'bq1': '280', 'sq1': '2160'}
2025-09-24 11:39:00,207 - INFO - Live price updated: 27.05
2025-09-24 11:39:01,273 - INFO - Quote Received for Account 1: {'t': 'tf', 'e': 'BFO', 'tk': '841835', 'lp': '27.15', 'pc': '-83.00', 'ft': '1758694095', 'v': '28954220', 'sp1': '27.15', 'bq1': '2740', 'sq1': '800'}
2025-09-24 11:39:01,274 - INFO - Live price updated: 27.15
2025-09-24 11:39:02,345 - INFO - Quote Received for Account 1: {'t': 'tf', 'e': 'BFO', 'tk': '841835', 'lp': '27.05', 'pc': '-83.06', 'ft': '1758694096', 'v': '28954760', 'bq1': '5700', 'sq1': '660'}
2025-09-24 11:39:02,346 - INFO - Live price updated: 27.05
2025-09-24 11:39:03,416 - INFO - Quote Received for Account 1: {'t': 'tf', 'e': 'BFO', 'tk': '841835', 'lp': '27.15', 'pc': '-83.00', 'ft': '1758694097', 'v': '28955180', 'bp1': '27.15', 'sp1': '27.20', 'bq1': '2000', 'sq1': '620'}
2025-09-24 11:39:03,418 - INFO - Live price updated: 27.15
2025-09-24 11:39:04,488 - INFO - Quote Received for Account 1: {'t': 'tf', 'e': 'BFO', 'tk': '841835', 'ft': '1758694098', 'v': '28956020', 'sp1': '27.25', 'bq1': '1220', 'sq1': '4420'}
2025-09-24 11:39:04,717 - INFO - Quote Received for Account 1: {'t': 'tf', 'e': 'BFO', 'tk': '841835', 'ft': '1758694098', 'oi': '2804580'}
2025-09-24 11:39:05,558 - INFO - Quote Received for Account 1: {'t': 'tf', 'e': 'BFO', 'tk': '841835', 'lp': '27.05', 'pc': '-83.06', 'ft': '1758694099', 'v': '28958920', 'bp1': '27.05', 'sp1': '27.10', 'bq1': '280', 'sq1': '480'}
2025-09-24 11:39:05,561 - INFO - Live price updated: 27.05
2025-09-24 11:39:06,625 - INFO - Quote Received for Account 1: {'t': 'tf', 'e': 'BFO', 'tk': '841835', 'lp': '27.20', 'pc': '-82.97', 'ft': '1758694100', 'v': '28959100', 'bp1': '27.20', 'sp1': '27.30', 'bq1': '2720', 'sq1': '3460'}
2025-09-24 11:39:06,625 - INFO - Live price updated: 27.20
2025-09-24 11:39:07,674 - INFO - Cancel child buy order clicked
2025-09-24 11:39:07,675 - INFO - Cancelling Child order: 25092400302207
2025-09-24 11:39:07,700 - INFO - Quote Received for Account 1: {'t': 'tf', 'e': 'BFO', 'tk': '841835', 'lp': '27.30', 'pc': '-82.91', 'ft': '1758694101', 'v': '28959260', 'bp1': '27.15', 'sp1': '27.20', 'bq1': '2320', 'sq1': '100'}
2025-09-24 11:39:08,233 - INFO - Successfully cancelled Child order: 25092400302207
2025-09-24 11:39:08,233 - INFO - Order update for account 2: {'t': 'om', 'norenordno': '25092400302207', 'uid': 'FA42242', 'actid': 'FA42242', 'exch': 'BFO', 'tsym': 'SENSEX25SEP82500CE', 'trantype': 'B', 'qty': '20', 'prc': '19.00', 'pcode': 'M', 'remarks': '', 'status': 'PENDING', 'reporttype': 'PendingCancel', 'prctyp': 'LMT', 'ret': 'DAY', 'exchordid': '1758693914542083062', 'dscqty': '0', 'exch_tm': '24-09-2025 11:39:01'}
2025-09-24 11:39:08,233 - INFO - Account 2 - B PENDING PendingCancel
2025-09-24 11:39:08,233 - INFO - Order status debug - status: 'PENDING', reporttype: 'PendingCancel', trantype: 'B', price: '19.00'
2025-09-24 11:39:08,238 - INFO - Updated Child (ID: 2) can_order to '0': Order cancelled by user
2025-09-24 11:39:08,239 - INFO - Child buy order cancelled successfully
2025-09-24 11:39:08,240 - INFO - Account 2 order status updated to: PENDING
2025-09-24 11:39:08,241 - INFO - Live price updated: 27.30
2025-09-24 11:39:08,241 - INFO - DEBUG - Account 2 status: 'PENDING' (type: <class 'str'>)
2025-09-24 11:39:08,245 - INFO - DEBUG - Current account can_order: 0
2025-09-24 11:39:08,246 - INFO - Order status updated for account 2: Buy Order PENDING @ 19.00
2025-09-24 11:39:08,248 - INFO - Order update for account 2: {'t': 'om', 'norenordno': '25092400302207', 'uid': 'FA42242', 'actid': 'FA42242', 'exch': 'BFO', 'tsym': 'SENSEX25SEP82500CE', 'trantype': 'B', 'qty': '20', 'prc': '19.00', 'pcode': 'M', 'remarks': '', 'rejreason': 'Order Cancelled', 'status': 'CANCELED', 'reporttype': 'Canceled', 'prctyp': 'LMT', 'ret': 'DAY', 'exchordid': '1758693914542083062', 'cancelqty': '20', 'dscqty': '0', 'exch_tm': '24-09-2025 11:39:09'}
2025-09-24 11:39:08,251 - INFO - Account 2 - B CANCELED Canceled
2025-09-24 11:39:08,251 - INFO - Order status debug - status: 'CANCELED', reporttype: 'Canceled', trantype: 'B', price: '19.00'
2025-09-24 11:39:08,254 - INFO - Order status updated for account 2: Buy Order CANCELED @ 19.00
2025-09-24 11:39:08,771 - INFO - Quote Received for Account 1: {'t': 'tf', 'e': 'BFO', 'tk': '841835', 'lp': '27.10', 'pc': '-83.03', 'ft': '1758694102', 'v': '28960500', 'bp1': '27.00', 'sp1': '27.10', 'bq1': '2900', 'sq1': '2720'}
2025-09-24 11:39:08,771 - INFO - Live price updated: 27.10
2025-09-24 11:39:09,843 - INFO - Quote Received for Account 1: {'t': 'tf', 'e': 'BFO', 'tk': '841835', 'lp': '26.95', 'pc': '-83.12', 'ft': '1758694103', 'v': '28961260', 'bp1': '26.90', 'sp1': '27.00', 'bq1': '2780', 'sq1': '2980'}
2025-09-24 11:39:09,844 - INFO - Live price updated: 26.95
2025-09-24 11:39:10,361 - INFO - Cancel master buy order clicked
2025-09-24 11:39:10,366 - INFO - Cancelling Master order: 25092400302206
2025-09-24 11:39:10,901 - INFO - Order update for account 1: {'t': 'om', 'norenordno': '25092400302206', 'uid': 'FA32246', 'actid': 'FA32246', 'exch': 'BFO', 'tsym': 'SENSEX25SEP82500CE', 'trantype': 'B', 'qty': '20', 'prc': '19.00', 'pcode': 'M', 'remarks': '', 'status': 'PENDING', 'reporttype': 'PendingCancel', 'prctyp': 'LMT', 'ret': 'DAY', 'exchordid': '1758693914542083061', 'dscqty': '0', 'exch_tm': '24-09-2025 11:39:01'}
2025-09-24 11:39:10,904 - INFO - Successfully cancelled Master order: 25092400302206
2025-09-24 11:39:10,910 - INFO - Account 1 - B PENDING PendingCancel
2025-09-24 11:39:10,910 - INFO - Order status debug - status: 'PENDING', reporttype: 'PendingCancel', trantype: 'B', price: '19.00'
2025-09-24 11:39:10,915 - INFO - Updated Master (ID: 1) can_order to '0': Order cancelled by user
2025-09-24 11:39:10,916 - INFO - Master buy order cancelled successfully
2025-09-24 11:39:10,917 - INFO - Account 1 order status updated to: PENDING
2025-09-24 11:39:10,918 - INFO - DEBUG - Account 1 status: 'PENDING' (type: <class 'str'>)
2025-09-24 11:39:10,921 - INFO - DEBUG - Current account can_order: 0
2025-09-24 11:39:10,923 - INFO - Order status updated for account 1: Buy Order PENDING @ 19.00
2025-09-24 11:39:10,925 - INFO - Order update for account 1: {'t': 'om', 'norenordno': '25092400302206', 'uid': 'FA32246', 'actid': 'FA32246', 'exch': 'BFO', 'tsym': 'SENSEX25SEP82500CE', 'trantype': 'B', 'qty': '20', 'prc': '19.00', 'pcode': 'M', 'remarks': '', 'rejreason': 'Order Cancelled', 'status': 'CANCELED', 'reporttype': 'Canceled', 'prctyp': 'LMT', 'ret': 'DAY', 'exchordid': '1758693914542083061', 'cancelqty': '20', 'dscqty': '0', 'exch_tm': '24-09-2025 11:39:12'}
2025-09-24 11:39:10,929 - INFO - Account 1 - B CANCELED Canceled
2025-09-24 11:39:10,930 - INFO - Order status debug - status: 'CANCELED', reporttype: 'Canceled', trantype: 'B', price: '19.00'
2025-09-24 11:39:10,932 - INFO - Order status updated for account 1: Buy Order CANCELED @ 19.00
2025-09-24 11:39:10,934 - INFO - Quote Received for Account 1: {'t': 'tf', 'e': 'BFO', 'tk': '841835', 'lp': '27.25', 'pc': '-82.94', 'ft': '1758694105', 'v': '28965380', 'bp1': '27.15', 'sp1': '27.25', 'bq1': '1900', 'sq1': '3500'}
2025-09-24 11:39:10,935 - INFO - Live price updated: 27.25
2025-09-24 11:39:11,986 - INFO - Quote Received for Account 1: {'t': 'tf', 'e': 'BFO', 'tk': '841835', 'lp': '27.40', 'pc': '-82.84', 'ft': '1758694106', 'v': '28966000', 'bp1': '27.40', 'sp1': '27.50', 'bq1': '2920', 'sq1': '380'}
2025-09-24 11:39:11,989 - INFO - Live price updated: 27.40
2025-09-24 11:39:13,053 - INFO - Quote Received for Account 1: {'t': 'tf', 'e': 'BFO', 'tk': '841835', 'lp': '27.65', 'pc': '-82.69', 'ft': '1758694107', 'v': '28967400', 'bp1': '27.55', 'sp1': '27.65', 'bq1': '2320', 'sq1': '1120'}
2025-09-24 11:39:13,053 - INFO - Live price updated: 27.65
2025-09-24 11:39:14,129 - INFO - Quote Received for Account 1: {'t': 'tf', 'e': 'BFO', 'tk': '841835', 'lp': '27.55', 'pc': '-82.75', 'ft': '1758694108', 'v': '28969700', 'bp1': '27.50', 'sp1': '27.60', 'bq1': '2120', 'sq1': '1900'}
2025-09-24 11:39:14,132 - INFO - Live price updated: 27.55
2025-09-24 11:39:15,196 - INFO - Quote Received for Account 1: {'t': 'tf', 'e': 'BFO', 'tk': '841835', 'lp': '27.50', 'pc': '-82.78', 'ft': '1758694109', 'v': '28970460', 'bp1': '27.40', 'sp1': '27.50', 'bq1': '2040', 'sq1': '3640'}
2025-09-24 11:39:15,198 - INFO - Live price updated: 27.50
2025-09-24 11:39:16,008 - INFO - Cancel buy orders clicked
2025-09-24 11:39:16,268 - INFO - Quote Received for Account 1: {'t': 'tf', 'e': 'BFO', 'tk': '841835', 'lp': '27.35', 'pc': '-82.87', 'ft': '1758694110', 'v': '28973660', 'sp1': '27.45', 'bq1': '420', 'sq1': '320'}
2025-09-24 11:39:16,270 - INFO - Live price updated: 27.35
2025-09-24 11:39:17,333 - INFO - Quote Received for Account 1: {'t': 'tf', 'e': 'BFO', 'tk': '841835', 'lp': '27.40', 'pc': '-82.84', 'ft': '1758694111', 'v': '28975100', 'bp1': '27.35', 'bq1': '1740', 'sq1': '1680'}
2025-09-24 11:39:17,333 - INFO - Live price updated: 27.40
2025-09-24 11:39:18,413 - INFO - Quote Received for Account 1: {'t': 'tf', 'e': 'BFO', 'tk': '841835', 'lp': '27.50', 'pc': '-82.78', 'ft': '1758694112', 'v': '28977040', 'bp1': '27.40', 'sp1': '27.50', 'bq1': '2940', 'sq1': '220'}
2025-09-24 11:39:18,413 - INFO - Live price updated: 27.50
2025-09-24 11:39:18,475 - INFO - Release buttons clicked - resetting system for new orders
2025-09-24 11:39:18,475 - INFO - Login status check - Master: True, Child: True
2025-09-24 11:39:18,478 - INFO - Updated Master (ID: 1) login_status to '1': Master account logged in
2025-09-24 11:39:18,481 - INFO - Updated Master (ID: 1) can_order to '1': Master account reset after trading block
2025-09-24 11:39:18,481 - INFO - Master account reset to ready (was logged in)
2025-09-24 11:39:18,484 - INFO - Updated Child (ID: 2) login_status to '1': Child account logged in
2025-09-24 11:39:18,490 - INFO - Updated Child (ID: 2) can_order to '1': Child account reset after trading block
2025-09-24 11:39:18,491 - INFO - Child account reset to ready (was logged in)
2025-09-24 11:39:18,492 - INFO - Trading blocks reset while preserving login status
2025-09-24 11:39:18,503 - INFO - Updated Master (ID: 1) order info:   0@0.0
2025-09-24 11:39:18,517 - INFO - Cleared exit order info for Master (ID: 1)
2025-09-24 11:39:18,518 - INFO - Order information and exit order info cleared for Master account
2025-09-24 11:39:18,522 - INFO - Updated Child (ID: 2) order info:   0@0.0
2025-09-24 11:39:18,524 - INFO - Cleared exit order info for Child (ID: 2)
2025-09-24 11:39:18,525 - INFO - Order information and exit order info cleared for Child account
2025-09-24 11:39:18,525 - INFO - BUY button and Price box re-enabled for new orders
2025-09-24 11:39:18,528 - INFO - Trailing monitoring stopped
2025-09-24 11:39:18,529 - INFO - Trailing controls reset to initial state
2025-09-24 11:39:18,530 - INFO - SL/Target controls reset to initial state
2025-09-24 11:39:18,530 - INFO - Management buttons disabled until new orders are placed
2025-09-24 11:39:18,534 - INFO - Order status displays updated with client names
2025-09-24 11:39:18,535 - INFO - Monitoring stopped and timers cleared
2025-09-24 11:39:18,535 - INFO - System released - ready for new orders
2025-09-24 11:39:19,490 - INFO - Quote Received for Account 1: {'t': 'tf', 'e': 'BFO', 'tk': '841835', 'ft': '1758694113', 'sp1': '27.45', 'bq1': '720', 'sq1': '1080'}
2025-09-24 11:39:20,554 - INFO - Quote Received for Account 1: {'t': 'tf', 'e': 'BFO', 'tk': '841835', 'lp': '27.40', 'pc': '-82.84', 'ft': '1758694114', 'v': '28978640', 'bp1': '27.30', 'sp1': '27.40', 'bq1': '2480', 'sq1': '60'}
2025-09-24 11:39:20,555 - INFO - Live price updated: 27.40
2025-09-24 11:39:21,624 - INFO - Quote Received for Account 1: {'t': 'tf', 'e': 'BFO', 'tk': '841835', 'ft': '1758694115', 'v': '28979560', 'bp1': '27.35', 'sp1': '27.45', 'bq1': '960', 'sq1': '1460'}
2025-09-24 11:39:22,694 - INFO - Quote Received for Account 1: {'t': 'tf', 'e': 'BFO', 'tk': '841835', 'ft': '1758694116', 'v': '28979620', 'bp1': '27.40', 'sp1': '27.50', 'bq1': '380', 'sq1': '2020'}
2025-09-24 11:39:23,765 - INFO - Quote Received for Account 1: {'t': 'tf', 'e': 'BFO', 'tk': '841835', 'lp': '27.30', 'pc': '-82.91', 'ft': '1758694117', 'v': '28979680', 'bp1': '27.35', 'sp1': '27.45', 'bq1': '1220', 'sq1': '2400'}
2025-09-24 11:39:23,766 - INFO - Live price updated: 27.30
2025-09-24 11:39:24,852 - INFO - Quote Received for Account 1: {'t': 'tf', 'e': 'BFO', 'tk': '841835', 'lp': '27.40', 'pc': '-82.84', 'ft': '1758694118', 'v': '28980580', 'bp1': '27.30', 'sp1': '27.35', 'bq1': '580', 'sq1': '1020'}
2025-09-24 11:39:24,853 - INFO - Live price updated: 27.40
2025-09-24 11:39:25,908 - INFO - Quote Received for Account 1: {'t': 'tf', 'e': 'BFO', 'tk': '841835', 'lp': '27.20', 'pc': '-82.97', 'ft': '1758694120', 'ap': '36.70', 'v': '28984620', 'bp1': '27.20', 'sp1': '27.30', 'bq1': '720', 'sq1': '2000'}
2025-09-24 11:39:25,910 - INFO - Live price updated: 27.20
2025-09-24 11:39:26,978 - INFO - Quote Received for Account 1: {'t': 'tf', 'e': 'BFO', 'tk': '841835', 'lp': '27.40', 'pc': '-82.84', 'ft': '1758694121', 'v': '28989780', 'bp1': '27.35', 'sp1': '27.45', 'bq1': '1500', 'sq1': '2180'}
2025-09-24 11:39:26,981 - INFO - Live price updated: 27.40
2025-09-24 11:39:28,052 - INFO - Quote Received for Account 1: {'t': 'tf', 'e': 'BFO', 'tk': '841835', 'ft': '1758694122', 'bp1': '27.40', 'sp1': '27.50', 'bq1': '1440', 'sq1': '1520'}
2025-09-24 11:39:29,126 - INFO - Quote Received for Account 1: {'t': 'tf', 'e': 'BFO', 'tk': '841835', 'lp': '27.45', 'pc': '-82.81', 'ft': '1758694123', 'v': '28989920', 'bq1': '1020', 'sq1': '3420'}
2025-09-24 11:39:29,127 - INFO - Live price updated: 27.45
2025-09-24 11:39:30,192 - INFO - Quote Received for Account 1: {'t': 'tf', 'e': 'BFO', 'tk': '841835', 'ft': '1758694124', 'v': '28990920', 'bp1': '27.35', 'sp1': '27.45', 'bq1': '680', 'sq1': '2440'}
2025-09-24 11:39:31,270 - INFO - Quote Received for Account 1: {'t': 'tf', 'e': 'BFO', 'tk': '841835', 'lp': '27.20', 'pc': '-82.97', 'ft': '1758694125', 'v': '28991440', 'bp1': '27.15', 'sp1': '27.25', 'bq1': '1860', 'sq1': '940'}
2025-09-24 11:39:31,270 - INFO - Live price updated: 27.20
2025-09-24 11:39:32,338 - INFO - Quote Received for Account 1: {'t': 'tf', 'e': 'BFO', 'tk': '841835', 'lp': '27.55', 'pc': '-82.75', 'ft': '1758694126', 'v': '28994280', 'bp1': '27.40', 'sp1': '27.50', 'bq1': '2700', 'sq1': '1280'}
2025-09-24 11:39:32,348 - INFO - Live price updated: 27.55
2025-09-24 11:39:33,402 - INFO - Quote Received for Account 1: {'t': 'tf', 'e': 'BFO', 'tk': '841835', 'ft': '1758694127', 'v': '29000660', 'bp1': '27.45', 'sp1': '27.55', 'bq1': '1940', 'sq1': '1180'}
2025-09-24 11:39:34,518 - INFO - Quote Received for Account 1: {'t': 'tf', 'e': 'BFO', 'tk': '841835', 'lp': '27.60', 'pc': '-82.72', 'ft': '1758694128', 'v': '29001540', 'bp1': '27.60', 'sp1': '27.65', 'bq1': '20', 'sq1': '200'}
2025-09-24 11:39:34,520 - INFO - Live price updated: 27.60
2025-09-24 11:39:35,623 - INFO - Quote Received for Account 1: {'t': 'tf', 'e': 'BFO', 'tk': '841835', 'lp': '27.80', 'pc': '-82.59', 'ft': '1758694129', 'v': '29004900', 'bp1': '27.75', 'sp1': '27.80', 'bq1': '4500', 'sq1': '2960'}
2025-09-24 11:39:35,623 - INFO - Live price updated: 27.80
2025-09-24 11:39:36,658 - INFO - Quote Received for Account 1: {'t': 'tf', 'e': 'BFO', 'tk': '841835', 'ft': '1758694130', 'v': '29009020', 'bp1': '27.80', 'sp1': '27.90', 'bq1': '1940', 'sq1': '620'}
2025-09-24 11:39:37,725 - INFO - Quote Received for Account 1: {'t': 'tf', 'e': 'BFO', 'tk': '841835', 'lp': '27.70', 'pc': '-82.65', 'ft': '1758694131', 'v': '29009780', 'bp1': '27.70', 'sp1': '27.80', 'bq1': '1720', 'sq1': '2460'}
2025-09-24 11:39:37,727 - INFO - Live price updated: 27.70
2025-09-24 11:39:38,791 - INFO - Quote Received for Account 1: {'t': 'tf', 'e': 'BFO', 'tk': '841835', 'ft': '1758694132', 'v': '29010040', 'bp1': '27.60', 'sp1': '27.70', 'bq1': '3040', 'sq1': '940'}
2025-09-24 11:39:39,833 - INFO - Quote Received for Account 1: {'t': 'tf', 'e': 'BFO', 'tk': '841835', 'lp': '27.75', 'pc': '-82.62', 'ft': '1758694133', 'v': '29010200', 'bp1': '27.65', 'sp1': '27.75', 'bq1': '280', 'sq1': '2340'}
2025-09-24 11:39:39,848 - INFO - Live price updated: 27.75
2025-09-24 11:39:40,893 - INFO - Quote Received for Account 1: {'t': 'tf', 'e': 'BFO', 'tk': '841835', 'lp': '27.70', 'pc': '-82.65', 'ft': '1758694135', 'v': '29010680', 'bp1': '27.60', 'bq1': '1660', 'sq1': '2660'}
2025-09-24 11:39:40,893 - INFO - Live price updated: 27.70
2025-09-24 11:39:41,978 - INFO - Quote Received for Account 1: {'t': 'tf', 'e': 'BFO', 'tk': '841835', 'lp': '27.75', 'pc': '-82.62', 'ft': '1758694136', 'v': '29010980', 'bp1': '27.70', 'sp1': '27.80', 'bq1': '1040', 'sq1': '1600'}
2025-09-24 11:39:41,982 - INFO - Live price updated: 27.75
2025-09-24 11:39:43,055 - INFO - Quote Received for Account 1: {'t': 'tf', 'e': 'BFO', 'tk': '841835', 'lp': '27.80', 'pc': '-82.59', 'ft': '1758694137', 'v': '29012160', 'bp1': '27.65', 'bq1': '3900', 'sq1': '2320'}
2025-09-24 11:39:43,058 - INFO - Live price updated: 27.80
2025-09-24 11:39:44,125 - INFO - Quote Received for Account 1: {'t': 'tf', 'e': 'BFO', 'tk': '841835', 'lp': '27.85', 'pc': '-82.56', 'ft': '1758694138', 'ap': '36.69', 'v': '29013260', 'bp1': '27.75', 'sp1': '27.90', 'bq1': '4040', 'sq1': '4160'}
2025-09-24 11:39:44,125 - INFO - Live price updated: 27.85
2025-09-24 11:39:45,189 - INFO - Quote Received for Account 1: {'t': 'tf', 'e': 'BFO', 'tk': '841835', 'ft': '1758694139', 'v': '29013560', 'sp1': '27.85', 'bq1': '760', 'sq1': '1580'}
2025-09-24 11:39:46,254 - INFO - Quote Received for Account 1: {'t': 'tf', 'e': 'BFO', 'tk': '841835', 'ft': '1758694140', 'v': '29013720', 'bp1': '27.80', 'sp1': '27.90', 'bq1': '2080', 'sq1': '2780'}
2025-09-24 11:39:47,327 - INFO - Quote Received for Account 1: {'t': 'tf', 'e': 'BFO', 'tk': '841835', 'lp': '27.80', 'pc': '-82.59', 'ft': '1758694141', 'v': '29014520', 'bq1': '3120', 'sq1': '780'}
2025-09-24 11:39:47,330 - INFO - Live price updated: 27.80
2025-09-24 11:39:48,394 - INFO - Quote Received for Account 1: {'t': 'tf', 'e': 'BFO', 'tk': '841835', 'lp': '27.95', 'pc': '-82.50', 'ft': '1758694142', 'v': '29015240', 'bp1': '27.90', 'sp1': '28.00', 'bq1': '840', 'sq1': '4840'}
2025-09-24 11:39:48,394 - INFO - Live price updated: 27.95
2025-09-24 11:39:49,513 - INFO - Quote Received for Account 1: {'t': 'tf', 'e': 'BFO', 'tk': '841835', 'lp': '27.85', 'pc': '-82.56', 'ft': '1758694143', 'v': '29016560', 'bp1': '27.70', 'sp1': '27.75', 'bq1': '640', 'sq1': '500'}
2025-09-24 11:39:49,515 - INFO - Live price updated: 27.85
2025-09-24 11:39:50,572 - INFO - Quote Received for Account 1: {'t': 'tf', 'e': 'BFO', 'tk': '841835', 'ft': '1758694144', 'v': '29017340', 'bp1': '27.75', 'sp1': '27.90', 'bq1': '3240', 'sq1': '3440'}
2025-09-24 11:39:51,646 - INFO - Quote Received for Account 1: {'t': 'tf', 'e': 'BFO', 'tk': '841835', 'lp': '27.75', 'pc': '-82.62', 'ft': '1758694145', 'v': '29023540', 'sp1': '27.85', 'bq1': '3000', 'sq1': '460'}
2025-09-24 11:39:51,648 - INFO - Live price updated: 27.75
2025-09-24 11:39:52,756 - INFO - Quote Received for Account 1: {'t': 'tf', 'e': 'BFO', 'tk': '841835', 'lp': '27.95', 'pc': '-82.50', 'ft': '1758694146', 'v': '29025500', 'bp1': '27.90', 'sp1': '28.00', 'bq1': '180', 'sq1': '5560'}
2025-09-24 11:39:52,757 - INFO - Live price updated: 27.95
2025-09-24 11:39:53,788 - INFO - Quote Received for Account 1: {'t': 'tf', 'e': 'BFO', 'tk': '841835', 'lp': '27.90', 'pc': '-82.53', 'ft': '1758694147', 'v': '29025680', 'bp1': '27.85', 'sp1': '27.95', 'bq1': '3060', 'sq1': '280'}
2025-09-24 11:39:53,790 - INFO - Live price updated: 27.90
2025-09-24 11:39:54,868 - INFO - Quote Received for Account 1: {'t': 'tf', 'e': 'BFO', 'tk': '841835', 'lp': '28.00', 'pc': '-82.47', 'ft': '1758694148', 'v': '29028280', 'bp1': '28.05', 'sp1': '28.10', 'bq1': '340', 'sq1': '1220'}
2025-09-24 11:39:54,870 - INFO - Live price updated: 28.00
2025-09-24 11:39:55,940 - INFO - Quote Received for Account 1: {'t': 'tf', 'e': 'BFO', 'tk': '841835', 'lp': '28.30', 'pc': '-82.28', 'ft': '1758694150', 'v': '29029640', 'bp1': '28.25', 'sp1': '28.30', 'bq1': '780', 'sq1': '200'}
2025-09-24 11:39:55,941 - INFO - Live price updated: 28.30
2025-09-24 11:39:56,978 - INFO - Quote Received for Account 1: {'t': 'tf', 'e': 'BFO', 'tk': '841835', 'lp': '28.35', 'pc': '-82.25', 'ft': '1758694151', 'v': '29031660', 'sp1': '28.35', 'bq1': '720', 'sq1': '1820'}
2025-09-24 11:39:56,988 - INFO - Live price updated: 28.35
2025-09-24 11:39:58,052 - INFO - Quote Received for Account 1: {'t': 'tf', 'e': 'BFO', 'tk': '841835', 'lp': '28.30', 'pc': '-82.28', 'ft': '1758694152', 'v': '29037260', 'bp1': '28.20', 'sp1': '28.30', 'bq1': '300', 'sq1': '500'}
2025-09-24 11:39:58,054 - INFO - Live price updated: 28.30
2025-09-24 11:39:59,138 - INFO - Quote Received for Account 1: {'t': 'tf', 'e': 'BFO', 'tk': '841835', 'ft': '1758694153', 'v': '29039880', 'bp1': '28.25', 'sp1': '28.35', 'bq1': '2820', 'sq1': '780'}
2025-09-24 11:40:00,215 - INFO - Quote Received for Account 1: {'t': 'tf', 'e': 'BFO', 'tk': '841835', 'lp': '28.15', 'pc': '-82.37', 'ft': '1758694154', 'v': '29040940', 'bp1': '28.15', 'sp1': '28.25', 'bq1': '1420', 'sq1': '260'}
2025-09-24 11:40:00,217 - INFO - Live price updated: 28.15
2025-09-24 11:40:02,966 - INFO - Quote Received for Account 1: {'t': 'tf', 'e': 'BFO', 'tk': '841835', 'lp': '28.05', 'pc': '-82.44', 'ft': '1758694155', 'v': '29041000', 'bp1': '28.00', 'sp1': '28.05', 'bq1': '1800', 'sq1': '1360'}
2025-09-24 11:40:02,967 - INFO - Live price updated: 28.05
2025-09-24 11:40:04,035 - INFO - Quote Received for Account 1: {'t': 'tf', 'e': 'BFO', 'tk': '841835', 'lp': '28.25', 'pc': '-82.31', 'ft': '1758694156', 'v': '29042920', 'bp1': '28.15', 'sp1': '28.25', 'bq1': '1020', 'sq1': '3900'}
2025-09-24 11:40:04,037 - INFO - Live price updated: 28.25
2025-09-24 11:40:05,098 - INFO - Quote Received for Account 1: {'t': 'tf', 'e': 'BFO', 'tk': '841835', 'lp': '28.10', 'pc': '-82.40', 'ft': '1758694157', 'v': '29044220', 'bp1': '28.00', 'sp1': '28.10', 'bq1': '3220', 'sq1': '1540'}
2025-09-24 11:40:05,099 - INFO - Live price updated: 28.10
2025-09-24 11:40:06,165 - INFO - Quote Received for Account 1: {'t': 'tf', 'e': 'BFO', 'tk': '841835', 'lp': '28.30', 'pc': '-82.28', 'ft': '1758694158', 'v': '29044880', 'bp1': '28.35', 'sp1': '28.45', 'bq1': '460', 'sq1': '1420'}
2025-09-24 11:40:06,166 - INFO - Live price updated: 28.30
2025-09-24 11:40:07,228 - INFO - Quote Received for Account 1: {'t': 'tf', 'e': 'BFO', 'tk': '841835', 'lp': '28.35', 'pc': '-82.25', 'ft': '1758694159', 'v': '29045080', 'bq1': '1880', 'sq1': '360'}
2025-09-24 11:40:07,229 - INFO - Live price updated: 28.35
2025-09-24 11:40:08,305 - INFO - Quote Received for Account 1: {'t': 'tf', 'e': 'BFO', 'tk': '841835', 'lp': '28.75', 'pc': '-82.00', 'ft': '1758694160', 'ap': '36.68', 'v': '29047440', 'bp1': '28.75', 'sp1': '28.80', 'bq1': '360', 'sq1': '160'}
2025-09-24 11:40:08,307 - INFO - Live price updated: 28.75
2025-09-24 11:40:09,375 - INFO - Quote Received for Account 1: {'t': 'tf', 'e': 'BFO', 'tk': '841835', 'lp': '28.80', 'pc': '-81.97', 'ft': '1758694161', 'v': '29050560', 'bp1': '28.80', 'sp1': '28.90', 'bq1': '340', 'sq1': '3360'}
2025-09-24 11:40:09,375 - INFO - Live price updated: 28.80
2025-09-24 11:40:10,499 - INFO - Quote Received for Account 1: {'t': 'tf', 'e': 'BFO', 'tk': '841835', 'lp': '29.20', 'pc': '-81.72', 'ft': '1758694162', 'v': '29063520', 'bp1': '29.15', 'sp1': '29.25', 'bq1': '400', 'sq1': '400'}
2025-09-24 11:40:10,502 - INFO - Live price updated: 29.20
2025-09-24 11:40:11,562 - INFO - Quote Received for Account 1: {'t': 'tf', 'e': 'BFO', 'tk': '841835', 'lp': '29.05', 'pc': '-81.81', 'ft': '1758694163', 'v': '29068020', 'bp1': '28.95', 'sp1': '29.05', 'bq1': '540', 'sq1': '680'}
2025-09-24 11:40:11,565 - INFO - Live price updated: 29.05
2025-09-24 11:40:12,600 - INFO - Quote Received for Account 1: {'t': 'tf', 'e': 'BFO', 'tk': '841835', 'lp': '28.95', 'pc': '-81.87', 'ft': '1758694165', 'v': '29069160', 'bp1': '28.85', 'sp1': '28.95', 'bq1': '460', 'sq1': '980'}
2025-09-24 11:40:12,601 - INFO - Live price updated: 28.95
2025-09-24 11:40:13,657 - INFO - Quote Received for Account 1: {'t': 'tf', 'e': 'BFO', 'tk': '841835', 'lp': '29.15', 'pc': '-81.75', 'ft': '1758694166', 'v': '29069480', 'bp1': '29.00', 'sp1': '29.10', 'bq1': '1180', 'sq1': '1440'}
2025-09-24 11:40:13,660 - INFO - Live price updated: 29.15
2025-09-24 11:40:14,717 - INFO - Quote Received for Account 1: {'t': 'tf', 'e': 'BFO', 'tk': '841835', 'lp': '29.20', 'pc': '-81.72', 'ft': '1758694167', 'v': '29070940', 'bp1': '29.10', 'sp1': '29.20', 'bq1': '1460', 'sq1': '1300'}
2025-09-24 11:40:14,717 - INFO - Live price updated: 29.20
2025-09-24 11:40:15,797 - INFO - Quote Received for Account 1: {'t': 'tf', 'e': 'BFO', 'tk': '841835', 'lp': '29.10', 'pc': '-81.78', 'ft': '1758694168', 'v': '29072100', 'bp1': '29.05', 'sp1': '29.15', 'bq1': '540', 'sq1': '1360'}
2025-09-24 11:40:15,800 - INFO - Live price updated: 29.10
2025-09-24 11:40:16,872 - INFO - Quote Received for Account 1: {'t': 'tf', 'e': 'BFO', 'tk': '841835', 'lp': '29.15', 'pc': '-81.75', 'ft': '1758694169', 'v': '29073160', 'bp1': '29.20', 'sp1': '29.30', 'bq1': '340', 'sq1': '860'}
2025-09-24 11:40:16,872 - INFO - Live price updated: 29.15
2025-09-24 11:40:17,937 - INFO - Quote Received for Account 1: {'t': 'tf', 'e': 'BFO', 'tk': '841835', 'lp': '29.35', 'pc': '-81.62', 'ft': '1758694170', 'v': '29073760', 'bp1': '29.05', 'sp1': '29.15', 'bq1': '740', 'sq1': '1160'}
2025-09-24 11:40:17,937 - INFO - Live price updated: 29.35
2025-09-24 11:40:19,056 - INFO - Quote Received for Account 1: {'t': 'tf', 'e': 'BFO', 'tk': '841835', 'lp': '28.90', 'pc': '-81.90', 'ft': '1758694171', 'v': '29077080', 'bp1': '28.85', 'sp1': '28.95', 'bq1': '1400', 'sq1': '320'}
2025-09-24 11:40:19,058 - INFO - Live price updated: 28.90
2025-09-24 11:40:20,095 - INFO - Quote Received for Account 1: {'t': 'tf', 'e': 'BFO', 'tk': '841835', 'lp': '28.80', 'pc': '-81.97', 'ft': '1758694172', 'v': '29077320', 'bp1': '28.80', 'sp1': '28.90', 'bq1': '2780', 'sq1': '520'}
2025-09-24 11:40:20,097 - INFO - Live price updated: 28.80
2025-09-24 11:40:21,170 - INFO - Quote Received for Account 1: {'t': 'tf', 'e': 'BFO', 'tk': '841835', 'lp': '29.10', 'pc': '-81.78', 'ft': '1758694173', 'v': '29083560', 'bp1': '29.00', 'sp1': '29.10', 'bq1': '1220', 'sq1': '980'}
2025-09-24 11:40:21,172 - INFO - Live price updated: 29.10
2025-09-24 11:40:22,226 - INFO - Quote Received for Account 1: {'t': 'tf', 'e': 'BFO', 'tk': '841835', 'lp': '28.85', 'pc': '-81.93', 'ft': '1758694174', 'ap': '36.67', 'v': '29084180', 'bp1': '28.80', 'sp1': '28.90', 'bq1': '920', 'sq1': '160'}
2025-09-24 11:40:22,228 - INFO - Live price updated: 28.85
2025-09-24 11:40:23,300 - INFO - Quote Received for Account 1: {'t': 'tf', 'e': 'BFO', 'tk': '841835', 'ft': '1758694175', 'v': '29088840', 'bq1': '100', 'sq1': '1900'}
2025-09-24 11:40:24,390 - INFO - Quote Received for Account 1: {'t': 'tf', 'e': 'BFO', 'tk': '841835', 'lp': '28.90', 'pc': '-81.90', 'ft': '1758694176', 'v': '29091140', 'bp1': '28.85', 'sp1': '28.95', 'bq1': '560', 'sq1': '1560'}
2025-09-24 11:40:24,396 - INFO - Live price updated: 28.90
2025-09-24 11:40:25,463 - INFO - Quote Received for Account 1: {'t': 'tf', 'e': 'BFO', 'tk': '841835', 'lp': '29.00', 'pc': '-81.84', 'ft': '1758694177', 'v': '29093140', 'bp1': '28.95', 'sp1': '29.05', 'bq1': '1580', 'sq1': '1020'}
2025-09-24 11:40:25,465 - INFO - Live price updated: 29.00
2025-09-24 11:40:26,520 - INFO - Quote Received for Account 1: {'t': 'tf', 'e': 'BFO', 'tk': '841835', 'lp': '29.20', 'pc': '-81.72', 'ft': '1758694178', 'v': '29097080', 'bp1': '29.10', 'sp1': '29.25', 'bq1': '2220', 'sq1': '1180'}
2025-09-24 11:40:26,520 - INFO - Live price updated: 29.20
2025-09-24 11:40:27,606 - INFO - Quote Received for Account 1: {'t': 'tf', 'e': 'BFO', 'tk': '841835', 'lp': '29.05', 'pc': '-81.81', 'ft': '1758694180', 'v': '29098020', 'bp1': '29.05', 'sp1': '29.10', 'bq1': '1460', 'sq1': '400'}
2025-09-24 11:40:27,607 - INFO - Live price updated: 29.05
2025-09-24 11:40:28,681 - INFO - Quote Received for Account 1: {'t': 'tf', 'e': 'BFO', 'tk': '841835', 'lp': '29.20', 'pc': '-81.72', 'ft': '1758694181', 'v': '29101080', 'bp1': '29.15', 'sp1': '29.25', 'bq1': '200', 'sq1': '1060'}
2025-09-24 11:40:28,682 - INFO - Live price updated: 29.20
2025-09-24 11:40:29,768 - INFO - Quote Received for Account 1: {'t': 'tf', 'e': 'BFO', 'tk': '841835', 'lp': '29.35', 'pc': '-81.62', 'ft': '1758694182', 'v': '29105480', 'bp1': '29.20', 'sp1': '29.30', 'bq1': '1300', 'sq1': '1340'}
2025-09-24 11:40:29,769 - INFO - Live price updated: 29.35
2025-09-24 11:40:30,800 - INFO - Quote Received for Account 1: {'t': 'tf', 'e': 'BFO', 'tk': '841835', 'lp': '29.40', 'pc': '-81.59', 'ft': '1758694183', 'v': '29109140', 'bp1': '29.35', 'sp1': '29.50', 'bq1': '2700', 'sq1': '1600'}
2025-09-24 11:40:30,802 - INFO - Live price updated: 29.40
2025-09-24 11:40:31,867 - INFO - Quote Received for Account 1: {'t': 'tf', 'e': 'BFO', 'tk': '841835', 'lp': '29.25', 'pc': '-81.68', 'ft': '1758694184', 'v': '29111480', 'bp1': '29.25', 'sp1': '29.35', 'bq1': '500', 'sq1': '680'}
2025-09-24 11:40:31,867 - INFO - Live price updated: 29.25
2025-09-24 11:40:32,936 - INFO - Quote Received for Account 1: {'t': 'tf', 'e': 'BFO', 'tk': '841835', 'lp': '29.10', 'pc': '-81.78', 'ft': '1758694185', 'v': '29112240', 'bp1': '29.15', 'sp1': '29.25', 'bq1': '1340', 'sq1': '540'}
2025-09-24 11:40:32,937 - INFO - Live price updated: 29.10
2025-09-24 11:40:34,013 - INFO - Quote Received for Account 1: {'t': 'tf', 'e': 'BFO', 'tk': '841835', 'ft': '1758694186', 'v': '29114180', 'bp1': '29.05', 'sp1': '29.15', 'bq1': '1200', 'sq1': '460'}
2025-09-24 11:40:35,082 - INFO - Quote Received for Account 1: {'t': 'tf', 'e': 'BFO', 'tk': '841835', 'lp': '29.05', 'pc': '-81.81', 'ft': '1758694187', 'v': '29115660', 'bp1': '29.10', 'sp1': '29.20', 'bq1': '980', 'sq1': '1280'}
2025-09-24 11:40:35,085 - INFO - Live price updated: 29.05
2025-09-24 11:40:36,151 - INFO - Quote Received for Account 1: {'t': 'tf', 'e': 'BFO', 'tk': '841835', 'lp': '29.30', 'pc': '-81.65', 'ft': '1758694188', 'v': '29115960', 'bp1': '29.30', 'sp1': '29.40', 'bq1': '1180', 'sq1': '1540'}
2025-09-24 11:40:36,153 - INFO - Live price updated: 29.30
2025-09-24 11:40:37,231 - INFO - Quote Received for Account 1: {'t': 'tf', 'e': 'BFO', 'tk': '841835', 'lp': '29.20', 'pc': '-81.72', 'ft': '1758694189', 'v': '29122020', 'bp1': '29.20', 'sp1': '29.35', 'bq1': '2760', 'sq1': '1620'}
2025-09-24 11:40:37,232 - INFO - Live price updated: 29.20
2025-09-24 11:40:38,297 - INFO - Quote Received for Account 1: {'t': 'tf', 'e': 'BFO', 'tk': '841835', 'lp': '29.40', 'pc': '-81.59', 'ft': '1758694190', 'ap': '36.66', 'v': '29124980', 'bp1': '29.35', 'sp1': '29.45', 'bq1': '1000', 'sq1': '380'}
2025-09-24 11:40:38,300 - INFO - Live price updated: 29.40
2025-09-24 11:40:39,394 - INFO - Quote Received for Account 1: {'t': 'tf', 'e': 'BFO', 'tk': '841835', 'lp': '29.45', 'pc': '-81.56', 'ft': '1758694191', 'v': '29126240', 'bp1': '29.25', 'sp1': '29.40', 'bq1': '1580', 'sq1': '1120'}
2025-09-24 11:40:39,395 - INFO - Live price updated: 29.45
2025-09-24 11:40:40,438 - INFO - Quote Received for Account 1: {'t': 'tf', 'e': 'BFO', 'tk': '841835', 'lp': '29.35', 'pc': '-81.62', 'ft': '1758694192', 'v': '29126700', 'bp1': '29.35', 'sp1': '29.45', 'bq1': '920', 'sq1': '1500'}
2025-09-24 11:40:40,440 - INFO - Live price updated: 29.35
2025-09-24 11:40:41,507 - INFO - Quote Received for Account 1: {'t': 'tf', 'e': 'BFO', 'tk': '841835', 'lp': '29.55', 'pc': '-81.50', 'ft': '1758694193', 'v': '29131380', 'bp1': '29.45', 'sp1': '29.60', 'bq1': '1640', 'sq1': '1600'}
2025-09-24 11:40:41,509 - INFO - Live price updated: 29.55
2025-09-24 11:40:42,581 - INFO - Quote Received for Account 1: {'t': 'tf', 'e': 'BFO', 'tk': '841835', 'ft': '1758694195', 'v': '29134180', 'bp1': '29.50', 'bq1': '240', 'sq1': '840'}
2025-09-24 11:40:43,659 - INFO - Quote Received for Account 1: {'t': 'tf', 'e': 'BFO', 'tk': '841835', 'ft': '1758694196', 'v': '29134280', 'bq1': '1360', 'sq1': '400'}
2025-09-24 11:40:44,724 - INFO - Quote Received for Account 1: {'t': 'tf', 'e': 'BFO', 'tk': '841835', 'lp': '29.40', 'pc': '-81.59', 'ft': '1758694197', 'v': '29135820', 'bp1': '29.40', 'sp1': '29.50', 'bq1': '380', 'sq1': '200'}
2025-09-24 11:40:44,724 - INFO - Live price updated: 29.40
2025-09-24 11:40:45,790 - INFO - Quote Received for Account 1: {'t': 'tf', 'e': 'BFO', 'tk': '841835', 'lp': '29.30', 'pc': '-81.65', 'ft': '1758694198', 'v': '29138700', 'bp1': '29.25', 'sp1': '29.35', 'bq1': '700', 'sq1': '100'}
2025-09-24 11:40:45,790 - INFO - Live price updated: 29.30
2025-09-24 11:40:46,862 - INFO - Quote Received for Account 1: {'t': 'tf', 'e': 'BFO', 'tk': '841835', 'lp': '29.40', 'pc': '-81.59', 'ft': '1758694199', 'v': '29140820', 'bp1': '29.35', 'sp1': '29.45', 'bq1': '20', 'sq1': '1360'}
2025-09-24 11:40:46,863 - INFO - Live price updated: 29.40
2025-09-24 11:40:47,936 - INFO - Quote Received for Account 1: {'t': 'tf', 'e': 'BFO', 'tk': '841835', 'lp': '29.45', 'pc': '-81.56', 'ft': '1758694200', 'v': '29143700', 'bp1': '29.45', 'sp1': '29.55', 'bq1': '200', 'sq1': '560'}
2025-09-24 11:40:47,938 - INFO - Live price updated: 29.45
2025-09-24 11:40:49,004 - INFO - Quote Received for Account 1: {'t': 'tf', 'e': 'BFO', 'tk': '841835', 'lp': '29.40', 'pc': '-81.59', 'ft': '1758694201', 'v': '29144880', 'bp1': '29.40', 'sp1': '29.50', 'bq1': '900', 'sq1': '440'}
2025-09-24 11:40:49,005 - INFO - Live price updated: 29.40
2025-09-24 11:40:50,076 - INFO - Quote Received for Account 1: {'t': 'tf', 'e': 'BFO', 'tk': '841835', 'lp': '29.35', 'pc': '-81.62', 'ft': '1758694202', 'v': '29146280', 'bp1': '29.35', 'sp1': '29.45', 'bq1': '920', 'sq1': '960'}
2025-09-24 11:40:50,078 - INFO - Live price updated: 29.35
2025-09-24 11:40:51,146 - INFO - Quote Received for Account 1: {'t': 'tf', 'e': 'BFO', 'tk': '841835', 'lp': '29.60', 'pc': '-81.47', 'ft': '1758694203', 'v': '29147740', 'bp1': '29.45', 'sp1': '29.55', 'bq1': '200', 'sq1': '1660'}
2025-09-24 11:40:51,148 - INFO - Live price updated: 29.60
2025-09-24 11:40:52,218 - INFO - Quote Received for Account 1: {'t': 'tf', 'e': 'BFO', 'tk': '841835', 'lp': '29.70', 'pc': '-81.40', 'ft': '1758694204', 'v': '29147900', 'bp1': '29.60', 'sp1': '29.65', 'bq1': '980', 'sq1': '40'}
2025-09-24 11:40:52,220 - INFO - Live price updated: 29.70
2025-09-24 11:40:53,289 - INFO - Quote Received for Account 1: {'t': 'tf', 'e': 'BFO', 'tk': '841835', 'lp': '29.80', 'pc': '-81.34', 'ft': '1758694205', 'v': '29152480', 'bp1': '29.65', 'sp1': '29.75', 'bq1': '1320', 'sq1': '420'}
2025-09-24 11:40:53,291 - INFO - Live price updated: 29.80
2025-09-24 11:40:54,370 - INFO - Quote Received for Account 1: {'t': 'tf', 'e': 'BFO', 'tk': '841835', 'lp': '29.85', 'pc': '-81.31', 'ft': '1758694206', 'v': '29153380', 'bp1': '29.70', 'sp1': '29.80', 'bq1': '2100', 'sq1': '1840'}
2025-09-24 11:40:54,371 - INFO - Live price updated: 29.85
2025-09-24 11:40:55,431 - INFO - Quote Received for Account 1: {'t': 'tf', 'e': 'BFO', 'tk': '841835', 'lp': '29.65', 'pc': '-81.43', 'ft': '1758694207', 'v': '29154480', 'bp1': '29.55', 'sp1': '29.60', 'bq1': '440', 'sq1': '40'}
2025-09-24 11:40:55,432 - INFO - Live price updated: 29.65
2025-09-24 11:40:56,502 - INFO - Quote Received for Account 1: {'t': 'tf', 'e': 'BFO', 'tk': '841835', 'ft': '1758694208', 'v': '29154680', 'bp1': '29.70', 'sp1': '29.75', 'bq1': '180'}
2025-09-24 11:40:57,574 - INFO - Quote Received for Account 1: {'t': 'tf', 'e': 'BFO', 'tk': '841835', 'lp': '29.80', 'pc': '-81.34', 'ft': '1758694209', 'v': '29157840', 'bp1': '29.75', 'sp1': '29.85', 'bq1': '1580', 'sq1': '1760'}
2025-09-24 11:40:57,576 - INFO - Live price updated: 29.80
2025-09-24 11:40:58,645 - INFO - Quote Received for Account 1: {'t': 'tf', 'e': 'BFO', 'tk': '841835', 'ft': '1758694211', 'v': '29158820', 'bp1': '29.70', 'sp1': '29.80', 'bq1': '1900', 'sq1': '560'}
2025-09-24 11:40:59,708 - INFO - Quote Received for Account 1: {'t': 'tf', 'e': 'BFO', 'tk': '841835', 'lp': '29.85', 'pc': '-81.31', 'ft': '1758694212', 'v': '29159960', 'sp1': '29.85', 'bq1': '1180', 'sq1': '2040'}
2025-09-24 11:40:59,708 - INFO - Live price updated: 29.85
2025-09-24 11:41:00,795 - INFO - Quote Received for Account 1: {'t': 'tf', 'e': 'BFO', 'tk': '841835', 'ft': '1758694213', 'v': '29161300', 'bp1': '29.80', 'sp1': '29.90', 'bq1': '40', 'sq1': '2840'}
2025-09-24 11:41:01,868 - INFO - Quote Received for Account 1: {'t': 'tf', 'e': 'BFO', 'tk': '841835', 'lp': '29.75', 'pc': '-81.37', 'ft': '1758694214', 'v': '29162880', 'bq1': '540', 'sq1': '1360'}
2025-09-24 11:41:01,869 - INFO - Live price updated: 29.75
2025-09-24 11:41:02,939 - INFO - Quote Received for Account 1: {'t': 'tf', 'e': 'BFO', 'tk': '841835', 'lp': '29.85', 'pc': '-81.31', 'ft': '1758694215', 'v': '29163000', 'bq1': '800', 'sq1': '1200'}
2025-09-24 11:41:02,940 - INFO - Live price updated: 29.85
2025-09-24 11:41:04,009 - INFO - Quote Received for Account 1: {'t': 'tf', 'e': 'BFO', 'tk': '841835', 'lp': '29.55', 'pc': '-81.50', 'ft': '1758694216', 'ap': '36.65', 'v': '29166240', 'bp1': '29.50', 'sp1': '29.60', 'bq1': '180', 'sq1': '660'}
2025-09-24 11:41:04,011 - INFO - Live price updated: 29.55
2025-09-24 11:41:05,081 - INFO - Quote Received for Account 1: {'t': 'tf', 'e': 'BFO', 'tk': '841835', 'lp': '29.60', 'pc': '-81.47', 'ft': '1758694217', 'v': '29166260', 'bp1': '29.65', 'sp1': '29.70', 'bq1': '460', 'sq1': '920'}
2025-09-24 11:41:05,083 - INFO - Live price updated: 29.60
2025-09-24 11:41:06,158 - INFO - Quote Received for Account 1: {'t': 'tf', 'e': 'BFO', 'tk': '841835', 'lp': '29.40', 'pc': '-81.59', 'ft': '1758694218', 'v': '29175380', 'bp1': '29.40', 'sp1': '29.55', 'bq1': '1780', 'sq1': '1640'}
2025-09-24 11:41:06,160 - INFO - Live price updated: 29.40
2025-09-24 11:41:07,226 - INFO - Quote Received for Account 1: {'t': 'tf', 'e': 'BFO', 'tk': '841835', 'lp': '29.55', 'pc': '-81.50', 'ft': '1758694219', 'v': '29178000', 'bp1': '29.45', 'sp1': '29.50', 'bq1': '200', 'sq1': '240'}
2025-09-24 11:41:07,228 - INFO - Live price updated: 29.55
2025-09-24 11:41:08,275 - INFO - Quote Received for Account 1: {'t': 'tf', 'e': 'BFO', 'tk': '841835', 'lp': '29.50', 'pc': '-81.53', 'ft': '1758694220', 'v': '29179420', 'bp1': '29.35', 'sp1': '29.45', 'bq1': '1960', 'sq1': '520'}
2025-09-24 11:41:08,287 - INFO - Live price updated: 29.50
2025-09-24 11:41:09,356 - INFO - Quote Received for Account 1: {'t': 'tf', 'e': 'BFO', 'tk': '841835', 'ft': '1758694221', 'v': '29179740', 'bp1': '29.40', 'sp1': '29.55', 'bq1': '2240', 'sq1': '1640'}
2025-09-24 11:41:10,426 - INFO - Quote Received for Account 1: {'t': 'tf', 'e': 'BFO', 'tk': '841835', 'ft': '1758694222', 'v': '29180540', 'bp1': '29.45', 'sp1': '29.60', 'bq1': '2320', 'sq1': '1360'}
2025-09-24 11:41:11,511 - INFO - Quote Received for Account 1: {'t': 'tf', 'e': 'BFO', 'tk': '841835', 'lp': '29.30', 'pc': '-81.65', 'ft': '1758694223', 'v': '29183620', 'bp1': '29.30', 'sp1': '29.40', 'sq1': '540'}
2025-09-24 11:41:11,511 - INFO - Live price updated: 29.30
2025-09-24 11:41:12,582 - INFO - Quote Received for Account 1: {'t': 'tf', 'e': 'BFO', 'tk': '841835', 'lp': '29.25', 'pc': '-81.68', 'ft': '1758694225', 'v': '29194220', 'bp1': '29.10', 'sp1': '29.20', 'bq1': '3140', 'sq1': '140'}
2025-09-24 11:41:12,585 - INFO - Live price updated: 29.25
2025-09-24 11:41:13,641 - INFO - Quote Received for Account 1: {'t': 'tf', 'e': 'BFO', 'tk': '841835', 'lp': '29.15', 'pc': '-81.75', 'ft': '1758694226', 'v': '29195540', 'bq1': '1060', 'sq1': '3600'}
2025-09-24 11:41:13,642 - INFO - Live price updated: 29.15
2025-09-24 11:41:14,709 - INFO - Quote Received for Account 1: {'t': 'tf', 'e': 'BFO', 'tk': '841835', 'lp': '29.00', 'pc': '-81.84', 'ft': '1758694227', 'v': '29201100', 'bp1': '29.00', 'sp1': '29.10', 'bq1': '660', 'sq1': '920'}
2025-09-24 11:41:14,709 - INFO - Live price updated: 29.00
2025-09-24 11:41:15,783 - INFO - Quote Received for Account 1: {'t': 'tf', 'e': 'BFO', 'tk': '841835', 'ft': '1758694228', 'ap': '36.64', 'v': '29207820', 'bp1': '28.90', 'sp1': '29.00', 'sq1': '1120'}
2025-09-24 11:41:16,851 - INFO - Quote Received for Account 1: {'t': 'tf', 'e': 'BFO', 'tk': '841835', 'lp': '29.05', 'pc': '-81.81', 'ft': '1758694229', 'v': '29213820', 'bp1': '29.00', 'sp1': '29.05', 'bq1': '1260', 'sq1': '20'}
2025-09-24 11:41:16,852 - INFO - Live price updated: 29.05
2025-09-24 11:41:17,925 - INFO - Quote Received for Account 1: {'t': 'tf', 'e': 'BFO', 'tk': '841835', 'lp': '29.15', 'pc': '-81.75', 'ft': '1758694230', 'v': '29215900', 'bp1': '29.10', 'sp1': '29.20', 'bq1': '2800', 'sq1': '220'}
2025-09-24 11:41:17,927 - INFO - Live price updated: 29.15
2025-09-24 11:41:18,994 - INFO - Quote Received for Account 1: {'t': 'tf', 'e': 'BFO', 'tk': '841835', 'lp': '29.45', 'pc': '-81.56', 'ft': '1758694231', 'v': '29218720', 'bp1': '29.45', 'sp1': '29.55', 'bq1': '2560', 'sq1': '880'}
2025-09-24 11:41:18,994 - INFO - Live price updated: 29.45
2025-09-24 11:41:20,068 - INFO - Quote Received for Account 1: {'t': 'tf', 'e': 'BFO', 'tk': '841835', 'lp': '29.55', 'pc': '-81.50', 'ft': '1758694232', 'v': '29219300', 'bp1': '29.50', 'bq1': '440', 'sq1': '200'}
2025-09-24 11:41:20,069 - INFO - Live price updated: 29.55
2025-09-24 11:41:21,141 - INFO - Quote Received for Account 1: {'t': 'tf', 'e': 'BFO', 'tk': '841835', 'lp': '29.45', 'pc': '-81.56', 'ft': '1758694233', 'v': '29220220', 'bp1': '29.35', 'sp1': '29.45', 'bq1': '2860', 'sq1': '600'}
2025-09-24 11:41:21,150 - INFO - Live price updated: 29.45
2025-09-24 11:41:22,205 - INFO - Quote Received for Account 1: {'t': 'tf', 'e': 'BFO', 'tk': '841835', 'lp': '29.20', 'pc': '-81.72', 'ft': '1758694234', 'v': '29224700', 'bp1': '29.25', 'sp1': '29.35', 'bq1': '1280', 'sq1': '540'}
2025-09-24 11:41:22,207 - INFO - Live price updated: 29.20
2025-09-24 11:41:23,278 - INFO - Quote Received for Account 1: {'t': 'tf', 'e': 'BFO', 'tk': '841835', 'ft': '1758694235', 'v': '29233740', 'bp1': '29.20', 'sp1': '29.30', 'bq1': '2700', 'sq1': '340'}
2025-09-24 11:41:24,348 - INFO - Quote Received for Account 1: {'t': 'tf', 'e': 'BFO', 'tk': '841835', 'lp': '29.50', 'pc': '-81.53', 'ft': '1758694236', 'v': '29238400', 'bp1': '29.40', 'sp1': '29.55', 'bq1': '3160', 'sq1': '2520'}
2025-09-24 11:41:24,349 - INFO - Live price updated: 29.50
2025-09-24 11:41:25,418 - INFO - Quote Received for Account 1: {'t': 'tf', 'e': 'BFO', 'tk': '841835', 'lp': '29.55', 'pc': '-81.50', 'ft': '1758694237', 'v': '29238980', 'bp1': '29.55', 'sp1': '29.65', 'bq1': '700', 'sq1': '1900'}
2025-09-24 11:41:25,422 - INFO - Live price updated: 29.55
2025-09-24 11:41:26,490 - INFO - Quote Received for Account 1: {'t': 'tf', 'e': 'BFO', 'tk': '841835', 'lp': '29.35', 'pc': '-81.62', 'ft': '1758694238', 'v': '29239300', 'bp1': '29.40', 'sp1': '29.45', 'bq1': '280', 'sq1': '1000'}
2025-09-24 11:41:26,491 - INFO - Live price updated: 29.35
2025-09-24 11:41:27,560 - INFO - Quote Received for Account 1: {'t': 'tf', 'e': 'BFO', 'tk': '841835', 'lp': '29.45', 'pc': '-81.56', 'ft': '1758694239', 'v': '29240660', 'bp1': '29.35', 'bq1': '2320', 'sq1': '240'}
2025-09-24 11:41:27,561 - INFO - Live price updated: 29.45
2025-09-24 11:41:28,635 - INFO - Quote Received for Account 1: {'t': 'tf', 'e': 'BFO', 'tk': '841835', 'lp': '29.35', 'pc': '-81.62', 'ft': '1758694241', 'v': '29241040', 'bp1': '29.30', 'sp1': '29.40', 'bq1': '1460', 'sq1': '280'}
2025-09-24 11:41:28,639 - INFO - Live price updated: 29.35
2025-09-24 11:41:29,706 - INFO - Quote Received for Account 1: {'t': 'tf', 'e': 'BFO', 'tk': '841835', 'lp': '29.45', 'pc': '-81.56', 'ft': '1758694242', 'ap': '36.63', 'v': '29247260', 'sp1': '29.45', 'bq1': '640', 'sq1': '1900'}
2025-09-24 11:41:29,709 - INFO - Live price updated: 29.45
2025-09-24 11:41:30,773 - INFO - Quote Received for Account 1: {'t': 'tf', 'e': 'BFO', 'tk': '841835', 'lp': '29.00', 'pc': '-81.84', 'ft': '1758694243', 'v': '29249920', 'bp1': '29.05', 'sp1': '29.15', 'bq1': '760', 'sq1': '320'}
2025-09-24 11:41:30,777 - INFO - Live price updated: 29.00
2025-09-24 11:41:31,844 - INFO - Quote Received for Account 1: {'t': 'tf', 'e': 'BFO', 'tk': '841835', 'lp': '29.10', 'pc': '-81.78', 'ft': '1758694244', 'v': '29250180', 'bq1': '140', 'sq1': '2500'}
2025-09-24 11:41:31,846 - INFO - Live price updated: 29.10
2025-09-24 11:41:32,915 - INFO - Quote Received for Account 1: {'t': 'tf', 'e': 'BFO', 'tk': '841835', 'ft': '1758694245', 'v': '29250240', 'bp1': '29.00', 'bq1': '4020', 'sq1': '3900'}
2025-09-24 11:41:33,988 - INFO - Quote Received for Account 1: {'t': 'tf', 'e': 'BFO', 'tk': '841835', 'ft': '1758694246', 'v': '29254140', 'bp1': '29.10', 'sp1': '29.25', 'bq1': '3320', 'sq1': '1180'}
2025-09-24 11:41:35,064 - INFO - Quote Received for Account 1: {'t': 'tf', 'e': 'BFO', 'tk': '841835', 'ft': '1758694247', 'v': '29260200', 'bq1': '1660', 'sq1': '1220'}
2025-09-24 11:41:36,156 - INFO - Quote Received for Account 1: {'t': 'tf', 'e': 'BFO', 'tk': '841835', 'lp': '29.05', 'pc': '-81.81', 'ft': '1758694248', 'v': '29261360', 'bp1': '29.00', 'sp1': '29.15', 'bq1': '4380', 'sq1': '2480'}
2025-09-24 11:41:36,159 - INFO - Live price updated: 29.05
2025-09-24 11:41:37,250 - INFO - Quote Received for Account 1: {'t': 'tf', 'e': 'BFO', 'tk': '841835', 'lp': '29.00', 'pc': '-81.84', 'ft': '1758694249', 'v': '29265460', 'sp1': '29.05', 'bq1': '300', 'sq1': '420'}
2025-09-24 11:41:37,252 - INFO - Live price updated: 29.00
2025-09-24 11:41:38,270 - INFO - Quote Received for Account 1: {'t': 'tf', 'e': 'BFO', 'tk': '841835', 'lp': '29.10', 'pc': '-81.78', 'ft': '1758694250', 'v': '29276140', 'sp1': '29.10', 'bq1': '360', 'sq1': '2200'}
2025-09-24 11:41:38,271 - INFO - Live price updated: 29.10
2025-09-24 11:41:39,341 - INFO - Quote Received for Account 1: {'t': 'tf', 'e': 'BFO', 'tk': '841835', 'lp': '29.05', 'pc': '-81.81', 'ft': '1758694251', 'v': '29278380', 'bp1': '28.95', 'sp1': '29.05', 'bq1': '2920', 'sq1': '240'}
2025-09-24 11:41:39,343 - INFO - Live price updated: 29.05
2025-09-24 11:41:40,413 - INFO - Quote Received for Account 1: {'t': 'tf', 'e': 'BFO', 'tk': '841835', 'lp': '28.90', 'pc': '-81.90', 'ft': '1758694252', 'v': '29279840', 'bp1': '28.90', 'sp1': '29.00', 'bq1': '1180', 'sq1': '2860'}
2025-09-24 11:41:40,414 - INFO - Live price updated: 28.90
2025-09-24 11:41:41,486 - INFO - Quote Received for Account 1: {'t': 'tf', 'e': 'BFO', 'tk': '841835', 'lp': '28.45', 'pc': '-82.19', 'ft': '1758694253', 'ap': '36.62', 'v': '29284960', 'bp1': '28.45', 'sp1': '28.60', 'bq1': '1200', 'sq1': '3120'}
2025-09-24 11:41:41,489 - INFO - Live price updated: 28.45
2025-09-24 11:41:42,559 - INFO - Quote Received for Account 1: {'t': 'tf', 'e': 'BFO', 'tk': '841835', 'lp': '28.65', 'pc': '-82.06', 'ft': '1758694254', 'v': '29288060', 'bp1': '28.55', 'sp1': '28.65', 'bq1': '20', 'sq1': '1220'}
2025-09-24 11:41:42,564 - INFO - Live price updated: 28.65
2025-09-24 11:41:43,626 - INFO - Quote Received for Account 1: {'t': 'tf', 'e': 'BFO', 'tk': '841835', 'lp': '28.80', 'pc': '-81.97', 'ft': '1758694256', 'v': '29288860', 'bp1': '28.80', 'sp1': '28.90', 'bq1': '640', 'sq1': '1960'}
2025-09-24 11:41:43,631 - INFO - Live price updated: 28.80
2025-09-24 11:41:44,706 - INFO - Quote Received for Account 1: {'t': 'tf', 'e': 'BFO', 'tk': '841835', 'lp': '29.15', 'pc': '-81.75', 'ft': '1758694257', 'v': '29299200', 'bp1': '29.05', 'sp1': '29.15', 'bq1': '2480', 'sq1': '660'}
2025-09-24 11:41:44,708 - INFO - Live price updated: 29.15
2025-09-24 11:41:45,768 - INFO - Quote Received for Account 1: {'t': 'tf', 'e': 'BFO', 'tk': '841835', 'lp': '28.90', 'pc': '-81.90', 'ft': '1758694258', 'v': '29299780', 'bp1': '28.75', 'sp1': '28.90', 'bq1': '1940', 'sq1': '1320'}
2025-09-24 11:41:45,768 - INFO - Live price updated: 28.90
2025-09-24 11:41:46,846 - INFO - Quote Received for Account 1: {'t': 'tf', 'e': 'BFO', 'tk': '841835', 'lp': '29.20', 'pc': '-81.72', 'ft': '1758694259', 'v': '29302500', 'bp1': '29.05', 'sp1': '29.15', 'bq1': '1840', 'sq1': '840'}
2025-09-24 11:41:46,849 - INFO - Live price updated: 29.20
2025-09-24 11:41:47,911 - INFO - Quote Received for Account 1: {'t': 'tf', 'e': 'BFO', 'tk': '841835', 'lp': '29.30', 'pc': '-81.65', 'ft': '1758694260', 'v': '29304000', 'bp1': '29.25', 'sp1': '29.35', 'bq1': '1100', 'sq1': '1700'}
2025-09-24 11:41:47,914 - INFO - Live price updated: 29.30
2025-09-24 11:41:48,980 - INFO - Quote Received for Account 1: {'t': 'tf', 'e': 'BFO', 'tk': '841835', 'lp': '29.25', 'pc': '-81.68', 'ft': '1758694261', 'v': '29305100', 'sp1': '29.30', 'bq1': '100', 'sq1': '1520'}
2025-09-24 11:41:48,982 - INFO - Live price updated: 29.25
2025-09-24 11:41:50,056 - INFO - Quote Received for Account 1: {'t': 'tf', 'e': 'BFO', 'tk': '841835', 'lp': '29.10', 'pc': '-81.78', 'ft': '1758694262', 'v': '29305580', 'bp1': '29.00', 'sp1': '29.10', 'bq1': '2020', 'sq1': '1140'}
2025-09-24 11:41:50,057 - INFO - Live price updated: 29.10
2025-09-24 11:41:51,126 - INFO - Quote Received for Account 1: {'t': 'tf', 'e': 'BFO', 'tk': '841835', 'lp': '28.85', 'pc': '-81.93', 'ft': '1758694263', 'v': '29306000', 'bp1': '28.70', 'sp1': '28.80', 'bq1': '1440', 'sq1': '2180'}
2025-09-24 11:41:51,129 - INFO - Live price updated: 28.85
2025-09-24 11:41:52,202 - INFO - Quote Received for Account 1: {'t': 'tf', 'e': 'BFO', 'tk': '841835', 'lp': '28.95', 'pc': '-81.87', 'ft': '1758694264', 'v': '29306120', 'bp1': '29.00', 'sp1': '29.10', 'bq1': '220', 'sq1': '2500'}
2025-09-24 11:41:52,204 - INFO - Live price updated: 28.95
2025-09-24 11:41:53,264 - INFO - Quote Received for Account 1: {'t': 'tf', 'e': 'BFO', 'tk': '841835', 'lp': '29.30', 'pc': '-81.65', 'ft': '1758694265', 'v': '29306260', 'bp1': '29.20', 'sp1': '29.30', 'bq1': '2120', 'sq1': '2220'}
2025-09-24 11:41:53,265 - INFO - Live price updated: 29.30
2025-09-24 11:41:54,342 - INFO - Quote Received for Account 1: {'t': 'tf', 'e': 'BFO', 'tk': '841835', 'lp': '29.20', 'pc': '-81.72', 'ft': '1758694266', 'v': '29307380', 'bp1': '29.10', 'sp1': '29.15', 'bq1': '300', 'sq1': '20'}
2025-09-24 11:41:54,344 - INFO - Live price updated: 29.20
2025-09-24 11:41:55,414 - INFO - Quote Received for Account 1: {'t': 'tf', 'e': 'BFO', 'tk': '841835', 'lp': '29.15', 'pc': '-81.75', 'ft': '1758694267', 'v': '29308020', 'bp1': '29.05', 'bq1': '2220', 'sq1': '1020'}
2025-09-24 11:41:55,417 - INFO - Live price updated: 29.15
2025-09-24 11:41:56,478 - INFO - Quote Received for Account 1: {'t': 'tf', 'e': 'BFO', 'tk': '841835', 'lp': '29.20', 'pc': '-81.72', 'ft': '1758694268', 'v': '29309240', 'bp1': '29.15', 'sp1': '29.25', 'bq1': '1720', 'sq1': '940'}
2025-09-24 11:41:56,481 - INFO - Live price updated: 29.20
2025-09-24 11:41:57,558 - INFO - Quote Received for Account 1: {'t': 'tf', 'e': 'BFO', 'tk': '841835', 'lp': '29.15', 'pc': '-81.75', 'ft': '1758694269', 'v': '29310580', 'bp1': '29.20', 'sp1': '29.30', 'bq1': '360', 'sq1': '1520'}
2025-09-24 11:41:57,562 - INFO - Live price updated: 29.15
2025-09-24 11:41:58,625 - INFO - Quote Received for Account 1: {'t': 'tf', 'e': 'BFO', 'tk': '841835', 'lp': '28.90', 'pc': '-81.90', 'ft': '1758694271', 'v': '29313480', 'bp1': '28.90', 'sp1': '29.00', 'bq1': '1500', 'sq1': '2380'}
2025-09-24 11:41:58,627 - INFO - Live price updated: 28.90
2025-09-24 11:41:59,693 - INFO - Quote Received for Account 1: {'t': 'tf', 'e': 'BFO', 'tk': '841835', 'ft': '1758694272', 'v': '29313580', 'bp1': '28.85', 'sp1': '28.95', 'bq1': '1220', 'sq1': '2780'}
2025-09-24 11:42:00,766 - INFO - Quote Received for Account 1: {'t': 'tf', 'e': 'BFO', 'tk': '841835', 'lp': '28.85', 'pc': '-81.93', 'ft': '1758694273', 'v': '29314880', 'bp1': '28.80', 'sp1': '28.90', 'bq1': '480', 'sq1': '2820'}
2025-09-24 11:42:00,772 - INFO - Live price updated: 28.85
2025-09-24 11:42:01,838 - INFO - Quote Received for Account 1: {'t': 'tf', 'e': 'BFO', 'tk': '841835', 'ft': '1758694274', 'v': '29318140', 'bq1': '1360', 'sq1': '1020'}
2025-09-24 11:42:02,905 - INFO - Quote Received for Account 1: {'t': 'tf', 'e': 'BFO', 'tk': '841835', 'lp': '28.95', 'pc': '-81.87', 'ft': '1758694275', 'v': '29319000', 'bp1': '28.95', 'sp1': '29.05', 'bq1': '260', 'sq1': '1740'}
2025-09-24 11:42:02,907 - INFO - Live price updated: 28.95
2025-09-24 11:42:03,974 - INFO - Quote Received for Account 1: {'t': 'tf', 'e': 'BFO', 'tk': '841835', 'lp': '29.00', 'pc': '-81.84', 'ft': '1758694276', 'ap': '36.61', 'v': '29321300', 'bp1': '28.90', 'bq1': '2180', 'sq1': '3660'}
2025-09-24 11:42:03,976 - INFO - Live price updated: 29.00
2025-09-24 11:42:05,053 - INFO - Quote Received for Account 1: {'t': 'tf', 'e': 'BFO', 'tk': '841835', 'lp': '28.90', 'pc': '-81.90', 'ft': '1758694277', 'v': '29321380', 'bp1': '28.85', 'sp1': '29.00', 'bq1': '2520', 'sq1': '2480'}
2025-09-24 11:42:05,054 - INFO - Live price updated: 28.90
2025-09-24 11:42:06,117 - INFO - Quote Received for Account 1: {'t': 'tf', 'e': 'BFO', 'tk': '841835', 'lp': '28.95', 'pc': '-81.87', 'ft': '1758694278', 'v': '29321960', 'sp1': '28.95', 'bq1': '1500', 'sq1': '760'}
2025-09-24 11:42:06,120 - INFO - Live price updated: 28.95
2025-09-24 11:42:07,196 - INFO - Quote Received for Account 1: {'t': 'tf', 'e': 'BFO', 'tk': '841835', 'lp': '28.85', 'pc': '-81.93', 'ft': '1758694279', 'v': '29321980', 'bq1': '780', 'sq1': '460'}
2025-09-24 11:42:07,198 - INFO - Live price updated: 28.85
2025-09-24 11:42:08,259 - INFO - Quote Received for Account 1: {'t': 'tf', 'e': 'BFO', 'tk': '841835', 'lp': '29.05', 'pc': '-81.81', 'ft': '1758694280', 'v': '29322300', 'bp1': '29.10', 'sp1': '29.20', 'bq1': '340', 'sq1': '1700'}
2025-09-24 11:42:08,261 - INFO - Live price updated: 29.05
2025-09-24 11:42:09,644 - INFO - Quote Received for Account 1: {'t': 'tf', 'e': 'BFO', 'tk': '841835', 'lp': '29.10', 'pc': '-81.78', 'ft': '1758694281', 'v': '29322540', 'bp1': '29.00', 'sp1': '29.15', 'bq1': '1780', 'sq1': '1560'}
2025-09-24 11:42:09,647 - INFO - Live price updated: 29.10
2025-09-24 11:42:10,408 - INFO - Quote Received for Account 1: {'t': 'tf', 'e': 'BFO', 'tk': '841835', 'lp': '29.15', 'pc': '-81.75', 'ft': '1758694282', 'v': '29322920', 'bp1': '29.05', 'bq1': '980', 'sq1': '1080'}
2025-09-24 11:42:10,411 - INFO - Live price updated: 29.15
2025-09-24 11:42:11,484 - INFO - Quote Received for Account 1: {'t': 'tf', 'e': 'BFO', 'tk': '841835', 'lp': '29.20', 'pc': '-81.72', 'ft': '1758694283', 'v': '29323900', 'bq1': '780', 'sq1': '1940'}
2025-09-24 11:42:11,487 - INFO - Live price updated: 29.20
2025-09-24 11:42:12,562 - INFO - Quote Received for Account 1: {'t': 'tf', 'e': 'BFO', 'tk': '841835', 'lp': '29.05', 'pc': '-81.81', 'ft': '1758694284', 'v': '29331920', 'bq1': '900', 'sq1': '720'}
2025-09-24 11:42:12,563 - INFO - Live price updated: 29.05
2025-09-24 11:42:13,616 - INFO - Quote Received for Account 1: {'t': 'tf', 'e': 'BFO', 'tk': '841835', 'lp': '29.10', 'pc': '-81.78', 'ft': '1758694286', 'v': '29332220', 'bp1': '29.00', 'sp1': '29.10', 'bq1': '880', 'sq1': '2000'}
2025-09-24 11:42:13,617 - INFO - Live price updated: 29.10
2025-09-24 11:42:14,686 - INFO - Quote Received for Account 1: {'t': 'tf', 'e': 'BFO', 'tk': '841835', 'ft': '1758694287', 'v': '29332260', 'bq1': '760', 'sq1': '1000'}
2025-09-24 11:42:15,758 - INFO - Quote Received for Account 1: {'t': 'tf', 'e': 'BFO', 'tk': '841835', 'lp': '28.95', 'pc': '-81.87', 'ft': '1758694288', 'v': '29332460', 'bp1': '28.90', 'sp1': '28.95', 'bq1': '400', 'sq1': '200'}
2025-09-24 11:42:15,759 - INFO - Live price updated: 28.95
2025-09-24 11:42:16,828 - INFO - Quote Received for Account 1: {'t': 'tf', 'e': 'BFO', 'tk': '841835', 'lp': '28.85', 'pc': '-81.93', 'ft': '1758694289', 'v': '29332920', 'bp1': '28.85', 'bq1': '840', 'sq1': '880'}
2025-09-24 11:42:16,832 - INFO - Live price updated: 28.85
2025-09-24 11:42:17,900 - INFO - Quote Received for Account 1: {'t': 'tf', 'e': 'BFO', 'tk': '841835', 'lp': '29.00', 'pc': '-81.84', 'ft': '1758694290', 'v': '29333140', 'bp1': '28.95', 'sp1': '29.05', 'bq1': '1160', 'sq1': '1040'}
2025-09-24 11:42:17,903 - INFO - Live price updated: 29.00
2025-09-24 11:42:18,978 - INFO - Quote Received for Account 1: {'t': 'tf', 'e': 'BFO', 'tk': '841835', 'ft': '1758694291', 'bp1': '28.80', 'sp1': '28.85', 'bq1': '280', 'sq1': '480'}
2025-09-24 11:42:20,051 - INFO - Quote Received for Account 1: {'t': 'tf', 'e': 'BFO', 'tk': '841835', 'lp': '28.90', 'pc': '-81.90', 'ft': '1758694292', 'v': '29333720', 'sp1': '28.90', 'bq1': '1020', 'sq1': '380'}
2025-09-24 11:42:20,053 - INFO - Live price updated: 28.90
2025-09-24 11:42:21,397 - INFO - Quote Received for Account 1: {'t': 'tf', 'e': 'BFO', 'tk': '841835', 'lp': '28.80', 'pc': '-81.97', 'ft': '1758694293', 'v': '29333800', 'bp1': '28.70', 'sp1': '28.80', 'bq1': '360', 'sq1': '1840'}
2025-09-24 11:42:21,399 - INFO - Live price updated: 28.80
2025-09-24 11:42:22,754 - INFO - Quote Received for Account 1: {'t': 'tf', 'e': 'BFO', 'tk': '841835', 'lp': '28.95', 'pc': '-81.87', 'ft': '1758694294', 'v': '29334220', 'bp1': '28.85', 'sp1': '28.95', 'bq1': '220', 'sq1': '1220'}
2025-09-24 11:42:22,758 - INFO - Live price updated: 28.95
2025-09-24 11:42:23,261 - INFO - Quote Received for Account 1: {'t': 'tf', 'e': 'BFO', 'tk': '841835', 'lp': '29.00', 'pc': '-81.84', 'ft': '1758694295', 'v': '29335180', 'bp1': '28.95', 'sp1': '29.05', 'bq1': '1220', 'sq1': '100'}
2025-09-24 11:42:23,263 - INFO - Live price updated: 29.00
2025-09-24 11:42:24,318 - INFO - Quote Received for Account 1: {'t': 'tf', 'e': 'BFO', 'tk': '841835', 'lp': '29.05', 'pc': '-81.81', 'ft': '1758694296', 'v': '29335320', 'bp1': '29.00', 'sp1': '29.10', 'bq1': '860', 'sq1': '820'}
2025-09-24 11:42:24,318 - INFO - Live price updated: 29.05
2025-09-24 11:42:25,395 - INFO - Quote Received for Account 1: {'t': 'tf', 'e': 'BFO', 'tk': '841835', 'lp': '28.70', 'pc': '-82.03', 'ft': '1758694297', 'v': '29336600', 'bp1': '28.65', 'sp1': '28.75', 'bq1': '560', 'sq1': '1260'}
2025-09-24 11:42:25,398 - INFO - Live price updated: 28.70
2025-09-24 11:42:26,487 - INFO - Quote Received for Account 1: {'t': 'tf', 'e': 'BFO', 'tk': '841835', 'ft': '1758694298', 'v': '29337480', 'bq1': '1220', 'sq1': '1140'}
2025-09-24 11:42:27,557 - INFO - Quote Received for Account 1: {'t': 'tf', 'e': 'BFO', 'tk': '841835', 'ft': '1758694299', 'v': '29342520', 'bp1': '28.70', 'sp1': '28.80', 'bq1': '680', 'sq1': '840'}
2025-09-24 11:42:28,608 - INFO - Quote Received for Account 1: {'t': 'tf', 'e': 'BFO', 'tk': '841835', 'lp': '28.80', 'pc': '-81.97', 'ft': '1758694301', 'v': '29342560', 'bp1': '28.60', 'sp1': '28.70', 'bq1': '1440', 'sq1': '400'}
2025-09-24 11:42:28,610 - INFO - Live price updated: 28.80
2025-09-24 11:42:29,680 - INFO - Quote Received for Account 1: {'t': 'tf', 'e': 'BFO', 'tk': '841835', 'lp': '28.75', 'pc': '-82.00', 'ft': '1758694302', 'v': '29342620', 'bp1': '28.50', 'sp1': '28.55', 'bq1': '4300', 'sq1': '420'}
2025-09-24 11:42:29,682 - INFO - Live price updated: 28.75
2025-09-24 11:42:30,751 - INFO - Quote Received for Account 1: {'t': 'tf', 'e': 'BFO', 'tk': '841835', 'lp': '28.50', 'pc': '-82.15', 'ft': '1758694303', 'v': '29349960', 'bp1': '28.40', 'bq1': '900', 'sq1': '2760'}
2025-09-24 11:42:30,753 - INFO - Live price updated: 28.50
2025-09-24 11:42:31,821 - INFO - Quote Received for Account 1: {'t': 'tf', 'e': 'BFO', 'tk': '841835', 'lp': '28.35', 'pc': '-82.25', 'ft': '1758694304', 'v': '29353460', 'bp1': '28.35', 'sp1': '28.50', 'bq1': '3480', 'sq1': '1280'}
2025-09-24 11:42:31,823 - INFO - Live price updated: 28.35
2025-09-24 11:42:32,893 - INFO - Quote Received for Account 1: {'t': 'tf', 'e': 'BFO', 'tk': '841835', 'lp': '28.45', 'pc': '-82.19', 'ft': '1758694305', 'ap': '36.60', 'v': '29359400', 'bp1': '28.30', 'sp1': '28.45', 'bq1': '1760', 'sq1': '1260'}
2025-09-24 11:42:32,895 - INFO - Live price updated: 28.45
2025-09-24 11:42:33,964 - INFO - Quote Received for Account 1: {'t': 'tf', 'e': 'BFO', 'tk': '841835', 'lp': '28.50', 'pc': '-82.15', 'ft': '1758694306', 'v': '29360720', 'bp1': '28.50', 'sp1': '28.60', 'bq1': '360', 'sq1': '2360'}
2025-09-24 11:42:33,965 - INFO - Live price updated: 28.50
2025-09-24 11:42:35,042 - INFO - Quote Received for Account 1: {'t': 'tf', 'e': 'BFO', 'tk': '841835', 'lp': '28.70', 'pc': '-82.03', 'ft': '1758694307', 'v': '29362160', 'bp1': '28.55', 'sp1': '28.65', 'bq1': '2380', 'sq1': '20'}
2025-09-24 11:42:35,042 - INFO - Live price updated: 28.70
2025-09-24 11:42:36,124 - INFO - Quote Received for Account 1: {'t': 'tf', 'e': 'BFO', 'tk': '841835', 'lp': '28.45', 'pc': '-82.19', 'ft': '1758694308', 'v': '29364480', 'bp1': '28.35', 'sp1': '28.45', 'bq1': '2280', 'sq1': '300'}
2025-09-24 11:42:36,126 - INFO - Live price updated: 28.45
2025-09-24 11:42:37,177 - INFO - Quote Received for Account 1: {'t': 'tf', 'e': 'BFO', 'tk': '841835', 'lp': '28.35', 'pc': '-82.25', 'ft': '1758694309', 'v': '29365660', 'bq1': '120', 'sq1': '1480'}
2025-09-24 11:42:37,178 - INFO - Live price updated: 28.35
2025-09-24 11:42:38,247 - INFO - Quote Received for Account 1: {'t': 'tf', 'e': 'BFO', 'tk': '841835', 'ft': '1758694310', 'v': '29365740', 'bp1': '28.45', 'sp1': '28.55', 'bq1': '180', 'sq1': '2500'}
2025-09-24 11:42:39,321 - INFO - Quote Received for Account 1: {'t': 'tf', 'e': 'BFO', 'tk': '841835', 'lp': '28.55', 'pc': '-82.12', 'ft': '1758694311', 'v': '29365760', 'bp1': '28.35', 'sp1': '28.45', 'sq1': '2640'}
2025-09-24 11:42:39,323 - INFO - Live price updated: 28.55
2025-09-24 11:42:40,398 - INFO - Quote Received for Account 1: {'t': 'tf', 'e': 'BFO', 'tk': '841835', 'lp': '27.95', 'pc': '-82.50', 'ft': '1758694312', 'v': '29382700', 'bp1': '27.90', 'sp1': '28.00', 'bq1': '1040', 'sq1': '820'}
2025-09-24 11:42:40,400 - INFO - Live price updated: 27.95
2025-09-24 11:42:41,462 - INFO - Quote Received for Account 1: {'t': 'tf', 'e': 'BFO', 'tk': '841835', 'lp': '28.10', 'pc': '-82.40', 'ft': '1758694313', 'v': '29382780', 'bp1': '28.00', 'sp1': '28.10', 'bq1': '960', 'sq1': '440'}
2025-09-24 11:42:41,465 - INFO - Live price updated: 28.10
2025-09-24 11:42:42,532 - INFO - Quote Received for Account 1: {'t': 'tf', 'e': 'BFO', 'tk': '841835', 'lp': '28.25', 'pc': '-82.31', 'ft': '1758694314', 'v': '29383560', 'bp1': '28.10', 'sp1': '28.20', 'bq1': '840', 'sq1': '1760'}
2025-09-24 11:42:42,533 - INFO - Live price updated: 28.25
2025-09-24 11:42:43,619 - INFO - Quote Received for Account 1: {'t': 'tf', 'e': 'BFO', 'tk': '841835', 'lp': '28.15', 'pc': '-82.37', 'ft': '1758694316', 'v': '29383760', 'bp1': '28.00', 'sp1': '28.10', 'bq1': '1560', 'sq1': '340'}
2025-09-24 11:42:43,624 - INFO - Live price updated: 28.15
2025-09-24 11:42:44,693 - INFO - Quote Received for Account 1: {'t': 'tf', 'e': 'BFO', 'tk': '841835', 'lp': '28.30', 'pc': '-82.28', 'ft': '1758694317', 'v': '29385700', 'bp1': '28.25', 'sp1': '28.40', 'bq1': '1960', 'sq1': '2200'}
2025-09-24 11:42:44,695 - INFO - Live price updated: 28.30
2025-09-24 11:42:45,796 - INFO - Quote Received for Account 1: {'t': 'tf', 'e': 'BFO', 'tk': '841835', 'lp': '28.60', 'pc': '-82.09', 'ft': '1758694318', 'ap': '36.59', 'v': '29398700', 'bp1': '28.50', 'sp1': '28.55', 'bq1': '20', 'sq1': '80'}
2025-09-24 11:42:45,797 - INFO - Live price updated: 28.60
2025-09-24 11:42:46,826 - INFO - Quote Received for Account 1: {'t': 'tf', 'e': 'BFO', 'tk': '841835', 'lp': '28.50', 'pc': '-82.15', 'ft': '1758694319', 'v': '29401420', 'sp1': '28.60', 'bq1': '2660', 'sq1': '1720'}
2025-09-24 11:42:46,828 - INFO - Live price updated: 28.50
2025-09-24 11:42:47,888 - INFO - Quote Received for Account 1: {'t': 'tf', 'e': 'BFO', 'tk': '841835', 'lp': '28.60', 'pc': '-82.09', 'ft': '1758694320', 'v': '29401980', 'bp1': '28.55', 'sp1': '28.65', 'bq1': '1640', 'sq1': '1460'}
2025-09-24 11:42:47,889 - INFO - Live price updated: 28.60
2025-09-24 11:42:48,964 - INFO - Quote Received for Account 1: {'t': 'tf', 'e': 'BFO', 'tk': '841835', 'lp': '28.55', 'pc': '-82.12', 'ft': '1758694321', 'v': '29402080', 'bp1': '28.45', 'sp1': '28.55', 'bq1': '500', 'sq1': '2340'}
2025-09-24 11:42:48,966 - INFO - Live price updated: 28.55
2025-09-24 11:42:50,036 - INFO - Quote Received for Account 1: {'t': 'tf', 'e': 'BFO', 'tk': '841835', 'lp': '28.50', 'pc': '-82.15', 'ft': '1758694322', 'v': '29404360', 'bp1': '28.35', 'sp1': '28.45', 'bq1': '320', 'sq1': '2100'}
2025-09-24 11:42:50,038 - INFO - Live price updated: 28.50
2025-09-24 11:42:51,104 - INFO - Quote Received for Account 1: {'t': 'tf', 'e': 'BFO', 'tk': '841835', 'lp': '28.40', 'pc': '-82.22', 'ft': '1758694323', 'v': '29404960', 'bp1': '28.40', 'sp1': '28.50', 'bq1': '800', 'sq1': '1020'}
2025-09-24 11:42:51,107 - INFO - Live price updated: 28.40
2025-09-24 11:42:52,175 - INFO - Quote Received for Account 1: {'t': 'tf', 'e': 'BFO', 'tk': '841835', 'lp': '28.90', 'pc': '-81.90', 'ft': '1758694324', 'v': '29406980', 'bp1': '28.80', 'sp1': '28.90', 'bq1': '1800', 'sq1': '900'}
2025-09-24 11:42:52,176 - INFO - Live price updated: 28.90
2025-09-24 11:42:53,251 - INFO - Quote Received for Account 1: {'t': 'tf', 'e': 'BFO', 'tk': '841835', 'lp': '28.85', 'pc': '-81.93', 'ft': '1758694325', 'v': '29408140', 'bp1': '28.85', 'bq1': '260', 'sq1': '540'}
2025-09-24 11:42:53,252 - INFO - Live price updated: 28.85
2025-09-24 11:42:54,329 - INFO - Quote Received for Account 1: {'t': 'tf', 'e': 'BFO', 'tk': '841835', 'lp': '28.95', 'pc': '-81.87', 'ft': '1758694326', 'v': '29409220', 'bp1': '29.00', 'sp1': '29.10', 'bq1': '2360', 'sq1': '680'}
2025-09-24 11:42:54,331 - INFO - Live price updated: 28.95
2025-09-24 11:42:55,393 - INFO - Quote Received for Account 1: {'t': 'tf', 'e': 'BFO', 'tk': '841835', 'lp': '29.05', 'pc': '-81.81', 'ft': '1758694327', 'v': '29410220', 'bq1': '1500', 'sq1': '260'}
2025-09-24 11:42:55,394 - INFO - Live price updated: 29.05
2025-09-24 11:42:56,461 - INFO - Quote Received for Account 1: {'t': 'tf', 'e': 'BFO', 'tk': '841835', 'lp': '28.90', 'pc': '-81.90', 'ft': '1758694328', 'v': '29410660', 'bp1': '28.80', 'sp1': '28.90', 'bq1': '1440', 'sq1': '840'}
2025-09-24 11:42:56,463 - INFO - Live price updated: 28.90
2025-09-24 11:42:57,535 - INFO - Quote Received for Account 1: {'t': 'tf', 'e': 'BFO', 'tk': '841835', 'lp': '28.80', 'pc': '-81.97', 'ft': '1758694329', 'v': '29412580', 'bp1': '28.65', 'sp1': '28.80', 'bq1': '960', 'sq1': '2320'}
2025-09-24 11:42:57,544 - INFO - Live price updated: 28.80
2025-09-24 11:42:58,597 - INFO - Quote Received for Account 1: {'t': 'tf', 'e': 'BFO', 'tk': '841835', 'lp': '28.50', 'pc': '-82.15', 'ft': '1758694331', 'v': '29415040', 'bp1': '28.40', 'sp1': '28.55', 'bq1': '2240', 'sq1': '2120'}
2025-09-24 11:42:58,599 - INFO - Live price updated: 28.50
2025-09-24 11:42:59,668 - INFO - Quote Received for Account 1: {'t': 'tf', 'e': 'BFO', 'tk': '841835', 'ft': '1758694332', 'v': '29415060', 'sp1': '28.50', 'bq1': '1540', 'sq1': '420'}
2025-09-24 11:43:00,751 - INFO - Quote Received for Account 1: {'t': 'tf', 'e': 'BFO', 'tk': '841835', 'lp': '28.45', 'pc': '-82.19', 'ft': '1758694333', 'v': '29415900', 'bp1': '28.35', 'bq1': '4120', 'sq1': '2520'}
2025-09-24 11:43:00,751 - INFO - Live price updated: 28.45
2025-09-24 11:43:01,821 - INFO - Quote Received for Account 1: {'t': 'tf', 'e': 'BFO', 'tk': '841835', 'lp': '28.70', 'pc': '-82.03', 'ft': '1758694334', 'v': '29416120', 'bp1': '28.60', 'sp1': '28.70', 'bq1': '480', 'sq1': '2000'}
2025-09-24 11:43:01,823 - INFO - Live price updated: 28.70
2025-09-24 11:43:02,891 - INFO - Quote Received for Account 1: {'t': 'tf', 'e': 'BFO', 'tk': '841835', 'lp': '28.35', 'pc': '-82.25', 'ft': '1758694335', 'v': '29417480', 'bp1': '28.35', 'sp1': '28.40', 'bq1': '660', 'sq1': '680'}
2025-09-24 11:43:02,892 - INFO - Live price updated: 28.35
2025-09-24 11:43:03,952 - INFO - Quote Received for Account 1: {'t': 'tf', 'e': 'BFO', 'tk': '841835', 'lp': '28.45', 'pc': '-82.19', 'ft': '1758694336', 'v': '29417900', 'sp1': '28.50', 'bq1': '2760', 'sq1': '2140'}
2025-09-24 11:43:03,954 - INFO - Live price updated: 28.45
2025-09-24 11:43:05,021 - INFO - Quote Received for Account 1: {'t': 'tf', 'e': 'BFO', 'tk': '841835', 'lp': '28.30', 'pc': '-82.28', 'ft': '1758694337', 'v': '29425120', 'sp1': '28.45', 'bq1': '580', 'sq1': '1220'}
2025-09-24 11:43:05,021 - INFO - Live price updated: 28.30
2025-09-24 11:43:06,094 - INFO - Quote Received for Account 1: {'t': 'tf', 'e': 'BFO', 'tk': '841835', 'lp': '28.55', 'pc': '-82.12', 'ft': '1758694338', 'v': '29427060', 'bp1': '28.45', 'sp1': '28.55', 'bq1': '1500', 'sq1': '300'}
2025-09-24 11:43:06,095 - INFO - Live price updated: 28.55
2025-09-24 11:43:07,165 - INFO - Quote Received for Account 1: {'t': 'tf', 'e': 'BFO', 'tk': '841835', 'lp': '28.45', 'pc': '-82.19', 'ft': '1758694339', 'v': '29427080', 'bp1': '28.35', 'sp1': '28.45', 'bq1': '200', 'sq1': '1460'}
2025-09-24 11:43:07,169 - INFO - Live price updated: 28.45
2025-09-24 11:43:08,236 - INFO - Quote Received for Account 1: {'t': 'tf', 'e': 'BFO', 'tk': '841835', 'ft': '1758694340', 'v': '29428780', 'bp1': '28.40', 'sp1': '28.50', 'bq1': '1520', 'sq1': '1480'}
2025-09-24 11:43:09,315 - INFO - Quote Received for Account 1: {'t': 'tf', 'e': 'BFO', 'tk': '841835', 'lp': '28.40', 'pc': '-82.22', 'ft': '1758694341', 'v': '29428800', 'bp1': '28.30', 'sp1': '28.40', 'bq1': '880', 'sq1': '2180'}
2025-09-24 11:43:09,315 - INFO - Live price updated: 28.40
2025-09-24 11:43:10,400 - INFO - Quote Received for Account 1: {'t': 'tf', 'e': 'BFO', 'tk': '841835', 'lp': '28.35', 'pc': '-82.25', 'ft': '1758694342', 'v': '29429160', 'bp1': '28.25', 'sp1': '28.35', 'bq1': '980', 'sq1': '1100'}
2025-09-24 11:43:10,405 - INFO - Live price updated: 28.35
2025-09-24 11:43:11,454 - INFO - Quote Received for Account 1: {'t': 'tf', 'e': 'BFO', 'tk': '841835', 'lp': '28.25', 'pc': '-82.31', 'ft': '1758694343', 'ap': '36.58', 'v': '29429500', 'bq1': '1240', 'sq1': '1620'}
2025-09-24 11:43:11,454 - INFO - Live price updated: 28.25
2025-09-24 11:43:12,524 - INFO - Quote Received for Account 1: {'t': 'tf', 'e': 'BFO', 'tk': '841835', 'lp': '28.30', 'pc': '-82.28', 'ft': '1758694344', 'v': '29429520', 'bq1': '1140', 'sq1': '2160'}
2025-09-24 11:43:12,526 - INFO - Live price updated: 28.30
2025-09-24 11:43:13,603 - INFO - Quote Received for Account 1: {'t': 'tf', 'e': 'BFO', 'tk': '841835', 'lp': '28.05', 'pc': '-82.44', 'ft': '1758694346', 'v': '29437920', 'bp1': '28.00', 'sp1': '28.05', 'bq1': '1420', 'sq1': '180'}
2025-09-24 11:43:13,603 - INFO - Live price updated: 28.05
2025-09-24 11:43:14,661 - INFO - Quote Received for Account 1: {'t': 'tf', 'e': 'BFO', 'tk': '841835', 'lp': '27.65', 'pc': '-82.69', 'ft': '1758694347', 'v': '29440600', 'bp1': '27.65', 'sp1': '27.70', 'bq1': '720', 'sq1': '140'}
2025-09-24 11:43:14,663 - INFO - Live price updated: 27.65
2025-09-24 11:43:15,732 - INFO - Quote Received for Account 1: {'t': 'tf', 'e': 'BFO', 'tk': '841835', 'ft': '1758694348', 'v': '29451540', 'bp1': '27.60', 'bq1': '760', 'sq1': '1120'}
2025-09-24 11:43:16,829 - INFO - Quote Received for Account 1: {'t': 'tf', 'e': 'BFO', 'tk': '841835', 'ft': '1758694349', 'v': '29452380', 'bp1': '27.30', 'sp1': '27.40', 'bq1': '1460', 'sq1': '820'}
2025-09-24 11:43:17,893 - INFO - Quote Received for Account 1: {'t': 'tf', 'e': 'BFO', 'tk': '841835', 'lp': '27.50', 'pc': '-82.78', 'ft': '1758694350', 'v': '29456580', 'bp1': '27.45', 'sp1': '27.55', 'bq1': '740', 'sq1': '1940'}
2025-09-24 11:43:17,894 - INFO - Live price updated: 27.50
2025-09-24 11:43:18,959 - INFO - Quote Received for Account 1: {'t': 'tf', 'e': 'BFO', 'tk': '841835', 'lp': '27.45', 'pc': '-82.81', 'ft': '1758694351', 'v': '29457640', 'bp1': '27.40', 'sp1': '27.50', 'bq1': '1840', 'sq1': '880'}
2025-09-24 11:43:18,961 - INFO - Live price updated: 27.45
2025-09-24 11:43:20,048 - INFO - Quote Received for Account 1: {'t': 'tf', 'e': 'BFO', 'tk': '841835', 'lp': '27.25', 'pc': '-82.94', 'ft': '1758694352', 'v': '29459320', 'bp1': '27.20', 'sp1': '27.30', 'bq1': '280', 'sq1': '2200'}
2025-09-24 11:43:20,050 - INFO - Live price updated: 27.25
2025-09-24 11:43:21,097 - INFO - Quote Received for Account 1: {'t': 'tf', 'e': 'BFO', 'tk': '841835', 'ft': '1758694353', 'v': '29461060', 'bp1': '27.25', 'bq1': '340', 'sq1': '160'}
2025-09-24 11:43:22,166 - INFO - Quote Received for Account 1: {'t': 'tf', 'e': 'BFO', 'tk': '841835', 'lp': '27.50', 'pc': '-82.78', 'ft': '1758694354', 'ap': '36.57', 'v': '29462940', 'bp1': '27.40', 'sp1': '27.55', 'bq1': '1440', 'sq1': '2300'}
2025-09-24 11:43:22,168 - INFO - Live price updated: 27.50
2025-09-24 11:43:23,239 - INFO - Quote Received for Account 1: {'t': 'tf', 'e': 'BFO', 'tk': '841835', 'lp': '27.60', 'pc': '-82.72', 'ft': '1758694355', 'v': '29468960', 'bp1': '27.45', 'bq1': '300', 'sq1': '1680'}
2025-09-24 11:43:23,240 - INFO - Live price updated: 27.60
2025-09-24 11:43:24,301 - INFO - Quote Received for Account 1: {'t': 'tf', 'e': 'BFO', 'tk': '841835', 'ft': '1758694356', 'v': '29470320', 'bp1': '27.60', 'sp1': '27.65', 'bq1': '280', 'sq1': '20'}
2025-09-24 11:43:25,406 - INFO - Quote Received for Account 1: {'t': 'tf', 'e': 'BFO', 'tk': '841835', 'ft': '1758694357', 'v': '29470880', 'bp1': '27.55', 'bq1': '3360', 'sq1': '200'}
2025-09-24 11:43:26,447 - INFO - Quote Received for Account 1: {'t': 'tf', 'e': 'BFO', 'tk': '841835', 'lp': '27.50', 'pc': '-82.78', 'ft': '1758694358', 'v': '29471300', 'bp1': '27.50', 'sp1': '27.55', 'bq1': '340', 'sq1': '460'}
2025-09-24 11:43:26,450 - INFO - Live price updated: 27.50
2025-09-24 11:43:27,507 - INFO - Quote Received for Account 1: {'t': 'tf', 'e': 'BFO', 'tk': '841835', 'ft': '1758694359', 'v': '29473500', 'bp1': '27.45', 'bq1': '1420', 'sq1': '2660'}
2025-09-24 11:43:28,584 - INFO - Quote Received for Account 1: {'t': 'tf', 'e': 'BFO', 'tk': '841835', 'ft': '1758694361', 'v': '29474400', 'bp1': '27.60', 'sp1': '27.70', 'bq1': '1920', 'sq1': '4640'}
2025-09-24 11:43:29,664 - INFO - Quote Received for Account 1: {'t': 'tf', 'e': 'BFO', 'tk': '841835', 'lp': '27.65', 'pc': '-82.69', 'ft': '1758694362', 'v': '29474420', 'bp1': '27.40', 'sp1': '27.55', 'bq1': '3720', 'sq1': '2680'}
2025-09-24 11:43:29,665 - INFO - Live price updated: 27.65
2025-09-24 11:43:30,727 - INFO - Quote Received for Account 1: {'t': 'tf', 'e': 'BFO', 'tk': '841835', 'lp': '27.35', 'pc': '-82.87', 'ft': '1758694363', 'v': '29474640', 'bp1': '27.30', 'sp1': '27.35', 'bq1': '1500', 'sq1': '920'}
2025-09-24 11:43:30,728 - INFO - Live price updated: 27.35
2025-09-24 11:43:31,788 - INFO - Quote Received for Account 1: {'t': 'tf', 'e': 'BFO', 'tk': '841835', 'lp': '27.40', 'pc': '-82.84', 'ft': '1758694364', 'v': '29476600', 'bp1': '27.35', 'sp1': '27.40', 'bq1': '360', 'sq1': '660'}
2025-09-24 11:43:31,788 - INFO - Live price updated: 27.40
2025-09-24 11:43:32,868 - INFO - Quote Received for Account 1: {'t': 'tf', 'e': 'BFO', 'tk': '841835', 'ft': '1758694365', 'v': '29486060', 'bp1': '27.30', 'bq1': '1840', 'sq1': '1020'}
2025-09-24 11:43:33,939 - INFO - Quote Received for Account 1: {'t': 'tf', 'e': 'BFO', 'tk': '841835', 'lp': '27.15', 'pc': '-83.00', 'ft': '1758694366', 'ap': '36.56', 'v': '29495620', 'bp1': '27.10', 'sp1': '27.20', 'bq1': '2460', 'sq1': '2140'}
2025-09-24 11:43:33,940 - INFO - Live price updated: 27.15
2025-09-24 11:43:35,023 - INFO - Quote Received for Account 1: {'t': 'tf', 'e': 'BFO', 'tk': '841835', 'lp': '27.35', 'pc': '-82.87', 'ft': '1758694367', 'v': '29498220', 'bp1': '27.25', 'sp1': '27.35', 'bq1': '2180', 'sq1': '320'}
2025-09-24 11:43:35,024 - INFO - Live price updated: 27.35
2025-09-24 11:43:36,089 - INFO - Quote Received for Account 1: {'t': 'tf', 'e': 'BFO', 'tk': '841835', 'lp': '27.30', 'pc': '-82.91', 'ft': '1758694368', 'v': '29503660', 'bp1': '27.30', 'bq1': '240', 'sq1': '1780'}
2025-09-24 11:43:36,089 - INFO - Live price updated: 27.30
2025-09-24 11:43:37,152 - INFO - Quote Received for Account 1: {'t': 'tf', 'e': 'BFO', 'tk': '841835', 'lp': '27.20', 'pc': '-82.97', 'ft': '1758694369', 'v': '29507260', 'bp1': '27.25', 'bq1': '3180', 'sq1': '1980'}
2025-09-24 11:43:37,153 - INFO - Live price updated: 27.20
2025-09-24 11:43:38,221 - INFO - Quote Received for Account 1: {'t': 'tf', 'e': 'BFO', 'tk': '841835', 'lp': '27.40', 'pc': '-82.84', 'ft': '1758694370', 'v': '29514040', 'bp1': '27.35', 'sp1': '27.50', 'bq1': '2680', 'sq1': '2160'}
2025-09-24 11:43:38,223 - INFO - Live price updated: 27.40
2025-09-24 11:43:39,290 - INFO - Quote Received for Account 1: {'t': 'tf', 'e': 'BFO', 'tk': '841835', 'lp': '27.25', 'pc': '-82.94', 'ft': '1758694371', 'v': '29515520', 'bp1': '27.20', 'sp1': '27.30', 'bq1': '1120', 'sq1': '1740'}
2025-09-24 11:43:39,290 - INFO - Live price updated: 27.25
2025-09-24 11:43:40,364 - INFO - Quote Received for Account 1: {'t': 'tf', 'e': 'BFO', 'tk': '841835', 'lp': '27.20', 'pc': '-82.97', 'ft': '1758694372', 'v': '29517500', 'bp1': '27.10', 'sp1': '27.20', 'bq1': '2980', 'sq1': '220'}
2025-09-24 11:43:40,366 - INFO - Live price updated: 27.20
2025-09-24 11:43:41,431 - INFO - Quote Received for Account 1: {'t': 'tf', 'e': 'BFO', 'tk': '841835', 'lp': '27.00', 'pc': '-83.09', 'ft': '1758694373', 'v': '29521660', 'bp1': '27.00', 'sp1': '27.05', 'bq1': '9240', 'sq1': '840'}
2025-09-24 11:43:41,431 - INFO - Live price updated: 27.00
2025-09-24 11:43:42,507 - INFO - Quote Received for Account 1: {'t': 'tf', 'e': 'BFO', 'tk': '841835', 'lp': '27.30', 'pc': '-82.91', 'ft': '1758694374', 'v': '29522180', 'bp1': '27.20', 'sp1': '27.30', 'bq1': '1460', 'sq1': '1260'}
2025-09-24 11:43:42,509 - INFO - Live price updated: 27.30
2025-09-24 11:43:43,582 - INFO - Quote Received for Account 1: {'t': 'tf', 'e': 'BFO', 'tk': '841835', 'lp': '27.35', 'pc': '-82.87', 'ft': '1758694376', 'ap': '36.55', 'v': '29526980', 'bp1': '27.25', 'sp1': '27.35', 'bq1': '800', 'sq1': '920'}
2025-09-24 11:43:43,586 - INFO - Live price updated: 27.35
2025-09-24 11:43:44,647 - INFO - Quote Received for Account 1: {'t': 'tf', 'e': 'BFO', 'tk': '841835', 'lp': '27.10', 'pc': '-83.03', 'ft': '1758694377', 'v': '29527240', 'bp1': '27.10', 'sp1': '27.15', 'bq1': '400', 'sq1': '20'}
2025-09-24 11:43:44,649 - INFO - Live price updated: 27.10
2025-09-24 11:43:45,719 - INFO - Quote Received for Account 1: {'t': 'tf', 'e': 'BFO', 'tk': '841835', 'lp': '27.15', 'pc': '-83.00', 'ft': '1758694378', 'v': '29528740', 'bp1': '27.15', 'sp1': '27.20', 'bq1': '700', 'sq1': '300'}
2025-09-24 11:43:45,723 - INFO - Live price updated: 27.15
2025-09-24 11:43:46,789 - INFO - Quote Received for Account 1: {'t': 'tf', 'e': 'BFO', 'tk': '841835', 'lp': '27.10', 'pc': '-83.03', 'ft': '1758694379', 'v': '29530540', 'bp1': '27.10', 'bq1': '1020', 'sq1': '2040'}
2025-09-24 11:43:46,791 - INFO - Live price updated: 27.10
2025-09-24 11:43:47,859 - INFO - Quote Received for Account 1: {'t': 'tf', 'e': 'BFO', 'tk': '841835', 'lp': '27.05', 'pc': '-83.06', 'ft': '1758694380', 'v': '29531980', 'bp1': '27.00', 'sp1': '27.10', 'bq1': '10340', 'sq1': '1820'}
2025-09-24 11:43:47,861 - INFO - Live price updated: 27.05
2025-09-24 11:43:48,930 - INFO - Quote Received for Account 1: {'t': 'tf', 'e': 'BFO', 'tk': '841835', 'lp': '27.00', 'pc': '-83.09', 'ft': '1758694381', 'v': '29537300', 'bp1': '27.05', 'bq1': '3780', 'sq1': '160'}
2025-09-24 11:43:48,934 - INFO - Live price updated: 27.00
2025-09-24 11:43:50,003 - INFO - Quote Received for Account 1: {'t': 'tf', 'e': 'BFO', 'tk': '841835', 'ft': '1758694382', 'v': '29541940', 'bp1': '27.00', 'sp1': '27.05', 'bq1': '4920', 'sq1': '1840'}
2025-09-24 11:43:51,084 - INFO - Quote Received for Account 1: {'t': 'tf', 'e': 'BFO', 'tk': '841835', 'lp': '26.90', 'pc': '-83.16', 'ft': '1758694383', 'v': '29547000', 'bp1': '26.80', 'sp1': '26.90', 'bq1': '1800', 'sq1': '200'}
2025-09-24 11:43:51,085 - INFO - Live price updated: 26.90
2025-09-24 11:43:52,150 - INFO - Quote Received for Account 1: {'t': 'tf', 'e': 'BFO', 'tk': '841835', 'lp': '26.85', 'pc': '-83.19', 'ft': '1758694384', 'v': '29547240', 'sq1': '1720'}
2025-09-24 11:43:52,152 - INFO - Live price updated: 26.85
2025-09-24 11:43:53,214 - INFO - Quote Received for Account 1: {'t': 'tf', 'e': 'BFO', 'tk': '841835', 'lp': '26.70', 'pc': '-83.28', 'ft': '1758694385', 'v': '29552460', 'bq1': '400', 'sq1': '1220'}
2025-09-24 11:43:53,220 - INFO - Live price updated: 26.70
2025-09-24 11:43:54,313 - INFO - Quote Received for Account 1: {'t': 'tf', 'e': 'BFO', 'tk': '841835', 'lp': '26.80', 'pc': '-83.22', 'ft': '1758694386', 'v': '29554680', 'bp1': '26.85', 'sp1': '27.00', 'bq1': '940', 'sq1': '1920'}
2025-09-24 11:43:54,323 - INFO - Live price updated: 26.80
2025-09-24 11:43:55,354 - INFO - Quote Received for Account 1: {'t': 'tf', 'e': 'BFO', 'tk': '841835', 'lp': '27.00', 'pc': '-83.09', 'ft': '1758694387', 'v': '29555580', 'bp1': '26.90', 'bq1': '40', 'sq1': '960'}
2025-09-24 11:43:55,354 - INFO - Live price updated: 27.00
2025-09-24 11:43:56,428 - INFO - Quote Received for Account 1: {'t': 'tf', 'e': 'BFO', 'tk': '841835', 'lp': '27.05', 'pc': '-83.06', 'ft': '1758694388', 'ap': '36.54', 'v': '29558320', 'bp1': '27.00', 'sp1': '27.05', 'bq1': '20', 'sq1': '800'}
2025-09-24 11:43:56,432 - INFO - Live price updated: 27.05
2025-09-24 11:43:57,499 - INFO - Quote Received for Account 1: {'t': 'tf', 'e': 'BFO', 'tk': '841835', 'ft': '1758694389', 'v': '29558440', 'sp1': '27.10', 'bq1': '360', 'sq1': '1040'}
2025-09-24 11:43:58,572 - INFO - Quote Received for Account 1: {'t': 'tf', 'e': 'BFO', 'tk': '841835', 'lp': '26.90', 'pc': '-83.16', 'ft': '1758694390', 'v': '29561260', 'bp1': '26.85', 'sp1': '26.95', 'bq1': '1740', 'sq1': '1480'}
2025-09-24 11:43:58,574 - INFO - Live price updated: 26.90
2025-09-24 11:43:59,639 - INFO - Quote Received for Account 1: {'t': 'tf', 'e': 'BFO', 'tk': '841835', 'lp': '27.15', 'pc': '-83.00', 'ft': '1758694392', 'v': '29566040', 'bp1': '27.20', 'sp1': '27.30', 'bq1': '640', 'sq1': '1880'}
2025-09-24 11:43:59,641 - INFO - Live price updated: 27.15
2025-09-24 11:44:00,711 - INFO - Quote Received for Account 1: {'t': 'tf', 'e': 'BFO', 'tk': '841835', 'lp': '27.05', 'pc': '-83.06', 'ft': '1758694393', 'v': '29566620', 'bp1': '27.00', 'sp1': '27.05', 'bq1': '1780', 'sq1': '20'}
2025-09-24 11:44:00,713 - INFO - Live price updated: 27.05
2025-09-24 11:44:01,795 - INFO - Quote Received for Account 1: {'t': 'tf', 'e': 'BFO', 'tk': '841835', 'lp': '27.10', 'pc': '-83.03', 'ft': '1758694394', 'v': '29567600', 'sp1': '27.10', 'bq1': '2240', 'sq1': '500'}
2025-09-24 11:44:01,797 - INFO - Live price updated: 27.10
2025-09-24 11:44:02,856 - INFO - Quote Received for Account 1: {'t': 'tf', 'e': 'BFO', 'tk': '841835', 'lp': '26.75', 'pc': '-83.25', 'ft': '1758694395', 'v': '29569340', 'bp1': '26.65', 'sp1': '26.75', 'bq1': '1920', 'sq1': '960'}
2025-09-24 11:44:02,857 - INFO - Live price updated: 26.75
2025-09-24 11:44:03,925 - INFO - Quote Received for Account 1: {'t': 'tf', 'e': 'BFO', 'tk': '841835', 'lp': '26.85', 'pc': '-83.19', 'ft': '1758694396', 'v': '29576300', 'bp1': '26.85', 'sp1': '26.95', 'bq1': '1820', 'sq1': '1120'}
2025-09-24 11:44:03,926 - INFO - Live price updated: 26.85
2025-09-24 11:44:04,996 - INFO - Quote Received for Account 1: {'t': 'tf', 'e': 'BFO', 'tk': '841835', 'lp': '26.95', 'pc': '-83.12', 'ft': '1758694397', 'v': '29578960', 'bp1': '26.95', 'sp1': '27.05', 'bq1': '420', 'sq1': '2160'}
2025-09-24 11:44:04,996 - INFO - Live price updated: 26.95
2025-09-24 11:44:06,067 - INFO - Quote Received for Account 1: {'t': 'tf', 'e': 'BFO', 'tk': '841835', 'lp': '27.05', 'pc': '-83.06', 'ft': '1758694398', 'v': '29580400', 'bp1': '27.05', 'sp1': '27.10', 'bq1': '360', 'sq1': '1300'}
2025-09-24 11:44:06,068 - INFO - Live price updated: 27.05
2025-09-24 11:44:07,138 - INFO - Quote Received for Account 1: {'t': 'tf', 'e': 'BFO', 'tk': '841835', 'lp': '26.90', 'pc': '-83.16', 'ft': '1758694399', 'v': '29581160', 'bp1': '26.85', 'sp1': '26.95', 'bq1': '2940', 'sq1': '1280'}
2025-09-24 11:44:07,140 - INFO - Live price updated: 26.90
2025-09-24 11:44:08,197 - INFO - Quote Received for Account 1: {'t': 'tf', 'e': 'BFO', 'tk': '841835', 'ft': '1758694400', 'v': '29585320', 'sq1': '1980'}
2025-09-24 11:44:09,287 - INFO - Quote Received for Account 1: {'t': 'tf', 'e': 'BFO', 'tk': '841835', 'ft': '1758694401', 'ap': '36.53', 'v': '29588200', 'bq1': '1560', 'sq1': '260'}
2025-09-24 11:44:10,349 - INFO - Quote Received for Account 1: {'t': 'tf', 'e': 'BFO', 'tk': '841835', 'lp': '26.95', 'pc': '-83.12', 'ft': '1758694402', 'v': '29588260', 'bp1': '26.95', 'sp1': '27.05', 'bq1': '1000', 'sq1': '20'}
2025-09-24 11:44:10,350 - INFO - Live price updated: 26.95
2025-09-24 11:44:11,437 - INFO - Quote Received for Account 1: {'t': 'tf', 'e': 'BFO', 'tk': '841835', 'lp': '27.15', 'pc': '-83.00', 'ft': '1758694403', 'v': '29589340', 'bp1': '27.05', 'sp1': '27.20', 'bq1': '1360', 'sq1': '780'}
2025-09-24 11:44:11,439 - INFO - Live price updated: 27.15
2025-09-24 11:44:12,494 - INFO - Quote Received for Account 1: {'t': 'tf', 'e': 'BFO', 'tk': '841835', 'lp': '27.40', 'pc': '-82.84', 'ft': '1758694404', 'v': '29590200', 'bp1': '27.30', 'sp1': '27.35', 'bq1': '320', 'sq1': '220'}
2025-09-24 11:44:12,496 - INFO - Live price updated: 27.40
2025-09-24 11:44:13,571 - INFO - Quote Received for Account 1: {'t': 'tf', 'e': 'BFO', 'tk': '841835', 'lp': '27.55', 'pc': '-82.75', 'ft': '1758694405', 'v': '29590620', 'bp1': '27.55', 'sp1': '27.65', 'bq1': '520', 'sq1': '820'}
2025-09-24 11:44:13,573 - INFO - Live price updated: 27.55
2025-09-24 11:44:14,638 - INFO - Quote Received for Account 1: {'t': 'tf', 'e': 'BFO', 'tk': '841835', 'lp': '27.75', 'pc': '-82.62', 'ft': '1758694407', 'v': '29592660', 'bp1': '27.70', 'sp1': '27.80', 'bq1': '540', 'sq1': '1100'}
2025-09-24 11:44:14,642 - INFO - Live price updated: 27.75
2025-09-24 11:44:15,724 - INFO - Quote Received for Account 1: {'t': 'tf', 'e': 'BFO', 'tk': '841835', 'ft': '1758694408', 'v': '29594500', 'bq1': '1880', 'sq1': '640'}
2025-09-24 11:44:16,768 - INFO - Quote Received for Account 1: {'t': 'tf', 'e': 'BFO', 'tk': '841835', 'lp': '27.65', 'pc': '-82.69', 'ft': '1758694409', 'v': '29594680', 'bp1': '27.65', 'sp1': '27.75', 'bq1': '1480', 'sq1': '480'}
2025-09-24 11:44:16,779 - INFO - Live price updated: 27.65
2025-09-24 11:44:17,860 - INFO - Quote Received for Account 1: {'t': 'tf', 'e': 'BFO', 'tk': '841835', 'lp': '27.75', 'pc': '-82.62', 'ft': '1758694410', 'v': '29595340', 'bp1': '27.75', 'sp1': '27.85', 'bq1': '1520', 'sq1': '1680'}
2025-09-24 11:44:17,861 - INFO - Live price updated: 27.75
2025-09-24 11:44:18,920 - INFO - Quote Received for Account 1: {'t': 'tf', 'e': 'BFO', 'tk': '841835', 'lp': '27.85', 'pc': '-82.56', 'ft': '1758694411', 'v': '29595500', 'bp1': '27.70', 'sp1': '27.80', 'bq1': '2520', 'sq1': '1020'}
2025-09-24 11:44:18,922 - INFO - Live price updated: 27.85
2025-09-24 11:44:19,990 - INFO - Quote Received for Account 1: {'t': 'tf', 'e': 'BFO', 'tk': '841835', 'lp': '27.95', 'pc': '-82.50', 'ft': '1758694412', 'v': '29596980', 'bp1': '27.95', 'sp1': '28.00', 'bq1': '780', 'sq1': '420'}
2025-09-24 11:44:19,993 - INFO - Live price updated: 27.95
2025-09-24 11:44:21,061 - INFO - Quote Received for Account 1: {'t': 'tf', 'e': 'BFO', 'tk': '841835', 'lp': '27.90', 'pc': '-82.53', 'ft': '1758694413', 'v': '29598460', 'bp1': '27.90', 'bq1': '1860', 'sq1': '160'}
2025-09-24 11:44:21,063 - INFO - Live price updated: 27.90
2025-09-24 11:44:22,123 - INFO - Quote Received for Account 1: {'t': 'tf', 'e': 'BFO', 'tk': '841835', 'lp': '28.10', 'pc': '-82.40', 'ft': '1758694414', 'v': '29598660', 'bp1': '28.10', 'sp1': '28.25', 'bq1': '3520', 'sq1': '960'}
2025-09-24 11:44:22,123 - INFO - Live price updated: 28.10
2025-09-24 11:44:23,204 - INFO - Quote Received for Account 1: {'t': 'tf', 'e': 'BFO', 'tk': '841835', 'lp': '28.00', 'pc': '-82.47', 'ft': '1758694415', 'v': '29599060', 'bp1': '27.95', 'sp1': '28.10', 'bq1': '2220', 'sq1': '1980'}
2025-09-24 11:44:23,207 - INFO - Live price updated: 28.00
2025-09-24 11:44:24,275 - INFO - Quote Received for Account 1: {'t': 'tf', 'e': 'BFO', 'tk': '841835', 'lp': '27.85', 'pc': '-82.56', 'ft': '1758694416', 'v': '29599860', 'bp1': '27.80', 'sp1': '27.90', 'bq1': '280', 'sq1': '960'}
2025-09-24 11:44:24,278 - INFO - Live price updated: 27.85
2025-09-24 11:44:25,348 - INFO - Quote Received for Account 1: {'t': 'tf', 'e': 'BFO', 'tk': '841835', 'lp': '27.95', 'pc': '-82.50', 'ft': '1758694417', 'v': '29599940', 'bp1': '27.75', 'sp1': '27.85', 'bq1': '1200', 'sq1': '940'}
2025-09-24 11:44:25,355 - INFO - Live price updated: 27.95
2025-09-24 11:44:26,417 - INFO - Quote Received for Account 1: {'t': 'tf', 'e': 'BFO', 'tk': '841835', 'lp': '27.80', 'pc': '-82.59', 'ft': '1758694418', 'v': '29600560', 'bq1': '2580', 'sq1': '1460'}
2025-09-24 11:44:26,419 - INFO - Live price updated: 27.80
2025-09-24 11:44:27,501 - INFO - Quote Received for Account 1: {'t': 'tf', 'e': 'BFO', 'tk': '841835', 'lp': '27.95', 'pc': '-82.50', 'ft': '1758694419', 'v': '29605340', 'bq1': '2160', 'sq1': '780'}
2025-09-24 11:44:27,504 - INFO - Live price updated: 27.95
2025-09-24 11:44:28,580 - INFO - Quote Received for Account 1: {'t': 'tf', 'e': 'BFO', 'tk': '841835', 'lp': '27.65', 'pc': '-82.69', 'ft': '1758694421', 'v': '29607580', 'bq1': '1120', 'sq1': '1380'}
2025-09-24 11:44:28,583 - INFO - Live price updated: 27.65
2025-09-24 11:44:29,629 - INFO - Quote Received for Account 1: {'t': 'tf', 'e': 'BFO', 'tk': '841835', 'lp': '27.85', 'pc': '-82.56', 'ft': '1758694422', 'v': '29608780', 'bq1': '1920', 'sq1': '260'}
2025-09-24 11:44:29,632 - INFO - Live price updated: 27.85
2025-09-24 11:44:30,702 - INFO - Quote Received for Account 1: {'t': 'tf', 'e': 'BFO', 'tk': '841835', 'lp': '27.90', 'pc': '-82.53', 'ft': '1758694423', 'v': '29608800', 'bq1': '2120', 'sq1': '580'}
2025-09-24 11:44:30,704 - INFO - Live price updated: 27.90
2025-09-24 11:44:31,779 - INFO - Quote Received for Account 1: {'t': 'tf', 'e': 'BFO', 'tk': '841835', 'lp': '27.80', 'pc': '-82.59', 'ft': '1758694424', 'v': '29610960', 'bp1': '27.80', 'sp1': '27.90', 'bq1': '2080', 'sq1': '200'}
2025-09-24 11:44:31,780 - INFO - Live price updated: 27.80
2025-09-24 11:44:32,841 - INFO - Quote Received for Account 1: {'t': 'tf', 'e': 'BFO', 'tk': '841835', 'lp': '27.75', 'pc': '-82.62', 'ft': '1758694425', 'v': '29610980', 'bq1': '1860', 'sq1': '840'}
2025-09-24 11:44:32,843 - INFO - Live price updated: 27.75
2025-09-24 11:44:33,919 - INFO - Quote Received for Account 1: {'t': 'tf', 'e': 'BFO', 'tk': '841835', 'lp': '27.85', 'pc': '-82.56', 'ft': '1758694426', 'v': '29614660', 'bp1': '27.70', 'sp1': '27.80', 'bq1': '2020', 'sq1': '1100'}
2025-09-24 11:44:33,921 - INFO - Live price updated: 27.85
2025-09-24 11:44:34,989 - INFO - Quote Received for Account 1: {'t': 'tf', 'e': 'BFO', 'tk': '841835', 'lp': '27.55', 'pc': '-82.75', 'ft': '1758694427', 'v': '29619160', 'bp1': '27.75', 'sp1': '27.85', 'bq1': '2160', 'sq1': '1260'}
2025-09-24 11:44:34,991 - INFO - Live price updated: 27.55
2025-09-24 11:44:36,054 - INFO - Quote Received for Account 1: {'t': 'tf', 'e': 'BFO', 'tk': '841835', 'lp': '27.70', 'pc': '-82.65', 'ft': '1758694428', 'ap': '36.52', 'v': '29621560', 'bp1': '27.65', 'sp1': '27.80', 'bq1': '2860', 'sq1': '1500'}
2025-09-24 11:44:36,056 - INFO - Live price updated: 27.70
2025-09-24 11:44:37,128 - INFO - Quote Received for Account 1: {'t': 'tf', 'e': 'BFO', 'tk': '841835', 'lp': '27.80', 'pc': '-82.59', 'ft': '1758694429', 'v': '29624080', 'sp1': '27.75', 'bq1': '2400', 'sq1': '340'}
2025-09-24 11:44:37,130 - INFO - Live price updated: 27.80
2025-09-24 11:44:38,196 - INFO - Quote Received for Account 1: {'t': 'tf', 'e': 'BFO', 'tk': '841835', 'lp': '27.75', 'pc': '-82.62', 'ft': '1758694430', 'v': '29625280', 'bq1': '1420', 'sq1': '1340'}
2025-09-24 11:44:38,199 - INFO - Live price updated: 27.75
2025-09-24 11:44:39,267 - INFO - Quote Received for Account 1: {'t': 'tf', 'e': 'BFO', 'tk': '841835', 'ft': '1758694431', 'v': '29625480', 'bp1': '27.60', 'sp1': '27.70', 'bq1': '240', 'sq1': '1560'}
2025-09-24 11:44:40,326 - INFO - Quote Received for Account 1: {'t': 'tf', 'e': 'BFO', 'tk': '841835', 'lp': '27.65', 'pc': '-82.69', 'ft': '1758694432', 'v': '29625800', 'bp1': '27.70', 'sp1': '27.80', 'bq1': '600', 'sq1': '1000'}
2025-09-24 11:44:40,340 - INFO - Live price updated: 27.65
2025-09-24 11:44:41,406 - INFO - Quote Received for Account 1: {'t': 'tf', 'e': 'BFO', 'tk': '841835', 'lp': '27.80', 'pc': '-82.59', 'ft': '1758694433', 'v': '29625820', 'bp1': '27.75', 'sp1': '27.85', 'bq1': '2560', 'sq1': '200'}
2025-09-24 11:44:41,406 - INFO - Live price updated: 27.80
2025-09-24 11:44:42,480 - INFO - Quote Received for Account 1: {'t': 'tf', 'e': 'BFO', 'tk': '841835', 'ft': '1758694434', 'v': '29633980', 'bp1': '27.65', 'sp1': '27.75', 'bq1': '1780', 'sq1': '660'}
2025-09-24 11:44:43,571 - INFO - Quote Received for Account 1: {'t': 'tf', 'e': 'BFO', 'tk': '841835', 'lp': '27.60', 'pc': '-82.72', 'ft': '1758694435', 'v': '29638000', 'bp1': '27.50', 'sp1': '27.60', 'bq1': '1500', 'sq1': '560'}
2025-09-24 11:44:43,572 - INFO - Live price updated: 27.60
2025-09-24 11:44:44,622 - INFO - Quote Received for Account 1: {'t': 'tf', 'e': 'BFO', 'tk': '841835', 'lp': '27.55', 'pc': '-82.75', 'ft': '1758694437', 'v': '29639780', 'bp1': '27.45', 'sp1': '27.55', 'bq1': '1920', 'sq1': '920'}
2025-09-24 11:44:44,623 - INFO - Live price updated: 27.55
2025-09-24 11:44:45,699 - INFO - Quote Received for Account 1: {'t': 'tf', 'e': 'BFO', 'tk': '841835', 'lp': '27.45', 'pc': '-82.81', 'ft': '1758694438', 'v': '29641420', 'bp1': '27.40', 'sp1': '27.50', 'bq1': '2580', 'sq1': '640'}
2025-09-24 11:44:45,701 - INFO - Live price updated: 27.45
2025-09-24 11:44:46,762 - INFO - Quote Received for Account 1: {'t': 'tf', 'e': 'BFO', 'tk': '841835', 'lp': '27.35', 'pc': '-82.87', 'ft': '1758694439', 'v': '29643100', 'bp1': '27.30', 'sp1': '27.40', 'bq1': '720', 'sq1': '780'}
2025-09-24 11:44:46,765 - INFO - Live price updated: 27.35
2025-09-24 11:44:47,834 - INFO - Quote Received for Account 1: {'t': 'tf', 'e': 'BFO', 'tk': '841835', 'lp': '27.40', 'pc': '-82.84', 'ft': '1758694440', 'v': '29643400', 'bp1': '27.45', 'sp1': '27.55', 'bq1': '1880', 'sq1': '900'}
2025-09-24 11:44:47,835 - INFO - Live price updated: 27.40
2025-09-24 11:44:48,906 - INFO - Quote Received for Account 1: {'t': 'tf', 'e': 'BFO', 'tk': '841835', 'lp': '27.60', 'pc': '-82.72', 'ft': '1758694441', 'v': '29645500', 'bq1': '1060', 'sq1': '380'}
2025-09-24 11:44:48,908 - INFO - Live price updated: 27.60
2025-09-24 11:44:49,984 - INFO - Quote Received for Account 1: {'t': 'tf', 'e': 'BFO', 'tk': '841835', 'ft': '1758694442', 'v': '29645540', 'bp1': '27.55', 'sp1': '27.65', 'bq1': '780', 'sq1': '2780'}
2025-09-24 11:44:51,050 - INFO - Quote Received for Account 1: {'t': 'tf', 'e': 'BFO', 'tk': '841835', 'lp': '27.45', 'pc': '-82.81', 'ft': '1758694443', 'v': '29646120', 'bp1': '27.40', 'sp1': '27.50', 'bq1': '2200', 'sq1': '200'}
2025-09-24 11:44:51,050 - INFO - Live price updated: 27.45
2025-09-24 11:44:52,118 - INFO - Quote Received for Account 1: {'t': 'tf', 'e': 'BFO', 'tk': '841835', 'ft': '1758694444', 'v': '29647180', 'bp1': '27.45', 'sp1': '27.60', 'bq1': '1760', 'sq1': '1540'}
2025-09-24 11:44:53,189 - INFO - Quote Received for Account 1: {'t': 'tf', 'e': 'BFO', 'tk': '841835', 'lp': '27.50', 'pc': '-82.78', 'ft': '1758694445', 'v': '29649040', 'bp1': '27.50', 'bq1': '1540', 'sq1': '720'}
2025-09-24 11:44:53,189 - INFO - Live price updated: 27.50
2025-09-24 11:44:54,261 - INFO - Quote Received for Account 1: {'t': 'tf', 'e': 'BFO', 'tk': '841835', 'lp': '27.60', 'pc': '-82.72', 'ft': '1758694446', 'v': '29649120', 'bp1': '27.55', 'sp1': '27.65', 'bq1': '1240', 'sq1': '1760'}
2025-09-24 11:44:54,263 - INFO - Live price updated: 27.60
2025-09-24 11:44:55,329 - INFO - Quote Received for Account 1: {'t': 'tf', 'e': 'BFO', 'tk': '841835', 'lp': '27.50', 'pc': '-82.78', 'ft': '1758694447', 'v': '29650460', 'bp1': '27.45', 'sp1': '27.60', 'bq1': '2120', 'sq1': '2380'}
2025-09-24 11:44:55,333 - INFO - Live price updated: 27.50
2025-09-24 11:44:56,402 - INFO - Quote Received for Account 1: {'t': 'tf', 'e': 'BFO', 'tk': '841835', 'lp': '27.60', 'pc': '-82.72', 'ft': '1758694448', 'v': '29650860', 'bp1': '27.55', 'sp1': '27.65', 'bq1': '780', 'sq1': '2100'}
2025-09-24 11:44:56,403 - INFO - Live price updated: 27.60
2025-09-24 11:44:57,475 - INFO - Quote Received for Account 1: {'t': 'tf', 'e': 'BFO', 'tk': '841835', 'lp': '27.55', 'pc': '-82.75', 'ft': '1758694449', 'v': '29650940', 'bp1': '27.45', 'sp1': '27.55', 'bq1': '2040', 'sq1': '660'}
2025-09-24 11:44:57,478 - INFO - Live price updated: 27.55
2025-09-24 11:44:58,547 - INFO - Quote Received for Account 1: {'t': 'tf', 'e': 'BFO', 'tk': '841835', 'ft': '1758694450', 'v': '29651460', 'bq1': '2420', 'sq1': '100'}
2025-09-24 11:44:59,611 - INFO - Quote Received for Account 1: {'t': 'tf', 'e': 'BFO', 'tk': '841835', 'lp': '27.60', 'pc': '-82.72', 'ft': '1758694452', 'v': '29651720', 'bp1': '27.50', 'sp1': '27.60', 'bq1': '2720', 'sq1': '280'}
2025-09-24 11:44:59,611 - INFO - Live price updated: 27.60
2025-09-24 11:45:00,691 - INFO - Quote Received for Account 1: {'t': 'tf', 'e': 'BFO', 'tk': '841835', 'lp': '27.65', 'pc': '-82.69', 'ft': '1758694453', 'v': '29652880', 'bp1': '27.55', 'sp1': '27.65', 'bq1': '2180', 'sq1': '200'}
2025-09-24 11:45:00,691 - INFO - Live price updated: 27.65
2025-09-24 11:45:01,761 - INFO - Quote Received for Account 1: {'t': 'tf', 'e': 'BFO', 'tk': '841835', 'lp': '27.50', 'pc': '-82.78', 'ft': '1758694454', 'v': '29653480', 'bp1': '27.60', 'sp1': '27.70', 'bq1': '880', 'sq1': '1060'}
2025-09-24 11:45:01,762 - INFO - Live price updated: 27.50
2025-09-24 11:45:02,831 - INFO - Quote Received for Account 1: {'t': 'tf', 'e': 'BFO', 'tk': '841835', 'lp': '27.65', 'pc': '-82.69', 'ft': '1758694455', 'v': '29654500', 'bq1': '660', 'sq1': '1320'}
2025-09-24 11:45:02,832 - INFO - Live price updated: 27.65
2025-09-24 11:45:03,892 - INFO - Quote Received for Account 1: {'t': 'tf', 'e': 'BFO', 'tk': '841835', 'ft': '1758694456', 'v': '29654560', 'sp1': '27.65', 'bq1': '240', 'sq1': '760'}
2025-09-24 11:45:04,959 - INFO - Quote Received for Account 1: {'t': 'tf', 'e': 'BFO', 'tk': '841835', 'lp': '27.60', 'pc': '-82.72', 'ft': '1758694457', 'ap': '36.51', 'v': '29654940', 'bp1': '27.40', 'sp1': '27.50', 'bq1': '2060', 'sq1': '800'}
2025-09-24 11:45:04,959 - INFO - Live price updated: 27.60
2025-09-24 11:45:06,032 - INFO - Quote Received for Account 1: {'t': 'tf', 'e': 'BFO', 'tk': '841835', 'ft': '1758694458', 'v': '29655680', 'bp1': '27.50', 'sp1': '27.60', 'bq1': '1320', 'sq1': '520'}
2025-09-24 11:45:07,112 - INFO - Quote Received for Account 1: {'t': 'tf', 'e': 'BFO', 'tk': '841835', 'lp': '27.70', 'pc': '-82.65', 'ft': '1758694459', 'v': '29657520', 'bp1': '27.70', 'sp1': '27.80', 'bq1': '1080', 'sq1': '500'}
2025-09-24 11:45:07,117 - INFO - Live price updated: 27.70
2025-09-24 11:45:07,271 - INFO - Quote Received for Account 1: {'t': 'tf', 'e': 'BFO', 'tk': '841835', 'ft': '1758694459', 'oi': '2853540'}
2025-09-24 11:45:08,185 - INFO - Quote Received for Account 1: {'t': 'tf', 'e': 'BFO', 'tk': '841835', 'lp': '27.95', 'pc': '-82.50', 'ft': '1758694460', 'v': '29659200', 'bp1': '27.90', 'sp1': '27.95', 'bq1': '1940', 'sq1': '1060'}
2025-09-24 11:45:08,186 - INFO - Live price updated: 27.95
2025-09-24 11:45:09,253 - INFO - Quote Received for Account 1: {'t': 'tf', 'e': 'BFO', 'tk': '841835', 'lp': '28.15', 'pc': '-82.37', 'ft': '1758694461', 'v': '29663600', 'bp1': '28.10', 'sp1': '28.20', 'bq1': '960', 'sq1': '2400'}
2025-09-24 11:45:09,253 - INFO - Live price updated: 28.15
2025-09-24 11:45:10,326 - INFO - Quote Received for Account 1: {'t': 'tf', 'e': 'BFO', 'tk': '841835', 'lp': '28.60', 'pc': '-82.09', 'ft': '1758694462', 'v': '29667000', 'bp1': '28.55', 'sp1': '28.65', 'bq1': '420', 'sq1': '1980'}
2025-09-24 11:45:10,329 - INFO - Live price updated: 28.60
2025-09-24 11:45:11,394 - INFO - Quote Received for Account 1: {'t': 'tf', 'e': 'BFO', 'tk': '841835', 'lp': '28.80', 'pc': '-81.97', 'ft': '1758694463', 'v': '29667740', 'bp1': '28.70', 'sp1': '28.80', 'bq1': '440', 'sq1': '2400'}
2025-09-24 11:45:11,394 - INFO - Live price updated: 28.80
2025-09-24 11:45:12,476 - INFO - Quote Received for Account 1: {'t': 'tf', 'e': 'BFO', 'tk': '841835', 'lp': '28.55', 'pc': '-82.12', 'ft': '1758694464', 'v': '29667980', 'bp1': '28.50', 'sp1': '28.60', 'bq1': '540', 'sq1': '1500'}
2025-09-24 11:45:12,478 - INFO - Live price updated: 28.55
2025-09-24 11:45:13,539 - INFO - Quote Received for Account 1: {'t': 'tf', 'e': 'BFO', 'tk': '841835', 'lp': '28.70', 'pc': '-82.03', 'ft': '1758694465', 'v': '29668580', 'bp1': '28.70', 'sp1': '28.80', 'bq1': '2920', 'sq1': '800'}
2025-09-24 11:45:13,539 - INFO - Live price updated: 28.70
2025-09-24 11:45:14,608 - INFO - Quote Received for Account 1: {'t': 'tf', 'e': 'BFO', 'tk': '841835', 'lp': '28.85', 'pc': '-81.93', 'ft': '1758694467', 'v': '29681400', 'bp1': '28.85', 'sp1': '28.95', 'bq1': '460', 'sq1': '1460'}
2025-09-24 11:45:14,611 - INFO - Live price updated: 28.85
2025-09-24 11:45:15,681 - INFO - Quote Received for Account 1: {'t': 'tf', 'e': 'BFO', 'tk': '841835', 'lp': '29.05', 'pc': '-81.81', 'ft': '1758694468', 'v': '29684040', 'bp1': '29.05', 'sp1': '29.15', 'bq1': '320', 'sq1': '1040'}
2025-09-24 11:45:15,684 - INFO - Live price updated: 29.05
2025-09-24 11:45:16,755 - INFO - Quote Received for Account 1: {'t': 'tf', 'e': 'BFO', 'tk': '841835', 'lp': '29.00', 'pc': '-81.84', 'ft': '1758694469', 'v': '29685940', 'bp1': '28.90', 'sp1': '29.00', 'bq1': '3140', 'sq1': '100'}
2025-09-24 11:45:16,755 - INFO - Live price updated: 29.00
2025-09-24 11:45:17,822 - INFO - Quote Received for Account 1: {'t': 'tf', 'e': 'BFO', 'tk': '841835', 'lp': '29.05', 'pc': '-81.81', 'ft': '1758694470', 'v': '29687680', 'bp1': '29.00', 'sp1': '29.10', 'bq1': '4180', 'sq1': '260'}
2025-09-24 11:45:17,823 - INFO - Live price updated: 29.05
2025-09-24 11:45:18,893 - INFO - Quote Received for Account 1: {'t': 'tf', 'e': 'BFO', 'tk': '841835', 'lp': '29.20', 'pc': '-81.72', 'ft': '1758694471', 'v': '29691520', 'bp1': '29.15', 'sp1': '29.25', 'bq1': '1660', 'sq1': '1880'}
2025-09-24 11:45:18,894 - INFO - Live price updated: 29.20
2025-09-24 11:45:19,976 - INFO - Quote Received for Account 1: {'t': 'tf', 'e': 'BFO', 'tk': '841835', 'lp': '29.10', 'pc': '-81.78', 'ft': '1758694472', 'ap': '36.50', 'v': '29694320', 'bq1': '240', 'sq1': '2300'}
2025-09-24 11:45:19,980 - INFO - Live price updated: 29.10
2025-09-24 11:45:21,035 - INFO - Quote Received for Account 1: {'t': 'tf', 'e': 'BFO', 'tk': '841835', 'lp': '29.20', 'pc': '-81.72', 'ft': '1758694473', 'v': '29696760', 'bp1': '29.20', 'sp1': '29.30', 'bq1': '2620', 'sq1': '260'}
2025-09-24 11:45:21,037 - INFO - Live price updated: 29.20
2025-09-24 11:45:22,112 - INFO - Quote Received for Account 1: {'t': 'tf', 'e': 'BFO', 'tk': '841835', 'lp': '29.10', 'pc': '-81.78', 'ft': '1758694474', 'v': '29698300', 'bp1': '29.10', 'sp1': '29.15', 'bq1': '1200', 'sq1': '300'}
2025-09-24 11:45:22,113 - INFO - Live price updated: 29.10
2025-09-24 11:45:23,177 - INFO - Quote Received for Account 1: {'t': 'tf', 'e': 'BFO', 'tk': '841835', 'lp': '29.30', 'pc': '-81.65', 'ft': '1758694475', 'v': '29700180', 'bp1': '29.30', 'sp1': '29.35', 'bq1': '720', 'sq1': '20'}
2025-09-24 11:45:23,177 - INFO - Live price updated: 29.30
2025-09-24 11:45:24,253 - INFO - Quote Received for Account 1: {'t': 'tf', 'e': 'BFO', 'tk': '841835', 'lp': '29.50', 'pc': '-81.53', 'ft': '1758694476', 'v': '29703980', 'bp1': '29.45', 'sp1': '29.50', 'bq1': '1160', 'sq1': '260'}
2025-09-24 11:45:24,254 - INFO - Live price updated: 29.50
2025-09-24 11:45:25,318 - INFO - Quote Received for Account 1: {'t': 'tf', 'e': 'BFO', 'tk': '841835', 'lp': '29.45', 'pc': '-81.56', 'ft': '1758694477', 'v': '29710640', 'sp1': '29.55', 'bq1': '2280', 'sq1': '560'}
2025-09-24 11:45:25,319 - INFO - Live price updated: 29.45
2025-09-24 11:45:26,389 - INFO - Quote Received for Account 1: {'t': 'tf', 'e': 'BFO', 'tk': '841835', 'lp': '29.50', 'pc': '-81.53', 'ft': '1758694478', 'v': '29711540', 'bp1': '29.50', 'bq1': '1440', 'sq1': '140'}
2025-09-24 11:45:26,390 - INFO - Live price updated: 29.50
2025-09-24 11:45:27,462 - INFO - Quote Received for Account 1: {'t': 'tf', 'e': 'BFO', 'tk': '841835', 'lp': '29.70', 'pc': '-81.40', 'ft': '1758694479', 'v': '29713120', 'bp1': '29.65', 'sp1': '29.75', 'bq1': '720', 'sq1': '12240'}
2025-09-24 11:45:27,464 - INFO - Live price updated: 29.70
2025-09-24 11:45:28,531 - INFO - Quote Received for Account 1: {'t': 'tf', 'e': 'BFO', 'tk': '841835', 'lp': '29.60', 'pc': '-81.47', 'ft': '1758694480', 'v': '29717000', 'bp1': '29.60', 'sp1': '29.70', 'bq1': '1360', 'sq1': '4480'}
2025-09-24 11:45:28,533 - INFO - Live price updated: 29.60
2025-09-24 11:45:29,617 - INFO - Quote Received for Account 1: {'t': 'tf', 'e': 'BFO', 'tk': '841835', 'lp': '29.75', 'pc': '-81.37', 'ft': '1758694482', 'v': '29718980', 'bp1': '29.70', 'sp1': '29.75', 'bq1': '3440', 'sq1': '8300'}
2025-09-24 11:45:29,619 - INFO - Live price updated: 29.75
2025-09-24 11:45:30,673 - INFO - Quote Received for Account 1: {'t': 'tf', 'e': 'BFO', 'tk': '841835', 'lp': '29.80', 'pc': '-81.34', 'ft': '1758694483', 'v': '29730520', 'bp1': '29.80', 'sp1': '29.85', 'bq1': '1200', 'sq1': '2060'}
2025-09-24 11:45:30,674 - INFO - Live price updated: 29.80
2025-09-24 11:45:31,741 - INFO - Quote Received for Account 1: {'t': 'tf', 'e': 'BFO', 'tk': '841835', 'lp': '29.90', 'pc': '-81.28', 'ft': '1758694484', 'v': '29733980', 'sp1': '29.90', 'bq1': '3260', 'sq1': '880'}
2025-09-24 11:45:31,741 - INFO - Live price updated: 29.90
2025-09-24 11:45:32,817 - INFO - Quote Received for Account 1: {'t': 'tf', 'e': 'BFO', 'tk': '841835', 'ft': '1758694485', 'ap': '36.49', 'v': '29736120', 'bq1': '1640', 'sq1': '760'}
2025-09-24 11:45:33,890 - INFO - Quote Received for Account 1: {'t': 'tf', 'e': 'BFO', 'tk': '841835', 'lp': '29.80', 'pc': '-81.34', 'ft': '1758694486', 'v': '29743360', 'bp1': '29.75', 'bq1': '1260', 'sq1': '1600'}
2025-09-24 11:45:33,892 - INFO - Live price updated: 29.80
2025-09-24 11:45:34,977 - INFO - Quote Received for Account 1: {'t': 'tf', 'e': 'BFO', 'tk': '841835', 'lp': '29.75', 'pc': '-81.37', 'ft': '1758694487', 'v': '29744740', 'bp1': '29.65', 'sp1': '29.75', 'bq1': '20', 'sq1': '1060'}
2025-09-24 11:45:34,978 - INFO - Live price updated: 29.75
2025-09-24 11:45:36,033 - INFO - Quote Received for Account 1: {'t': 'tf', 'e': 'BFO', 'tk': '841835', 'lp': '29.70', 'pc': '-81.40', 'ft': '1758694488', 'v': '29745440', 'bq1': '1800', 'sq1': '80'}
2025-09-24 11:45:36,035 - INFO - Live price updated: 29.70
2025-09-24 11:45:37,100 - INFO - Quote Received for Account 1: {'t': 'tf', 'e': 'BFO', 'tk': '841835', 'lp': '29.65', 'pc': '-81.43', 'ft': '1758694489', 'v': '29748800', 'bp1': '29.55', 'sp1': '29.65', 'bq1': '480', 'sq1': '1440'}
2025-09-24 11:45:37,100 - INFO - Live price updated: 29.65
2025-09-24 11:45:38,169 - INFO - Quote Received for Account 1: {'t': 'tf', 'e': 'BFO', 'tk': '841835', 'ft': '1758694490', 'v': '29753000', 'bq1': '840', 'sq1': '600'}
2025-09-24 11:45:39,241 - INFO - Quote Received for Account 1: {'t': 'tf', 'e': 'BFO', 'tk': '841835', 'lp': '29.70', 'pc': '-81.40', 'ft': '1758694491', 'v': '29755120', 'bp1': '29.60', 'sp1': '29.70', 'bq1': '260', 'sq1': '1660'}
2025-09-24 11:45:39,246 - INFO - Live price updated: 29.70
2025-09-24 11:45:40,311 - INFO - Quote Received for Account 1: {'t': 'tf', 'e': 'BFO', 'tk': '841835', 'lp': '29.80', 'pc': '-81.34', 'ft': '1758694492', 'v': '29757280', 'bp1': '29.65', 'sp1': '29.75', 'bq1': '1020', 'sq1': '880'}
2025-09-24 11:45:40,313 - INFO - Live price updated: 29.80
2025-09-24 11:45:41,382 - INFO - Quote Received for Account 1: {'t': 'tf', 'e': 'BFO', 'tk': '841835', 'lp': '29.50', 'pc': '-81.53', 'ft': '1758694493', 'v': '29762620', 'bp1': '29.55', 'sp1': '29.60', 'bq1': '20', 'sq1': '340'}
2025-09-24 11:45:41,384 - INFO - Live price updated: 29.50
2025-09-24 11:45:42,453 - INFO - Quote Received for Account 1: {'t': 'tf', 'e': 'BFO', 'tk': '841835', 'lp': '29.55', 'pc': '-81.50', 'ft': '1758694494', 'v': '29763440', 'bp1': '29.40', 'sp1': '29.55', 'bq1': '1920', 'sq1': '1720'}
2025-09-24 11:45:42,455 - INFO - Live price updated: 29.55
2025-09-24 11:45:43,525 - INFO - Quote Received for Account 1: {'t': 'tf', 'e': 'BFO', 'tk': '841835', 'lp': '29.50', 'pc': '-81.53', 'ft': '1758694495', 'v': '29765320', 'bp1': '29.50', 'sp1': '29.60', 'bq1': '80', 'sq1': '1780'}
2025-09-24 11:45:43,526 - INFO - Live price updated: 29.50
2025-09-24 11:45:44,596 - INFO - Quote Received for Account 1: {'t': 'tf', 'e': 'BFO', 'tk': '841835', 'lp': '29.60', 'pc': '-81.47', 'ft': '1758694497', 'v': '29769240', 'bq1': '360', 'sq1': '1000'}
2025-09-24 11:45:44,597 - INFO - Live price updated: 29.60
2025-09-24 11:45:45,667 - INFO - Quote Received for Account 1: {'t': 'tf', 'e': 'BFO', 'tk': '841835', 'lp': '29.25', 'pc': '-81.68', 'ft': '1758694498', 'v': '29772080', 'bp1': '29.30', 'sp1': '29.40', 'bq1': '1020', 'sq1': '420'}
2025-09-24 11:45:45,669 - INFO - Live price updated: 29.25
2025-09-24 11:45:46,738 - INFO - Quote Received for Account 1: {'t': 'tf', 'e': 'BFO', 'tk': '841835', 'lp': '29.30', 'pc': '-81.65', 'ft': '1758694499', 'v': '29774140', 'bq1': '1060', 'sq1': '320'}
2025-09-24 11:45:46,739 - INFO - Live price updated: 29.30
2025-09-24 11:45:47,808 - INFO - Quote Received for Account 1: {'t': 'tf', 'e': 'BFO', 'tk': '841835', 'lp': '29.45', 'pc': '-81.56', 'ft': '1758694500', 'v': '29774960', 'bp1': '29.40', 'sp1': '29.50', 'bq1': '540', 'sq1': '3000'}
2025-09-24 11:45:47,808 - INFO - Live price updated: 29.45
2025-09-24 11:45:48,887 - INFO - Quote Received for Account 1: {'t': 'tf', 'e': 'BFO', 'tk': '841835', 'lp': '29.55', 'pc': '-81.50', 'ft': '1758694501', 'v': '29778180', 'sp1': '29.55', 'bq1': '2000', 'sq1': '2500'}
2025-09-24 11:45:48,888 - INFO - Live price updated: 29.55
2025-09-24 11:45:49,954 - INFO - Quote Received for Account 1: {'t': 'tf', 'e': 'BFO', 'tk': '841835', 'lp': '29.50', 'pc': '-81.53', 'ft': '1758694502', 'v': '29778460', 'sp1': '29.50', 'bq1': '100', 'sq1': '3040'}
2025-09-24 11:45:49,956 - INFO - Live price updated: 29.50
2025-09-24 11:45:51,022 - INFO - Quote Received for Account 1: {'t': 'tf', 'e': 'BFO', 'tk': '841835', 'lp': '29.15', 'pc': '-81.75', 'ft': '1758694503', 'ap': '36.48', 'v': '29781080', 'bp1': '29.15', 'sp1': '29.25', 'bq1': '800', 'sq1': '1620'}
2025-09-24 11:45:51,024 - INFO - Live price updated: 29.15
2025-09-24 11:45:52,096 - INFO - Quote Received for Account 1: {'t': 'tf', 'e': 'BFO', 'tk': '841835', 'lp': '29.00', 'pc': '-81.84', 'ft': '1758694504', 'v': '29786280', 'bp1': '28.90', 'sp1': '29.00', 'bq1': '1200', 'sq1': '2540'}
2025-09-24 11:45:52,096 - INFO - Live price updated: 29.00
2025-09-24 11:45:53,164 - INFO - Quote Received for Account 1: {'t': 'tf', 'e': 'BFO', 'tk': '841835', 'lp': '29.05', 'pc': '-81.81', 'ft': '1758694505', 'v': '29789420', 'bp1': '28.95', 'sp1': '29.05', 'bq1': '2180', 'sq1': '700'}
2025-09-24 11:45:53,167 - INFO - Live price updated: 29.05
2025-09-24 11:45:54,237 - INFO - Quote Received for Account 1: {'t': 'tf', 'e': 'BFO', 'tk': '841835', 'lp': '29.25', 'pc': '-81.68', 'ft': '1758694506', 'v': '29791640', 'bp1': '29.20', 'sp1': '29.25', 'bq1': '1160', 'sq1': '300'}
2025-09-24 11:45:54,239 - INFO - Live price updated: 29.25
2025-09-24 11:45:55,306 - INFO - Quote Received for Account 1: {'t': 'tf', 'e': 'BFO', 'tk': '841835', 'ft': '1758694507', 'v': '29797120', 'bp1': '29.25', 'sp1': '29.35', 'bq1': '1900', 'sq1': '1420'}
2025-09-24 11:45:56,381 - INFO - Quote Received for Account 1: {'t': 'tf', 'e': 'BFO', 'tk': '841835', 'lp': '29.05', 'pc': '-81.81', 'ft': '1758694508', 'v': '29805260', 'bp1': '28.95', 'sp1': '29.05', 'bq1': '3100', 'sq1': '1760'}
2025-09-24 11:45:56,383 - INFO - Live price updated: 29.05
2025-09-24 11:45:57,447 - INFO - Quote Received for Account 1: {'t': 'tf', 'e': 'BFO', 'tk': '841835', 'ft': '1758694509', 'v': '29806320', 'bp1': '29.05', 'sp1': '29.10', 'bq1': '80', 'sq1': '2360'}
2025-09-24 11:45:58,518 - INFO - Quote Received for Account 1: {'t': 'tf', 'e': 'BFO', 'tk': '841835', 'lp': '28.95', 'pc': '-81.87', 'ft': '1758694510', 'v': '29807100', 'bp1': '28.85', 'sp1': '28.95', 'bq1': '1640', 'sq1': '320'}
2025-09-24 11:45:58,520 - INFO - Live price updated: 28.95
2025-09-24 11:45:59,591 - INFO - Quote Received for Account 1: {'t': 'tf', 'e': 'BFO', 'tk': '841835', 'lp': '28.75', 'pc': '-82.00', 'ft': '1758694512', 'v': '29808040', 'bp1': '28.70', 'sp1': '28.80', 'bq1': '1260', 'sq1': '1980'}
2025-09-24 11:45:59,592 - INFO - Live price updated: 28.75
2025-09-24 11:46:00,664 - INFO - Quote Received for Account 1: {'t': 'tf', 'e': 'BFO', 'tk': '841835', 'lp': '28.50', 'pc': '-82.15', 'ft': '1758694513', 'v': '29810900', 'bp1': '28.40', 'sp1': '28.50', 'bq1': '3220', 'sq1': '1220'}
2025-09-24 11:46:00,667 - INFO - Live price updated: 28.50
2025-09-24 11:46:01,733 - INFO - Quote Received for Account 1: {'t': 'tf', 'e': 'BFO', 'tk': '841835', 'lp': '28.55', 'pc': '-82.12', 'ft': '1758694514', 'ap': '36.47', 'v': '29820700', 'bp1': '28.55', 'sp1': '28.65', 'bq1': '1820', 'sq1': '1520'}
2025-09-24 11:46:01,734 - INFO - Live price updated: 28.55
2025-09-24 11:46:02,796 - INFO - Quote Received for Account 1: {'t': 'tf', 'e': 'BFO', 'tk': '841835', 'lp': '28.75', 'pc': '-82.00', 'ft': '1758694515', 'v': '29823500', 'bp1': '28.70', 'sp1': '28.80', 'bq1': '1800', 'sq1': '1880'}
2025-09-24 11:46:02,796 - INFO - Live price updated: 28.75
2025-09-24 11:46:03,874 - INFO - Quote Received for Account 1: {'t': 'tf', 'e': 'BFO', 'tk': '841835', 'ft': '1758694516', 'v': '29824760', 'bq1': '2200', 'sq1': '2720'}
2025-09-24 11:46:04,945 - INFO - Quote Received for Account 1: {'t': 'tf', 'e': 'BFO', 'tk': '841835', 'lp': '28.80', 'pc': '-81.97', 'ft': '1758694517', 'v': '29825260', 'bp1': '28.65', 'sp1': '28.75', 'bq1': '940', 'sq1': '920'}
2025-09-24 11:46:04,947 - INFO - Live price updated: 28.80
2025-09-24 11:46:06,023 - INFO - Quote Received for Account 1: {'t': 'tf', 'e': 'BFO', 'tk': '841835', 'lp': '28.70', 'pc': '-82.03', 'ft': '1758694518', 'v': '29825400', 'sp1': '28.70', 'bq1': '1920', 'sq1': '1440'}
2025-09-24 11:46:06,026 - INFO - Live price updated: 28.70
2025-09-24 11:46:07,086 - INFO - Quote Received for Account 1: {'t': 'tf', 'e': 'BFO', 'tk': '841835', 'lp': '28.90', 'pc': '-81.90', 'ft': '1758694519', 'v': '29834260', 'bp1': '28.80', 'sp1': '28.95', 'bq1': '3320', 'sq1': '1500'}
2025-09-24 11:46:07,091 - INFO - Live price updated: 28.90
2025-09-24 11:46:08,161 - INFO - Quote Received for Account 1: {'t': 'tf', 'e': 'BFO', 'tk': '841835', 'lp': '29.20', 'pc': '-81.72', 'ft': '1758694520', 'v': '29836560', 'bp1': '29.15', 'sp1': '29.25', 'bq1': '1660', 'sq1': '4600'}
2025-09-24 11:46:08,163 - INFO - Live price updated: 29.20
2025-09-24 11:46:09,258 - INFO - Quote Received for Account 1: {'t': 'tf', 'e': 'BFO', 'tk': '841835', 'lp': '29.15', 'pc': '-81.75', 'ft': '1758694521', 'v': '29836780', 'bp1': '29.05', 'sp1': '29.15', 'bq1': '680', 'sq1': '2580'}
2025-09-24 11:46:09,260 - INFO - Live price updated: 29.15
2025-09-24 11:46:10,300 - INFO - Quote Received for Account 1: {'t': 'tf', 'e': 'BFO', 'tk': '841835', 'lp': '29.20', 'pc': '-81.72', 'ft': '1758694522', 'v': '29838780', 'bq1': '3540', 'sq1': '320'}
2025-09-24 11:46:10,302 - INFO - Live price updated: 29.20
2025-09-24 11:46:11,371 - INFO - Quote Received for Account 1: {'t': 'tf', 'e': 'BFO', 'tk': '841835', 'lp': '29.30', 'pc': '-81.65', 'ft': '1758694523', 'v': '29841660', 'bp1': '29.20', 'sp1': '29.30', 'bq1': '5080', 'sq1': '400'}
2025-09-24 11:46:11,373 - INFO - Live price updated: 29.30
2025-09-24 11:46:12,441 - INFO - Quote Received for Account 1: {'t': 'tf', 'e': 'BFO', 'tk': '841835', 'lp': '29.25', 'pc': '-81.68', 'ft': '1758694524', 'v': '29842320', 'bp1': '29.10', 'sp1': '29.20', 'bq1': '2260', 'sq1': '2420'}
2025-09-24 11:46:12,443 - INFO - Live price updated: 29.25
2025-09-24 11:46:13,510 - INFO - Quote Received for Account 1: {'t': 'tf', 'e': 'BFO', 'tk': '841835', 'lp': '29.10', 'pc': '-81.78', 'ft': '1758694525', 'v': '29845760', 'bq1': '120', 'sq1': '3220'}
2025-09-24 11:46:13,510 - INFO - Live price updated: 29.10
2025-09-24 11:46:14,583 - INFO - Quote Received for Account 1: {'t': 'tf', 'e': 'BFO', 'tk': '841835', 'lp': '29.00', 'pc': '-81.84', 'ft': '1758694527', 'v': '29849520', 'bp1': '29.05', 'sp1': '29.15', 'bq1': '1340', 'sq1': '380'}
2025-09-24 11:46:14,584 - INFO - Live price updated: 29.00
2025-09-24 11:46:15,653 - INFO - Quote Received for Account 1: {'t': 'tf', 'e': 'BFO', 'tk': '841835', 'lp': '29.20', 'pc': '-81.72', 'ft': '1758694528', 'v': '29850280', 'sp1': '29.20', 'bq1': '1960', 'sq1': '3080'}
2025-09-24 11:46:15,653 - INFO - Live price updated: 29.20
2025-09-24 11:46:16,726 - INFO - Quote Received for Account 1: {'t': 'tf', 'e': 'BFO', 'tk': '841835', 'lp': '29.10', 'pc': '-81.78', 'ft': '1758694529', 'v': '29850440', 'bp1': '29.00', 'sp1': '29.10', 'bq1': '720', 'sq1': '1240'}
2025-09-24 11:46:16,728 - INFO - Live price updated: 29.10
2025-09-24 11:46:17,796 - INFO - Quote Received for Account 1: {'t': 'tf', 'e': 'BFO', 'tk': '841835', 'lp': '29.00', 'pc': '-81.84', 'ft': '1758694530', 'v': '29852880', 'bp1': '28.95', 'sp1': '29.00', 'bq1': '2060', 'sq1': '2380'}
2025-09-24 11:46:17,797 - INFO - Live price updated: 29.00
2025-09-24 11:46:18,891 - INFO - Quote Received for Account 1: {'t': 'tf', 'e': 'BFO', 'tk': '841835', 'lp': '28.95', 'pc': '-81.87', 'ft': '1758694531', 'v': '29854180', 'bp1': '28.90', 'bq1': '4000', 'sq1': '2100'}
2025-09-24 11:46:18,894 - INFO - Live price updated: 28.95
2025-09-24 11:46:19,947 - INFO - Quote Received for Account 1: {'t': 'tf', 'e': 'BFO', 'tk': '841835', 'lp': '28.55', 'pc': '-82.12', 'ft': '1758694532', 'v': '29855840', 'bp1': '28.50', 'sp1': '28.60', 'bq1': '1140', 'sq1': '3280'}
2025-09-24 11:46:19,949 - INFO - Live price updated: 28.55
2025-09-24 11:46:21,034 - INFO - Quote Received for Account 1: {'t': 'tf', 'e': 'BFO', 'tk': '841835', 'lp': '28.30', 'pc': '-82.28', 'ft': '1758694533', 'ap': '36.46', 'v': '29859040', 'bp1': '28.35', 'sp1': '28.45', 'bq1': '1920', 'sq1': '3060'}
2025-09-24 11:46:21,034 - INFO - Live price updated: 28.30
2025-09-24 11:46:22,110 - INFO - Quote Received for Account 1: {'t': 'tf', 'e': 'BFO', 'tk': '841835', 'lp': '28.55', 'pc': '-82.12', 'ft': '1758694534', 'v': '29859900', 'bp1': '28.50', 'sp1': '28.55', 'bq1': '320', 'sq1': '1160'}
2025-09-24 11:46:22,112 - INFO - Live price updated: 28.55
2025-09-24 11:46:23,148 - INFO - Quote Received for Account 1: {'t': 'tf', 'e': 'BFO', 'tk': '841835', 'lp': '28.60', 'pc': '-82.09', 'ft': '1758694535', 'v': '29863660', 'bp1': '28.60', 'sp1': '28.65', 'bq1': '80', 'sq1': '1560'}
2025-09-24 11:46:23,153 - INFO - Live price updated: 28.60
2025-09-24 11:46:24,213 - INFO - Quote Received for Account 1: {'t': 'tf', 'e': 'BFO', 'tk': '841835', 'ft': '1758694536', 'v': '29864320', 'sp1': '28.70', 'bq1': '160', 'sq1': '4060'}
2025-09-24 11:46:25,295 - INFO - Quote Received for Account 1: {'t': 'tf', 'e': 'BFO', 'tk': '841835', 'lp': '28.90', 'pc': '-81.90', 'ft': '1758694537', 'v': '29871520', 'bp1': '28.85', 'sp1': '28.95', 'bq1': '460', 'sq1': '2920'}
2025-09-24 11:46:25,298 - INFO - Live price updated: 28.90
2025-09-24 11:46:26,365 - INFO - Quote Received for Account 1: {'t': 'tf', 'e': 'BFO', 'tk': '841835', 'lp': '28.75', 'pc': '-82.00', 'ft': '1758694538', 'v': '29872300', 'bp1': '28.75', 'sp1': '28.85', 'bq1': '1480', 'sq1': '1080'}
2025-09-24 11:46:26,366 - INFO - Live price updated: 28.75
2025-09-24 11:46:27,434 - INFO - Quote Received for Account 1: {'t': 'tf', 'e': 'BFO', 'tk': '841835', 'lp': '28.85', 'pc': '-81.93', 'ft': '1758694539', 'v': '29872500', 'bp1': '28.80', 'sp1': '28.90', 'bq1': '2280', 'sq1': '840'}
2025-09-24 11:46:27,434 - INFO - Live price updated: 28.85
2025-09-24 11:46:28,505 - INFO - Quote Received for Account 1: {'t': 'tf', 'e': 'BFO', 'tk': '841835', 'lp': '28.90', 'pc': '-81.90', 'ft': '1758694540', 'v': '29872720', 'bq1': '680', 'sq1': '760'}
2025-09-24 11:46:28,507 - INFO - Live price updated: 28.90
2025-09-24 11:46:29,576 - INFO - Quote Received for Account 1: {'t': 'tf', 'e': 'BFO', 'tk': '841835', 'lp': '28.55', 'pc': '-82.12', 'ft': '1758694542', 'v': '29874820', 'bp1': '28.55', 'sp1': '28.65', 'bq1': '320', 'sq1': '1260'}
2025-09-24 11:46:29,577 - INFO - Live price updated: 28.55
2025-09-24 11:46:30,651 - INFO - Quote Received for Account 1: {'t': 'tf', 'e': 'BFO', 'tk': '841835', 'ft': '1758694543', 'bp1': '28.45', 'sp1': '28.55', 'bq1': '3100', 'sq1': '580'}
2025-09-24 11:46:31,718 - INFO - Quote Received for Account 1: {'t': 'tf', 'e': 'BFO', 'tk': '841835', 'ft': '1758694544', 'v': '29876960', 'bp1': '28.55', 'sp1': '28.65', 'bq1': '1280', 'sq1': '1440'}
2025-09-24 11:46:32,782 - INFO - Quote Received for Account 1: {'t': 'tf', 'e': 'BFO', 'tk': '841835', 'lp': '28.65', 'pc': '-82.06', 'ft': '1758694545', 'v': '29877060', 'bq1': '220', 'sq1': '2560'}
2025-09-24 11:46:32,790 - INFO - Live price updated: 28.65
2025-09-24 11:46:33,861 - INFO - Quote Received for Account 1: {'t': 'tf', 'e': 'BFO', 'tk': '841835', 'lp': '28.75', 'pc': '-82.00', 'ft': '1758694546', 'v': '29877880', 'bp1': '28.70', 'sp1': '28.80', 'bq1': '2000', 'sq1': '1400'}
2025-09-24 11:46:33,862 - INFO - Live price updated: 28.75
2025-09-24 11:46:34,930 - INFO - Quote Received for Account 1: {'t': 'tf', 'e': 'BFO', 'tk': '841835', 'lp': '28.80', 'pc': '-81.97', 'ft': '1758694547', 'v': '29877940', 'bp1': '28.80', 'sp1': '28.90', 'bq1': '900', 'sq1': '2140'}
2025-09-24 11:46:34,931 - INFO - Live price updated: 28.80
2025-09-24 11:46:35,997 - INFO - Quote Received for Account 1: {'t': 'tf', 'e': 'BFO', 'tk': '841835', 'ft': '1758694548', 'v': '29877960', 'bp1': '28.75', 'sp1': '28.85', 'bq1': '1760', 'sq1': '2560'}
2025-09-24 11:46:37,085 - INFO - Quote Received for Account 1: {'t': 'tf', 'e': 'BFO', 'tk': '841835', 'ft': '1758694549', 'v': '29878060', 'bq1': '300', 'sq1': '3760'}
2025-09-24 11:46:38,160 - INFO - Quote Received for Account 1: {'t': 'tf', 'e': 'BFO', 'tk': '841835', 'lp': '28.85', 'pc': '-81.93', 'ft': '1758694550', 'v': '29879320', 'bp1': '28.80', 'sp1': '28.90', 'bq1': '4120', 'sq1': '2620'}
2025-09-24 11:46:38,161 - INFO - Live price updated: 28.85
2025-09-24 11:46:39,227 - INFO - Quote Received for Account 1: {'t': 'tf', 'e': 'BFO', 'tk': '841835', 'ft': '1758694551', 'v': '29879380', 'bp1': '28.70', 'sp1': '28.80', 'bq1': '2220', 'sq1': '940'}
2025-09-24 11:46:40,292 - INFO - Quote Received for Account 1: {'t': 'tf', 'e': 'BFO', 'tk': '841835', 'lp': '28.80', 'pc': '-81.97', 'ft': '1758694552', 'v': '29879660', 'bp1': '28.75', 'sp1': '28.85', 'bq1': '3380', 'sq1': '1780'}
2025-09-24 11:46:40,292 - INFO - Live price updated: 28.80
2025-09-24 11:46:41,359 - INFO - Quote Received for Account 1: {'t': 'tf', 'e': 'BFO', 'tk': '841835', 'lp': '28.85', 'pc': '-81.93', 'ft': '1758694553', 'v': '29879780', 'bp1': '28.80', 'sp1': '28.90', 'bq1': '2240', 'sq1': '3100'}
2025-09-24 11:46:41,362 - INFO - Live price updated: 28.85
2025-09-24 11:46:42,426 - INFO - Quote Received for Account 1: {'t': 'tf', 'e': 'BFO', 'tk': '841835', 'lp': '28.75', 'pc': '-82.00', 'ft': '1758694554', 'v': '29880780', 'bp1': '28.70', 'sp1': '28.80', 'bq1': '2760', 'sq1': '1660'}
2025-09-24 11:46:42,427 - INFO - Live price updated: 28.75
2025-09-24 11:46:43,502 - INFO - Quote Received for Account 1: {'t': 'tf', 'e': 'BFO', 'tk': '841835', 'ft': '1758694555', 'v': '29880800', 'bp1': '28.75', 'sp1': '28.85', 'bq1': '2080', 'sq1': '2960'}
2025-09-24 11:46:44,607 - INFO - Quote Received for Account 1: {'t': 'tf', 'e': 'BFO', 'tk': '841835', 'lp': '28.85', 'pc': '-81.93', 'ft': '1758694557', 'v': '29881300', 'bp1': '28.70', 'sp1': '28.80', 'bq1': '660', 'sq1': '760'}
2025-09-24 11:46:44,609 - INFO - Live price updated: 28.85
2025-09-24 11:46:45,705 - INFO - Quote Received for Account 1: {'t': 'tf', 'e': 'BFO', 'tk': '841835', 'ft': '1758694558', 'v': '29882700', 'bp1': '28.80', 'sp1': '28.90', 'bq1': '1160', 'sq1': '1400'}
2025-09-24 11:46:46,798 - INFO - Quote Received for Account 1: {'t': 'tf', 'e': 'BFO', 'tk': '841835', 'ft': '1758694559', 'v': '29883400', 'bq1': '4460', 'sq1': '720'}
2025-09-24 11:46:47,876 - INFO - Quote Received for Account 1: {'t': 'tf', 'e': 'BFO', 'tk': '841835', 'lp': '29.15', 'pc': '-81.75', 'ft': '1758694560', 'v': '29894140', 'bp1': '29.15', 'sp1': '29.25', 'bq1': '3500', 'sq1': '1060'}
2025-09-24 11:46:47,879 - INFO - Live price updated: 29.15
2025-09-24 11:46:48,883 - INFO - Quote Received for Account 1: {'t': 'tf', 'e': 'BFO', 'tk': '841835', 'lp': '29.25', 'pc': '-81.68', 'ft': '1758694561', 'v': '29895440', 'bp1': '29.20', 'sp1': '29.30', 'bq1': '2740', 'sq1': '740'}
2025-09-24 11:46:48,885 - INFO - Live price updated: 29.25
2025-09-24 11:46:49,928 - INFO - Quote Received for Account 1: {'t': 'tf', 'e': 'BFO', 'tk': '841835', 'lp': '29.20', 'pc': '-81.72', 'ft': '1758694562', 'ap': '36.45', 'v': '29896420', 'bq1': '2320', 'sq1': '1600'}
2025-09-24 11:46:49,930 - INFO - Live price updated: 29.20
2025-09-24 11:46:50,995 - INFO - Quote Received for Account 1: {'t': 'tf', 'e': 'BFO', 'tk': '841835', 'ft': '1758694563', 'v': '29896500', 'bq1': '2360', 'sq1': '1900'}
2025-09-24 11:46:52,066 - INFO - Quote Received for Account 1: {'t': 'tf', 'e': 'BFO', 'tk': '841835', 'ft': '1758694564', 'v': '29897040', 'bq1': '5760', 'sq1': '260'}
2025-09-24 11:46:53,136 - INFO - Quote Received for Account 1: {'t': 'tf', 'e': 'BFO', 'tk': '841835', 'lp': '29.40', 'pc': '-81.59', 'ft': '1758694565', 'v': '29897680', 'bp1': '29.35', 'sp1': '29.45', 'bq1': '4060', 'sq1': '1340'}
2025-09-24 11:46:53,137 - INFO - Live price updated: 29.40
2025-09-24 11:46:54,207 - INFO - Quote Received for Account 1: {'t': 'tf', 'e': 'BFO', 'tk': '841835', 'lp': '29.55', 'pc': '-81.50', 'ft': '1758694566', 'v': '29901380', 'bp1': '29.45', 'sp1': '29.55', 'bq1': '3460', 'sq1': '520'}
2025-09-24 11:46:54,209 - INFO - Live price updated: 29.55
2025-09-24 11:46:55,278 - INFO - Quote Received for Account 1: {'t': 'tf', 'e': 'BFO', 'tk': '841835', 'lp': '29.65', 'pc': '-81.43', 'ft': '1758694567', 'v': '29903940', 'bp1': '29.55', 'sp1': '29.65', 'bq1': '960', 'sq1': '1820'}
2025-09-24 11:46:55,278 - INFO - Live price updated: 29.65
2025-09-24 11:46:56,343 - INFO - Quote Received for Account 1: {'t': 'tf', 'e': 'BFO', 'tk': '841835', 'lp': '29.60', 'pc': '-81.47', 'ft': '1758694568', 'v': '29906900', 'bp1': '29.60', 'sp1': '29.70', 'bq1': '2060', 'sq1': '1780'}
2025-09-24 11:46:56,343 - INFO - Live price updated: 29.60
2025-09-24 11:46:57,420 - INFO - Quote Received for Account 1: {'t': 'tf', 'e': 'BFO', 'tk': '841835', 'lp': '29.50', 'pc': '-81.53', 'ft': '1758694569', 'v': '29908940', 'bp1': '29.55', 'sp1': '29.65', 'bq1': '900', 'sq1': '5180'}
2025-09-24 11:46:57,421 - INFO - Live price updated: 29.50
2025-09-24 11:46:58,492 - INFO - Quote Received for Account 1: {'t': 'tf', 'e': 'BFO', 'tk': '841835', 'lp': '29.45', 'pc': '-81.56', 'ft': '1758694570', 'v': '29915380', 'bp1': '29.40', 'sp1': '29.50', 'bq1': '2660', 'sq1': '2920'}
2025-09-24 11:46:58,494 - INFO - Live price updated: 29.45
2025-09-24 11:46:59,577 - INFO - Quote Received for Account 1: {'t': 'tf', 'e': 'BFO', 'tk': '841835', 'lp': '29.50', 'pc': '-81.53', 'ft': '1758694571', 'v': '29915800', 'sp1': '29.45', 'bq1': '400', 'sq1': '4900'}
2025-09-24 11:46:59,581 - INFO - Live price updated: 29.50
2025-09-24 11:47:00,635 - INFO - Quote Received for Account 1: {'t': 'tf', 'e': 'BFO', 'tk': '841835', 'lp': '28.95', 'pc': '-81.87', 'ft': '1758694573', 'v': '29922220', 'bp1': '28.90', 'sp1': '29.00', 'bq1': '3500', 'sq1': '180'}
2025-09-24 11:47:00,638 - INFO - Live price updated: 28.95
2025-09-24 11:47:01,703 - INFO - Quote Received for Account 1: {'t': 'tf', 'e': 'BFO', 'tk': '841835', 'ft': '1758694574', 'v': '29923940', 'sp1': '28.95', 'bq1': '840', 'sq1': '240'}
2025-09-24 11:47:02,799 - INFO - Quote Received for Account 1: {'t': 'tf', 'e': 'BFO', 'tk': '841835', 'lp': '28.90', 'pc': '-81.90', 'ft': '1758694575', 'v': '29925900', 'bp1': '28.80', 'sp1': '28.90', 'bq1': '280', 'sq1': '2300'}
2025-09-24 11:47:02,802 - INFO - Live price updated: 28.90
2025-09-24 11:47:03,876 - INFO - Quote Received for Account 1: {'t': 'tf', 'e': 'BFO', 'tk': '841835', 'lp': '28.85', 'pc': '-81.93', 'ft': '1758694576', 'v': '29927340', 'bp1': '28.85', 'sp1': '28.95', 'bq1': '1340', 'sq1': '600'}
2025-09-24 11:47:03,878 - INFO - Live price updated: 28.85
2025-09-24 11:47:04,942 - INFO - Quote Received for Account 1: {'t': 'tf', 'e': 'BFO', 'tk': '841835', 'lp': '28.95', 'pc': '-81.87', 'ft': '1758694577', 'v': '29927440', 'bp1': '28.90', 'sp1': '29.00', 'bq1': '1460', 'sq1': '700'}
2025-09-24 11:47:04,943 - INFO - Live price updated: 28.95
2025-09-24 11:47:05,982 - INFO - Quote Received for Account 1: {'t': 'tf', 'e': 'BFO', 'tk': '841835', 'lp': '29.05', 'pc': '-81.81', 'ft': '1758694578', 'v': '29927600', 'bp1': '28.95', 'sp1': '29.05', 'bq1': '580', 'sq1': '2060'}
2025-09-24 11:47:05,982 - INFO - Live price updated: 29.05
2025-09-24 11:47:07,063 - INFO - Quote Received for Account 1: {'t': 'tf', 'e': 'BFO', 'tk': '841835', 'lp': '28.70', 'pc': '-82.03', 'ft': '1758694579', 'v': '29930240', 'bp1': '28.65', 'sp1': '28.75', 'bq1': '1800', 'sq1': '2680'}
2025-09-24 11:47:07,063 - INFO - Live price updated: 28.70
2025-09-24 11:47:08,131 - INFO - Quote Received for Account 1: {'t': 'tf', 'e': 'BFO', 'tk': '841835', 'lp': '28.60', 'pc': '-82.09', 'ft': '1758694580', 'v': '29932360', 'bp1': '28.55', 'sp1': '28.60', 'bq1': '200', 'sq1': '940'}
2025-09-24 11:47:08,133 - INFO - Live price updated: 28.60
2025-09-24 11:47:09,208 - INFO - Quote Received for Account 1: {'t': 'tf', 'e': 'BFO', 'tk': '841835', 'lp': '28.40', 'pc': '-82.22', 'ft': '1758694581', 'v': '29933820', 'bp1': '28.35', 'sp1': '28.45', 'bq1': '880', 'sq1': '2340'}
2025-09-24 11:47:09,210 - INFO - Live price updated: 28.40
2025-09-24 11:47:10,292 - INFO - Quote Received for Account 1: {'t': 'tf', 'e': 'BFO', 'tk': '841835', 'lp': '28.45', 'pc': '-82.19', 'ft': '1758694582', 'v': '29934460', 'bp1': '28.30', 'sp1': '28.35', 'bq1': '1780', 'sq1': '920'}
2025-09-24 11:47:10,294 - INFO - Live price updated: 28.45
2025-09-24 11:47:11,343 - INFO - Quote Received for Account 1: {'t': 'tf', 'e': 'BFO', 'tk': '841835', 'ft': '1758694583', 'v': '29936760', 'sp1': '28.40', 'bq1': '580', 'sq1': '660'}
2025-09-24 11:47:12,427 - INFO - Quote Received for Account 1: {'t': 'tf', 'e': 'BFO', 'tk': '841835', 'lp': '28.25', 'pc': '-82.31', 'ft': '1758694584', 'v': '29937360', 'bq1': '520', 'sq1': '1860'}
2025-09-24 11:47:12,430 - INFO - Live price updated: 28.25
2025-09-24 11:47:13,520 - INFO - Quote Received for Account 1: {'t': 'tf', 'e': 'BFO', 'tk': '841835', 'lp': '28.50', 'pc': '-82.15', 'ft': '1758694585', 'ap': '36.44', 'v': '29938820', 'bp1': '28.60', 'sp1': '28.70', 'bq1': '660', 'sq1': '1480'}
2025-09-24 11:47:13,521 - INFO - Live price updated: 28.50
2025-09-24 11:47:14,571 - INFO - Quote Received for Account 1: {'t': 'tf', 'e': 'BFO', 'tk': '841835', 'lp': '28.65', 'pc': '-82.06', 'ft': '1758694586', 'v': '29940600', 'bp1': '28.65', 'sp1': '28.75', 'bq1': '1060', 'sq1': '960'}
2025-09-24 11:47:14,572 - INFO - Live price updated: 28.65
2025-09-24 11:47:15,627 - INFO - Quote Received for Account 1: {'t': 'tf', 'e': 'BFO', 'tk': '841835', 'ft': '1758694588', 'v': '29941060', 'bq1': '200', 'sq1': '2160'}
2025-09-24 11:47:16,699 - INFO - Quote Received for Account 1: {'t': 'tf', 'e': 'BFO', 'tk': '841835', 'lp': '28.60', 'pc': '-82.09', 'ft': '1758694589', 'v': '29943100', 'bp1': '28.55', 'sp1': '28.60', 'bq1': '1200', 'sq1': '20'}
2025-09-24 11:47:16,700 - INFO - Live price updated: 28.60
2025-09-24 11:47:17,774 - INFO - Quote Received for Account 1: {'t': 'tf', 'e': 'BFO', 'tk': '841835', 'lp': '28.50', 'pc': '-82.15', 'ft': '1758694590', 'v': '29945900', 'bp1': '28.40', 'sp1': '28.50', 'bq1': '2680', 'sq1': '260'}
2025-09-24 11:47:17,775 - INFO - Live price updated: 28.50
2025-09-24 11:47:18,839 - INFO - Quote Received for Account 1: {'t': 'tf', 'e': 'BFO', 'tk': '841835', 'lp': '28.25', 'pc': '-82.31', 'ft': '1758694591', 'v': '29946680', 'bp1': '28.15', 'sp1': '28.30', 'bq1': '1840', 'sq1': '2000'}
2025-09-24 11:47:18,841 - INFO - Live price updated: 28.25
2025-09-24 11:47:19,929 - INFO - Quote Received for Account 1: {'t': 'tf', 'e': 'BFO', 'tk': '841835', 'lp': '28.30', 'pc': '-82.28', 'ft': '1758694592', 'v': '29947420', 'bp1': '28.25', 'sp1': '28.35', 'bq1': '800', 'sq1': '180'}
2025-09-24 11:47:19,931 - INFO - Live price updated: 28.30
2025-09-24 11:47:20,988 - INFO - Quote Received for Account 1: {'t': 'tf', 'e': 'BFO', 'tk': '841835', 'lp': '28.40', 'pc': '-82.22', 'ft': '1758694593', 'v': '29948100', 'bp1': '28.40', 'sp1': '28.50', 'bq1': '300', 'sq1': '1540'}
2025-09-24 11:47:20,991 - INFO - Live price updated: 28.40
2025-09-24 11:47:22,055 - INFO - Quote Received for Account 1: {'t': 'tf', 'e': 'BFO', 'tk': '841835', 'lp': '28.75', 'pc': '-82.00', 'ft': '1758694594', 'v': '29949000', 'bp1': '28.65', 'sp1': '28.75', 'bq1': '480', 'sq1': '2300'}
2025-09-24 11:47:22,055 - INFO - Live price updated: 28.75
2025-09-24 11:47:23,125 - INFO - Quote Received for Account 1: {'t': 'tf', 'e': 'BFO', 'tk': '841835', 'lp': '28.70', 'pc': '-82.03', 'ft': '1758694595', 'v': '29950520', 'bp1': '28.60', 'sp1': '28.70', 'bq1': '1880', 'sq1': '220'}
2025-09-24 11:47:23,128 - INFO - Live price updated: 28.70
2025-09-24 11:47:24,188 - INFO - Quote Received for Account 1: {'t': 'tf', 'e': 'BFO', 'tk': '841835', 'ft': '1758694596', 'bp1': '28.55', 'sp1': '28.65', 'bq1': '680', 'sq1': '1300'}
2025-09-24 11:47:25,267 - INFO - Quote Received for Account 1: {'t': 'tf', 'e': 'BFO', 'tk': '841835', 'lp': '28.65', 'pc': '-82.06', 'ft': '1758694597', 'v': '29951320', 'bp1': '28.70', 'sp1': '28.80', 'bq1': '380', 'sq1': '1040'}
2025-09-24 11:47:25,269 - INFO - Live price updated: 28.65
2025-09-24 11:47:26,337 - INFO - Quote Received for Account 1: {'t': 'tf', 'e': 'BFO', 'tk': '841835', 'lp': '28.90', 'pc': '-81.90', 'ft': '1758694598', 'v': '29951420', 'bp1': '28.80', 'sp1': '28.90', 'bq1': '340', 'sq1': '2760'}
2025-09-24 11:47:26,337 - INFO - Live price updated: 28.90
2025-09-24 11:47:27,409 - INFO - Quote Received for Account 1: {'t': 'tf', 'e': 'BFO', 'tk': '841835', 'ft': '1758694599', 'bp1': '28.85', 'sp1': '28.95', 'bq1': '1200', 'sq1': '1100'}
2025-09-24 11:47:28,478 - INFO - Quote Received for Account 1: {'t': 'tf', 'e': 'BFO', 'tk': '841835', 'lp': '28.75', 'pc': '-82.00', 'ft': '1758694600', 'v': '29953400', 'bp1': '28.65', 'sp1': '28.75', 'bq1': '1340', 'sq1': '2640'}
2025-09-24 11:47:28,480 - INFO - Live price updated: 28.75
2025-09-24 11:47:29,566 - INFO - Quote Received for Account 1: {'t': 'tf', 'e': 'BFO', 'tk': '841835', 'lp': '28.60', 'pc': '-82.09', 'ft': '1758694601', 'v': '29955300', 'bp1': '28.60', 'sq1': '4000'}
2025-09-24 11:47:29,567 - INFO - Live price updated: 28.60
2025-09-24 11:47:30,630 - INFO - Quote Received for Account 1: {'t': 'tf', 'e': 'BFO', 'tk': '841835', 'lp': '28.75', 'pc': '-82.00', 'ft': '1758694603', 'v': '29955660', 'bp1': '28.70', 'sp1': '28.80', 'bq1': '1760', 'sq1': '200'}
2025-09-24 11:47:30,631 - INFO - Live price updated: 28.75
2025-09-24 11:47:31,689 - INFO - Quote Received for Account 1: {'t': 'tf', 'e': 'BFO', 'tk': '841835', 'lp': '28.85', 'pc': '-81.93', 'ft': '1758694604', 'v': '29955980', 'bq1': '660', 'sq1': '920'}
2025-09-24 11:47:31,689 - INFO - Live price updated: 28.85
2025-09-24 11:47:32,789 - INFO - Quote Received for Account 1: {'t': 'tf', 'e': 'BFO', 'tk': '841835', 'lp': '28.90', 'pc': '-81.90', 'ft': '1758694605', 'v': '29956420', 'bp1': '28.85', 'sp1': '28.95', 'bq1': '1240', 'sq1': '220'}
2025-09-24 11:47:32,789 - INFO - Live price updated: 28.90
2025-09-24 11:47:33,856 - INFO - Quote Received for Account 1: {'t': 'tf', 'e': 'BFO', 'tk': '841835', 'lp': '28.95', 'pc': '-81.87', 'ft': '1758694606', 'v': '29957960', 'bp1': '28.80', 'sp1': '28.90', 'bq1': '1040', 'sq1': '720'}
2025-09-24 11:47:33,856 - INFO - Live price updated: 28.95
2025-09-24 11:47:34,931 - INFO - Quote Received for Account 1: {'t': 'tf', 'e': 'BFO', 'tk': '841835', 'ft': '1758694607', 'v': '29959000', 'bp1': '28.85', 'sp1': '28.95', 'bq1': '2600', 'sq1': '740'}
2025-09-24 11:47:35,976 - INFO - Quote Received for Account 1: {'t': 'tf', 'e': 'BFO', 'tk': '841835', 'lp': '28.80', 'pc': '-81.97', 'ft': '1758694608', 'v': '29960560', 'bp1': '28.65', 'sp1': '28.80', 'bq1': '2920', 'sq1': '1820'}
2025-09-24 11:47:35,980 - INFO - Live price updated: 28.80
2025-09-24 11:47:37,054 - INFO - Quote Received for Account 1: {'t': 'tf', 'e': 'BFO', 'tk': '841835', 'lp': '28.70', 'pc': '-82.03', 'ft': '1758694609', 'v': '29960960', 'bq1': '1140', 'sq1': '2720'}
2025-09-24 11:47:37,054 - INFO - Live price updated: 28.70
2025-09-24 11:47:38,116 - INFO - Quote Received for Account 1: {'t': 'tf', 'e': 'BFO', 'tk': '841835', 'ft': '1758694610', 'v': '29963120', 'bq1': '1840', 'sq1': '2880'}
2025-09-24 11:47:39,190 - INFO - Quote Received for Account 1: {'t': 'tf', 'e': 'BFO', 'tk': '841835', 'lp': '28.75', 'pc': '-82.00', 'ft': '1758694611', 'v': '29964740', 'bp1': '28.60', 'sp1': '28.75', 'bq1': '3620', 'sq1': '1660'}
2025-09-24 11:47:39,190 - INFO - Live price updated: 28.75
2025-09-24 11:47:40,266 - INFO - Quote Received for Account 1: {'t': 'tf', 'e': 'BFO', 'tk': '841835', 'ft': '1758694612', 'v': '29965920', 'bp1': '28.65', 'bq1': '1560', 'sq1': '380'}
2025-09-24 11:47:41,331 - INFO - Quote Received for Account 1: {'t': 'tf', 'e': 'BFO', 'tk': '841835', 'lp': '28.50', 'pc': '-82.15', 'ft': '1758694613', 'v': '29967640', 'bp1': '28.50', 'sp1': '28.60', 'bq1': '180', 'sq1': '980'}
2025-09-24 11:47:41,331 - INFO - Live price updated: 28.50
2025-09-24 11:47:42,409 - INFO - Quote Received for Account 1: {'t': 'tf', 'e': 'BFO', 'tk': '841835', 'lp': '28.20', 'pc': '-82.34', 'ft': '1758694614', 'v': '29968180', 'bp1': '28.25', 'sp1': '28.40', 'bq1': '3020', 'sq1': '1600'}
2025-09-24 11:47:42,412 - INFO - Live price updated: 28.20
2025-09-24 11:47:43,472 - INFO - Quote Received for Account 1: {'t': 'tf', 'e': 'BFO', 'tk': '841835', 'lp': '28.25', 'pc': '-82.31', 'ft': '1758694615', 'v': '29968680', 'bp1': '28.35', 'sp1': '28.45', 'bq1': '580', 'sq1': '1740'}
2025-09-24 11:47:43,473 - INFO - Live price updated: 28.25
2025-09-24 11:47:44,543 - INFO - Quote Received for Account 1: {'t': 'tf', 'e': 'BFO', 'tk': '841835', 'lp': '28.35', 'pc': '-82.25', 'ft': '1758694616', 'v': '29970840', 'bp1': '28.30', 'bq1': '2520', 'sq1': '2560'}
2025-09-24 11:47:44,546 - INFO - Live price updated: 28.35
2025-09-24 11:47:45,614 - INFO - Quote Received for Account 1: {'t': 'tf', 'e': 'BFO', 'tk': '841835', 'lp': '28.45', 'pc': '-82.19', 'ft': '1758694618', 'v': '29970880', 'bp1': '28.35', 'bq1': '2280', 'sq1': '1260'}
2025-09-24 11:47:45,616 - INFO - Live price updated: 28.45
2025-09-24 11:47:46,683 - INFO - Quote Received for Account 1: {'t': 'tf', 'e': 'BFO', 'tk': '841835', 'lp': '28.35', 'pc': '-82.25', 'ft': '1758694619', 'v': '29971320', 'bp1': '28.30', 'sp1': '28.40', 'bq1': '1080', 'sq1': '800'}
2025-09-24 11:47:46,683 - INFO - Live price updated: 28.35
2025-09-24 11:47:47,753 - INFO - Quote Received for Account 1: {'t': 'tf', 'e': 'BFO', 'tk': '841835', 'ft': '1758694620', 'v': '29971340', 'bp1': '28.60', 'sp1': '28.70', 'bq1': '1200', 'sq1': '540'}
2025-09-24 11:47:48,826 - INFO - Quote Received for Account 1: {'t': 'tf', 'e': 'BFO', 'tk': '841835', 'lp': '28.80', 'pc': '-81.97', 'ft': '1758694621', 'v': '29971480', 'bp1': '28.65', 'sp1': '28.75', 'bq1': '560', 'sq1': '1000'}
2025-09-24 11:47:48,827 - INFO - Live price updated: 28.80
2025-09-24 11:47:49,899 - INFO - Quote Received for Account 1: {'t': 'tf', 'e': 'BFO', 'tk': '841835', 'lp': '28.50', 'pc': '-82.15', 'ft': '1758694622', 'v': '29972420', 'bp1': '28.55', 'sp1': '28.65', 'bq1': '400', 'sq1': '2660'}
2025-09-24 11:47:49,901 - INFO - Live price updated: 28.50
2025-09-24 11:47:50,968 - INFO - Quote Received for Account 1: {'t': 'tf', 'e': 'BFO', 'tk': '841835', 'lp': '28.55', 'pc': '-82.12', 'ft': '1758694623', 'ap': '36.43', 'v': '29977300', 'bp1': '28.40', 'sp1': '28.50', 'bq1': '940', 'sq1': '1020'}
2025-09-24 11:47:50,970 - INFO - Live price updated: 28.55
2025-09-24 11:47:52,039 - INFO - Quote Received for Account 1: {'t': 'tf', 'e': 'BFO', 'tk': '841835', 'lp': '28.45', 'pc': '-82.19', 'ft': '1758694624', 'v': '29978300', 'bp1': '28.45', 'sp1': '28.55', 'bq1': '640', 'sq1': '1280'}
2025-09-24 11:47:52,044 - INFO - Live price updated: 28.45
2025-09-24 11:47:53,109 - INFO - Quote Received for Account 1: {'t': 'tf', 'e': 'BFO', 'tk': '841835', 'lp': '28.60', 'pc': '-82.09', 'ft': '1758694625', 'v': '29978520', 'bq1': '240', 'sq1': '2540'}
2025-09-24 11:47:53,110 - INFO - Live price updated: 28.60
2025-09-24 11:47:54,177 - INFO - Quote Received for Account 1: {'t': 'tf', 'e': 'BFO', 'tk': '841835', 'lp': '28.50', 'pc': '-82.15', 'ft': '1758694626', 'v': '29979540', 'bq1': '1480', 'sq1': '1820'}
2025-09-24 11:47:54,192 - INFO - Live price updated: 28.50
2025-09-24 11:47:55,251 - INFO - Quote Received for Account 1: {'t': 'tf', 'e': 'BFO', 'tk': '841835', 'lp': '28.40', 'pc': '-82.22', 'ft': '1758694627', 'v': '29979620', 'bp1': '28.40', 'sp1': '28.50', 'bq1': '220', 'sq1': '2180'}
2025-09-24 11:47:55,253 - INFO - Live price updated: 28.40
2025-09-24 11:47:56,323 - INFO - Quote Received for Account 1: {'t': 'tf', 'e': 'BFO', 'tk': '841835', 'ft': '1758694628', 'bp1': '28.50', 'sp1': '28.60', 'bq1': '700', 'sq1': '1640'}
2025-09-24 11:47:57,385 - INFO - Quote Received for Account 1: {'t': 'tf', 'e': 'BFO', 'tk': '841835', 'lp': '28.60', 'pc': '-82.09', 'ft': '1758694629', 'v': '29980220', 'bp1': '28.45', 'sp1': '28.55', 'bq1': '800', 'sq1': '900'}
2025-09-24 11:47:57,385 - INFO - Live price updated: 28.60
2025-09-24 11:47:58,464 - INFO - Quote Received for Account 1: {'t': 'tf', 'e': 'BFO', 'tk': '841835', 'ft': '1758694630', 'bp1': '28.50', 'sp1': '28.60', 'bq1': '2100', 'sq1': '720'}
2025-09-24 11:47:59,533 - INFO - Quote Received for Account 1: {'t': 'tf', 'e': 'BFO', 'tk': '841835', 'ft': '1758694631', 'v': '29980420', 'bp1': '28.55', 'sp1': '28.70', 'bq1': '3380', 'sq1': '1680'}
2025-09-24 11:48:00,604 - INFO - Quote Received for Account 1: {'t': 'tf', 'e': 'BFO', 'tk': '841835', 'ft': '1758694633', 'v': '29981360', 'bp1': '28.65', 'sp1': '28.75', 'bq1': '1060', 'sq1': '1360'}
2025-09-24 11:48:01,678 - INFO - Quote Received for Account 1: {'t': 'tf', 'e': 'BFO', 'tk': '841835', 'lp': '28.55', 'pc': '-82.12', 'ft': '1758694634', 'v': '29983820', 'bp1': '28.55', 'sp1': '28.60', 'bq1': '2980', 'sq1': '2400'}
2025-09-24 11:48:01,679 - INFO - Live price updated: 28.55
2025-09-24 11:48:02,746 - INFO - Quote Received for Account 1: {'t': 'tf', 'e': 'BFO', 'tk': '841835', 'lp': '28.60', 'pc': '-82.09', 'ft': '1758694635', 'v': '29987920', 'sp1': '28.70', 'bq1': '3080', 'sq1': '1460'}
2025-09-24 11:48:02,748 - INFO - Live price updated: 28.60
2025-09-24 11:48:03,818 - INFO - Quote Received for Account 1: {'t': 'tf', 'e': 'BFO', 'tk': '841835', 'ft': '1758694636', 'v': '29988200', 'bp1': '28.45', 'sp1': '28.60', 'bq1': '3700', 'sq1': '1900'}
2025-09-24 11:48:04,889 - INFO - Quote Received for Account 1: {'t': 'tf', 'e': 'BFO', 'tk': '841835', 'lp': '28.35', 'pc': '-82.25', 'ft': '1758694637', 'v': '29998580', 'bp1': '28.30', 'sp1': '28.40', 'bq1': '180', 'sq1': '1540'}
2025-09-24 11:48:04,892 - INFO - Live price updated: 28.35
2025-09-24 11:48:05,962 - INFO - Quote Received for Account 1: {'t': 'tf', 'e': 'BFO', 'tk': '841835', 'lp': '28.45', 'pc': '-82.19', 'ft': '1758694638', 'v': '30002180', 'sp1': '28.45', 'bq1': '1200', 'sq1': '2220'}
2025-09-24 11:48:05,966 - INFO - Live price updated: 28.45
2025-09-24 11:48:06,399 - INFO - Quote Received for Account 1: {'t': 'tf', 'e': 'BFO', 'tk': '841835', 'ft': '1758694638', 'oi': '2832220'}
2025-09-24 11:48:07,031 - INFO - Quote Received for Account 1: {'t': 'tf', 'e': 'BFO', 'tk': '841835', 'lp': '28.40', 'pc': '-82.22', 'ft': '1758694639', 'v': '30003100', 'bp1': '28.45', 'sp1': '28.55', 'bq1': '2620', 'sq1': '20'}
2025-09-24 11:48:07,033 - INFO - Live price updated: 28.40
2025-09-24 11:48:08,102 - INFO - Quote Received for Account 1: {'t': 'tf', 'e': 'BFO', 'tk': '841835', 'lp': '28.50', 'pc': '-82.15', 'ft': '1758694640', 'v': '30003300', 'bp1': '28.50', 'sp1': '28.60', 'bq1': '480', 'sq1': '1400'}
2025-09-24 11:48:08,104 - INFO - Live price updated: 28.50
2025-09-24 11:48:09,172 - INFO - Quote Received for Account 1: {'t': 'tf', 'e': 'BFO', 'tk': '841835', 'lp': '28.60', 'pc': '-82.09', 'ft': '1758694641', 'v': '30003320', 'bp1': '28.60', 'sp1': '28.70', 'bq1': '180', 'sq1': '1980'}
2025-09-24 11:48:09,173 - INFO - Live price updated: 28.60
2025-09-24 11:48:10,244 - INFO - Quote Received for Account 1: {'t': 'tf', 'e': 'BFO', 'tk': '841835', 'lp': '28.65', 'pc': '-82.06', 'ft': '1758694642', 'v': '30003600', 'bp1': '28.65', 'sp1': '28.75', 'bq1': '480', 'sq1': '1380'}
2025-09-24 11:48:10,245 - INFO - Live price updated: 28.65
2025-09-24 11:48:11,324 - INFO - Quote Received for Account 1: {'t': 'tf', 'e': 'BFO', 'tk': '841835', 'lp': '28.75', 'pc': '-82.00', 'ft': '1758694643', 'v': '30003640', 'bq1': '820', 'sq1': '1120'}
2025-09-24 11:48:11,324 - INFO - Live price updated: 28.75
2025-09-24 11:48:12,388 - INFO - Quote Received for Account 1: {'t': 'tf', 'e': 'BFO', 'tk': '841835', 'lp': '28.65', 'pc': '-82.06', 'ft': '1758694644', 'v': '30005060', 'bp1': '28.60', 'bq1': '1960', 'sq1': '2280'}
2025-09-24 11:48:12,388 - INFO - Live price updated: 28.65
2025-09-24 11:48:13,456 - INFO - Quote Received for Account 1: {'t': 'tf', 'e': 'BFO', 'tk': '841835', 'ft': '1758694645', 'v': '30005140', 'bp1': '28.55', 'sp1': '28.65', 'bq1': '1280', 'sq1': '840'}
2025-09-24 11:48:14,527 - INFO - Quote Received for Account 1: {'t': 'tf', 'e': 'BFO', 'tk': '841835', 'ft': '1758694646', 'v': '30006800', 'sp1': '28.70', 'bq1': '2160', 'sq1': '2220'}
2025-09-24 11:48:15,599 - INFO - Quote Received for Account 1: {'t': 'tf', 'e': 'BFO', 'tk': '841835', 'ft': '1758694648', 'v': '30006920', 'sp1': '28.65', 'bq1': '1300', 'sq1': '1020'}
2025-09-24 11:48:16,662 - INFO - Quote Received for Account 1: {'t': 'tf', 'e': 'BFO', 'tk': '841835', 'ft': '1758694649', 'v': '30007900', 'bp1': '28.60', 'sp1': '28.70', 'bq1': '800', 'sq1': '1420'}
2025-09-24 11:48:17,732 - INFO - Quote Received for Account 1: {'t': 'tf', 'e': 'BFO', 'tk': '841835', 'ft': '1758694650', 'v': '30008320', 'bq1': '400', 'sq1': '940'}
2025-09-24 11:48:18,810 - INFO - Quote Received for Account 1: {'t': 'tf', 'e': 'BFO', 'tk': '841835', 'ft': '1758694651', 'v': '30008580', 'bp1': '28.70', 'sp1': '28.75', 'bq1': '20', 'sq1': '1580'}
2025-09-24 11:48:19,904 - INFO - Quote Received for Account 1: {'t': 'tf', 'e': 'BFO', 'tk': '841835', 'lp': '28.70', 'pc': '-82.03', 'ft': '1758694652', 'v': '30009900', 'sp1': '28.80', 'bq1': '980', 'sq1': '1040'}
2025-09-24 11:48:19,904 - INFO - Live price updated: 28.70
2025-09-24 11:48:20,960 - INFO - Quote Received for Account 1: {'t': 'tf', 'e': 'BFO', 'tk': '841835', 'lp': '28.75', 'pc': '-82.00', 'ft': '1758694653', 'v': '30011060', 'bp1': '28.65', 'sp1': '28.75', 'bq1': '440', 'sq1': '1000'}
2025-09-24 11:48:20,963 - INFO - Live price updated: 28.75
2025-09-24 11:48:22,023 - INFO - Quote Received for Account 1: {'t': 'tf', 'e': 'BFO', 'tk': '841835', 'ft': '1758694654', 'v': '30011240', 'bq1': '860', 'sq1': '400'}
2025-09-24 11:48:23,093 - INFO - Quote Received for Account 1: {'t': 'tf', 'e': 'BFO', 'tk': '841835', 'lp': '28.80', 'pc': '-81.97', 'ft': '1758694655', 'v': '30013520', 'bp1': '28.85', 'sp1': '28.90', 'bq1': '580', 'sq1': '520'}
2025-09-24 11:48:23,095 - INFO - Live price updated: 28.80
2025-09-24 11:48:24,166 - INFO - Quote Received for Account 1: {'t': 'tf', 'e': 'BFO', 'tk': '841835', 'lp': '29.00', 'pc': '-81.84', 'ft': '1758694656', 'ap': '36.42', 'v': '30015660', 'bp1': '28.95', 'sp1': '29.10', 'bq1': '2760', 'sq1': '1420'}
2025-09-24 11:48:24,168 - INFO - Live price updated: 29.00
2025-09-24 11:48:25,224 - INFO - Quote Received for Account 1: {'t': 'tf', 'e': 'BFO', 'tk': '841835', 'lp': '29.10', 'pc': '-81.78', 'ft': '1758694657', 'v': '30017620', 'bp1': '29.00', 'bq1': '120', 'sq1': '2060'}
2025-09-24 11:48:25,224 - INFO - Live price updated: 29.10
2025-09-24 11:48:26,310 - INFO - Quote Received for Account 1: {'t': 'tf', 'e': 'BFO', 'tk': '841835', 'lp': '29.00', 'pc': '-81.84', 'ft': '1758694658', 'v': '30017780', 'bp1': '28.95', 'sp1': '29.00', 'bq1': '100', 'sq1': '520'}
2025-09-24 11:48:26,327 - INFO - Live price updated: 29.00
2025-09-24 11:48:27,387 - INFO - Quote Received for Account 1: {'t': 'tf', 'e': 'BFO', 'tk': '841835', 'lp': '28.90', 'pc': '-81.90', 'ft': '1758694659', 'v': '30017920', 'bq1': '20', 'sq1': '1160'}
2025-09-24 11:48:27,390 - INFO - Live price updated: 28.90
2025-09-24 11:48:28,463 - INFO - Quote Received for Account 1: {'t': 'tf', 'e': 'BFO', 'tk': '841835', 'lp': '29.05', 'pc': '-81.81', 'ft': '1758694660', 'v': '30017940', 'bp1': '29.00', 'sp1': '29.10', 'bq1': '1040', 'sq1': '1460'}
2025-09-24 11:48:28,466 - INFO - Live price updated: 29.05
2025-09-24 11:48:29,518 - INFO - Quote Received for Account 1: {'t': 'tf', 'e': 'BFO', 'tk': '841835', 'ft': '1758694661', 'v': '30017960', 'bq1': '360', 'sq1': '2120'}
2025-09-24 11:48:30,590 - INFO - Quote Received for Account 1: {'t': 'tf', 'e': 'BFO', 'tk': '841835', 'lp': '29.25', 'pc': '-81.68', 'ft': '1758694663', 'v': '30018080', 'bp1': '29.15', 'sp1': '29.25', 'bq1': '1760', 'sq1': '2020'}
2025-09-24 11:48:30,592 - INFO - Live price updated: 29.25
2025-09-24 11:48:31,661 - INFO - Quote Received for Account 1: {'t': 'tf', 'e': 'BFO', 'tk': '841835', 'lp': '29.05', 'pc': '-81.81', 'ft': '1758694664', 'v': '30019040', 'bp1': '29.05', 'sp1': '29.20', 'bq1': '3380', 'sq1': '2400'}
2025-09-24 11:48:31,663 - INFO - Live price updated: 29.05
2025-09-24 11:48:32,726 - INFO - Quote Received for Account 1: {'t': 'tf', 'e': 'BFO', 'tk': '841835', 'lp': '29.30', 'pc': '-81.65', 'ft': '1758694665', 'v': '30022160', 'bp1': '29.20', 'sp1': '29.30', 'bq1': '860', 'sq1': '1180'}
2025-09-24 11:48:32,726 - INFO - Live price updated: 29.30
2025-09-24 11:48:33,806 - INFO - Quote Received for Account 1: {'t': 'tf', 'e': 'BFO', 'tk': '841835', 'ft': '1758694666', 'v': '30023780', 'bp1': '29.25', 'sp1': '29.35', 'bq1': '580', 'sq1': '2240'}
2025-09-24 11:48:34,881 - INFO - Quote Received for Account 1: {'t': 'tf', 'e': 'BFO', 'tk': '841835', 'lp': '29.20', 'pc': '-81.72', 'ft': '1758694667', 'v': '30029980', 'bp1': '29.20', 'sp1': '29.30', 'bq1': '480', 'sq1': '2140'}
2025-09-24 11:48:34,882 - INFO - Live price updated: 29.20
2025-09-24 11:48:35,945 - INFO - Quote Received for Account 1: {'t': 'tf', 'e': 'BFO', 'tk': '841835', 'lp': '29.10', 'pc': '-81.78', 'ft': '1758694668', 'v': '30032060', 'bp1': '29.10', 'sp1': '29.20', 'bq1': '620', 'sq1': '1480'}
2025-09-24 11:48:35,946 - INFO - Live price updated: 29.10
2025-09-24 11:48:37,016 - INFO - Quote Received for Account 1: {'t': 'tf', 'e': 'BFO', 'tk': '841835', 'lp': '29.20', 'pc': '-81.72', 'ft': '1758694669', 'v': '30032300', 'bq1': '420', 'sq1': '1000'}
2025-09-24 11:48:37,018 - INFO - Live price updated: 29.20
2025-09-24 11:48:38,086 - INFO - Quote Received for Account 1: {'t': 'tf', 'e': 'BFO', 'tk': '841835', 'lp': '29.15', 'pc': '-81.75', 'ft': '1758694670', 'v': '30035280', 'sp1': '29.25', 'bq1': '2520', 'sq1': '1400'}
2025-09-24 11:48:38,088 - INFO - Live price updated: 29.15
2025-09-24 11:48:39,157 - INFO - Quote Received for Account 1: {'t': 'tf', 'e': 'BFO', 'tk': '841835', 'lp': '29.10', 'pc': '-81.78', 'ft': '1758694671', 'v': '30036680', 'bp1': '29.00', 'sp1': '29.10', 'bq1': '3040', 'sq1': '980'}
2025-09-24 11:48:39,159 - INFO - Live price updated: 29.10
2025-09-24 11:48:40,230 - INFO - Quote Received for Account 1: {'t': 'tf', 'e': 'BFO', 'tk': '841835', 'ft': '1758694672', 'v': '30037700', 'bp1': '29.05', 'sp1': '29.15', 'bq1': '2020', 'sq1': '300'}
2025-09-24 11:48:41,305 - INFO - Quote Received for Account 1: {'t': 'tf', 'e': 'BFO', 'tk': '841835', 'lp': '29.00', 'pc': '-81.84', 'ft': '1758694673', 'v': '30041720', 'bp1': '28.95', 'sp1': '29.10', 'bq1': '1880', 'sq1': '1300'}
2025-09-24 11:48:41,306 - INFO - Live price updated: 29.00
2025-09-24 11:48:42,375 - INFO - Quote Received for Account 1: {'t': 'tf', 'e': 'BFO', 'tk': '841835', 'lp': '29.15', 'pc': '-81.75', 'ft': '1758694674', 'v': '30042560', 'bp1': '29.00', 'sp1': '29.15', 'bq1': '1580', 'sq1': '2300'}
2025-09-24 11:48:42,377 - INFO - Live price updated: 29.15
2025-09-24 11:48:43,441 - INFO - Quote Received for Account 1: {'t': 'tf', 'e': 'BFO', 'tk': '841835', 'lp': '28.90', 'pc': '-81.90', 'ft': '1758694675', 'v': '30043120', 'sp1': '29.10', 'bq1': '280', 'sq1': '2160'}
2025-09-24 11:48:43,442 - INFO - Live price updated: 28.90
2025-09-24 11:48:44,544 - INFO - Quote Received for Account 1: {'t': 'tf', 'e': 'BFO', 'tk': '841835', 'ft': '1758694676', 'v': '30043420', 'bp1': '28.80', 'sp1': '28.90', 'bq1': '540', 'sq1': '2340'}
2025-09-24 11:48:45,620 - INFO - Quote Received for Account 1: {'t': 'tf', 'e': 'BFO', 'tk': '841835', 'lp': '28.95', 'pc': '-81.87', 'ft': '1758694678', 'v': '30044520', 'bp1': '28.90', 'sp1': '28.95', 'bq1': '520', 'sq1': '240'}
2025-09-24 11:48:45,623 - INFO - Live price updated: 28.95
2025-09-24 11:48:46,669 - INFO - Quote Received for Account 1: {'t': 'tf', 'e': 'BFO', 'tk': '841835', 'lp': '29.00', 'pc': '-81.84', 'ft': '1758694679', 'v': '30049100', 'bp1': '28.85', 'sp1': '29.00', 'bq1': '2560', 'sq1': '2820'}
2025-09-24 11:48:46,670 - INFO - Live price updated: 29.00
2025-09-24 11:48:47,731 - INFO - Quote Received for Account 1: {'t': 'tf', 'e': 'BFO', 'tk': '841835', 'lp': '28.95', 'pc': '-81.87', 'ft': '1758694680', 'v': '30049900', 'sp1': '28.95', 'bq1': '340', 'sq1': '1320'}
2025-09-24 11:48:47,734 - INFO - Live price updated: 28.95
2025-09-24 11:48:48,810 - INFO - Quote Received for Account 1: {'t': 'tf', 'e': 'BFO', 'tk': '841835', 'ft': '1758694681', 'v': '30051220', 'bp1': '28.90', 'sp1': '29.00', 'bq1': '480', 'sq1': '420'}
2025-09-24 11:48:49,870 - INFO - Quote Received for Account 1: {'t': 'tf', 'e': 'BFO', 'tk': '841835', 'lp': '28.90', 'pc': '-81.90', 'ft': '1758694682', 'v': '30051440', 'sp1': '28.95', 'bq1': '1760', 'sq1': '1160'}
2025-09-24 11:48:49,870 - INFO - Live price updated: 28.90
2025-09-24 11:48:50,949 - INFO - Quote Received for Account 1: {'t': 'tf', 'e': 'BFO', 'tk': '841835', 'lp': '28.75', 'pc': '-82.00', 'ft': '1758694683', 'ap': '36.41', 'v': '30054860', 'bp1': '28.75', 'sp1': '28.85', 'bq1': '100', 'sq1': '1960'}
2025-09-24 11:48:50,952 - INFO - Live price updated: 28.75
2025-09-24 11:48:52,015 - INFO - Quote Received for Account 1: {'t': 'tf', 'e': 'BFO', 'tk': '841835', 'lp': '28.85', 'pc': '-81.93', 'ft': '1758694684', 'v': '30056880', 'bp1': '28.70', 'sp1': '28.80', 'bq1': '1840', 'sq1': '400'}
2025-09-24 11:48:52,018 - INFO - Live price updated: 28.85
2025-09-24 11:48:53,112 - INFO - Quote Received for Account 1: {'t': 'tf', 'e': 'BFO', 'tk': '841835', 'lp': '28.50', 'pc': '-82.15', 'ft': '1758694685', 'v': '30060020', 'bp1': '28.50', 'sp1': '28.60', 'bq1': '12420', 'sq1': '580'}
2025-09-24 11:48:53,115 - INFO - Live price updated: 28.50
2025-09-24 11:48:54,167 - INFO - Quote Received for Account 1: {'t': 'tf', 'e': 'BFO', 'tk': '841835', 'lp': '28.65', 'pc': '-82.06', 'ft': '1758694686', 'v': '30060560', 'bp1': '28.70', 'sp1': '28.80', 'bq1': '1000', 'sq1': '1640'}
2025-09-24 11:48:54,168 - INFO - Live price updated: 28.65
2025-09-24 11:48:55,232 - INFO - Quote Received for Account 1: {'t': 'tf', 'e': 'BFO', 'tk': '841835', 'ft': '1758694687', 'bp1': '28.65', 'sp1': '28.75', 'bq1': '900', 'sq1': '1280'}
2025-09-24 11:48:56,294 - INFO - Quote Received for Account 1: {'t': 'tf', 'e': 'BFO', 'tk': '841835', 'lp': '28.70', 'pc': '-82.03', 'ft': '1758694688', 'v': '30061580', 'bp1': '28.75', 'sp1': '28.85', 'bq1': '920', 'sq1': '1520'}
2025-09-24 11:48:56,296 - INFO - Live price updated: 28.70
2025-09-24 11:48:57,368 - INFO - Quote Received for Account 1: {'t': 'tf', 'e': 'BFO', 'tk': '841835', 'lp': '28.85', 'pc': '-81.93', 'ft': '1758694689', 'v': '30062780', 'bp1': '28.85', 'sp1': '28.95', 'bq1': '1160', 'sq1': '1360'}
2025-09-24 11:48:57,369 - INFO - Live price updated: 28.85
2025-09-24 11:48:58,436 - INFO - Quote Received for Account 1: {'t': 'tf', 'e': 'BFO', 'tk': '841835', 'lp': '28.90', 'pc': '-81.90', 'ft': '1758694690', 'v': '30063120', 'bq1': '1080', 'sq1': '1500'}
2025-09-24 11:48:58,439 - INFO - Live price updated: 28.90
2025-09-24 11:48:59,507 - INFO - Quote Received for Account 1: {'t': 'tf', 'e': 'BFO', 'tk': '841835', 'ft': '1758694691', 'v': '30063560', 'bp1': '28.90', 'sp1': '29.00', 'bq1': '1900', 'sq1': '1980'}
2025-09-24 11:49:00,577 - INFO - Quote Received for Account 1: {'t': 'tf', 'e': 'BFO', 'tk': '841835', 'lp': '29.30', 'pc': '-81.65', 'ft': '1758694693', 'v': '30069580', 'bp1': '29.25', 'sp1': '29.35', 'bq1': '2580', 'sq1': '500'}
2025-09-24 11:49:00,578 - INFO - Live price updated: 29.30
2025-09-24 11:49:01,653 - INFO - Quote Received for Account 1: {'t': 'tf', 'e': 'BFO', 'tk': '841835', 'lp': '28.95', 'pc': '-81.87', 'ft': '1758694694', 'v': '30070380', 'bp1': '28.80', 'sp1': '28.90', 'bq1': '600', 'sq1': '1620'}
2025-09-24 11:49:01,656 - INFO - Live price updated: 28.95
2025-09-24 11:49:02,729 - INFO - Quote Received for Account 1: {'t': 'tf', 'e': 'BFO', 'tk': '841835', 'lp': '28.60', 'pc': '-82.09', 'ft': '1758694695', 'v': '30071380', 'bp1': '28.55', 'sp1': '28.65', 'bq1': '1320', 'sq1': '1180'}
2025-09-24 11:49:02,731 - INFO - Live price updated: 28.60
2025-09-24 11:49:03,802 - INFO - Quote Received for Account 1: {'t': 'tf', 'e': 'BFO', 'tk': '841835', 'ft': '1758694696', 'v': '30072700', 'bp1': '28.60', 'bq1': '1000', 'sq1': '320'}
2025-09-24 11:49:04,855 - INFO - Quote Received for Account 1: {'t': 'tf', 'e': 'BFO', 'tk': '841835', 'ft': '1758694697', 'v': '30075040', 'sp1': '28.75', 'bq1': '1140', 'sq1': '1100'}
2025-09-24 11:49:05,931 - INFO - Quote Received for Account 1: {'t': 'tf', 'e': 'BFO', 'tk': '841835', 'lp': '28.70', 'pc': '-82.03', 'ft': '1758694698', 'v': '30075980', 'bp1': '28.70', 'sp1': '28.80', 'bq1': '1100', 'sq1': '340'}
2025-09-24 11:49:05,934 - INFO - Live price updated: 28.70
2025-09-24 11:49:07,017 - INFO - Quote Received for Account 1: {'t': 'tf', 'e': 'BFO', 'tk': '841835', 'lp': '28.95', 'pc': '-81.87', 'ft': '1758694699', 'v': '30076820', 'bp1': '28.90', 'sp1': '29.05', 'bq1': '2760', 'sq1': '860'}
2025-09-24 11:49:07,020 - INFO - Live price updated: 28.95
2025-09-24 11:49:08,076 - INFO - Quote Received for Account 1: {'t': 'tf', 'e': 'BFO', 'tk': '841835', 'ft': '1758694700', 'v': '30078000', 'bp1': '28.85', 'sp1': '28.95', 'bq1': '1120', 'sq1': '1080'}
2025-09-24 11:49:09,146 - INFO - Quote Received for Account 1: {'t': 'tf', 'e': 'BFO', 'tk': '841835', 'ft': '1758694701', 'v': '30078040', 'bp1': '28.80', 'sp1': '28.90', 'bq1': '2040', 'sq1': '260'}
2025-09-24 11:49:10,217 - INFO - Quote Received for Account 1: {'t': 'tf', 'e': 'BFO', 'tk': '841835', 'ft': '1758694702', 'v': '30078660', 'bp1': '28.85', 'sp1': '28.95', 'bq1': '860', 'sq1': '1140'}
2025-09-24 11:49:11,296 - INFO - Quote Received for Account 1: {'t': 'tf', 'e': 'BFO', 'tk': '841835', 'lp': '28.75', 'pc': '-82.00', 'ft': '1758694703', 'v': '30079780', 'bp1': '28.75', 'sp1': '28.85', 'bq1': '2520', 'sq1': '160'}
2025-09-24 11:49:11,297 - INFO - Live price updated: 28.75
2025-09-24 11:49:12,356 - INFO - Quote Received for Account 1: {'t': 'tf', 'e': 'BFO', 'tk': '841835', 'ft': '1758694704', 'bp1': '28.80', 'bq1': '760', 'sq1': '20'}
2025-09-24 11:49:13,427 - INFO - Quote Received for Account 1: {'t': 'tf', 'e': 'BFO', 'tk': '841835', 'lp': '28.80', 'pc': '-81.97', 'ft': '1758694705', 'v': '30079820', 'bp1': '28.90', 'sp1': '29.05', 'bq1': '2640', 'sq1': '1980'}
2025-09-24 11:49:13,427 - INFO - Live price updated: 28.80
2025-09-24 11:49:14,501 - INFO - Quote Received for Account 1: {'t': 'tf', 'e': 'BFO', 'tk': '841835', 'lp': '29.00', 'pc': '-81.84', 'ft': '1758694706', 'v': '30080680', 'bp1': '28.95', 'bq1': '1460', 'sq1': '180'}
2025-09-24 11:49:14,501 - INFO - Live price updated: 29.00
2025-09-24 11:49:15,580 - INFO - Quote Received for Account 1: {'t': 'tf', 'e': 'BFO', 'tk': '841835', 'lp': '29.10', 'pc': '-81.78', 'ft': '1758694708', 'v': '30081720', 'bp1': '29.05', 'sp1': '29.15', 'bq1': '1720', 'sq1': '1080'}
2025-09-24 11:49:15,582 - INFO - Live price updated: 29.10
2025-09-24 11:49:16,643 - INFO - Quote Received for Account 1: {'t': 'tf', 'e': 'BFO', 'tk': '841835', 'lp': '29.05', 'pc': '-81.81', 'ft': '1758694709', 'v': '30083960', 'bp1': '29.00', 'bq1': '1960'}
2025-09-24 11:49:16,645 - INFO - Live price updated: 29.05
2025-09-24 11:49:17,737 - INFO - Quote Received for Account 1: {'t': 'tf', 'e': 'BFO', 'tk': '841835', 'lp': '29.00', 'pc': '-81.84', 'ft': '1758694710', 'v': '30084580', 'sp1': '29.10', 'bq1': '1480', 'sq1': '1120'}
2025-09-24 11:49:17,741 - INFO - Live price updated: 29.00
2025-09-24 11:49:18,784 - INFO - Quote Received for Account 1: {'t': 'tf', 'e': 'BFO', 'tk': '841835', 'ft': '1758694711', 'v': '30085240', 'bp1': '28.90', 'sp1': '29.00', 'bq1': '1000', 'sq1': '1880'}
2025-09-24 11:49:19,865 - INFO - Quote Received for Account 1: {'t': 'tf', 'e': 'BFO', 'tk': '841835', 'lp': '28.95', 'pc': '-81.87', 'ft': '1758694712', 'v': '30086660', 'bp1': '28.85', 'bq1': '2040', 'sq1': '1100'}
2025-09-24 11:49:19,867 - INFO - Live price updated: 28.95
2025-09-24 11:49:20,925 - INFO - Quote Received for Account 1: {'t': 'tf', 'e': 'BFO', 'tk': '841835', 'lp': '28.65', 'pc': '-82.06', 'ft': '1758694713', 'v': '30086940', 'bp1': '28.60', 'sp1': '28.70', 'bq1': '1140', 'sq1': '920'}
2025-09-24 11:49:20,927 - INFO - Live price updated: 28.65
2025-09-24 11:49:21,996 - INFO - Quote Received for Account 1: {'t': 'tf', 'e': 'BFO', 'tk': '841835', 'lp': '28.70', 'pc': '-82.03', 'ft': '1758694714', 'v': '30086980', 'bp1': '28.65', 'sp1': '28.80', 'bq1': '1620', 'sq1': '2880'}
2025-09-24 11:49:21,998 - INFO - Live price updated: 28.70
2025-09-24 11:49:23,075 - INFO - Quote Received for Account 1: {'t': 'tf', 'e': 'BFO', 'tk': '841835', 'lp': '28.90', 'pc': '-81.90', 'ft': '1758694715', 'v': '30087980', 'bp1': '28.80', 'sp1': '28.95', 'bq1': '2540', 'sq1': '1000'}
2025-09-24 11:49:23,075 - INFO - Live price updated: 28.90
2025-09-24 11:49:24,139 - INFO - Quote Received for Account 1: {'t': 'tf', 'e': 'BFO', 'tk': '841835', 'lp': '29.00', 'pc': '-81.84', 'ft': '1758694716', 'v': '30088860', 'bp1': '28.90', 'bq1': '40', 'sq1': '240'}
2025-09-24 11:49:24,141 - INFO - Live price updated: 29.00
2025-09-24 11:49:25,218 - INFO - Quote Received for Account 1: {'t': 'tf', 'e': 'BFO', 'tk': '841835', 'lp': '29.05', 'pc': '-81.81', 'ft': '1758694717', 'v': '30091160', 'bp1': '29.05', 'sp1': '29.20', 'bq1': '1780', 'sq1': '1380'}
2025-09-24 11:49:25,220 - INFO - Live price updated: 29.05
2025-09-24 11:49:26,280 - INFO - Quote Received for Account 1: {'t': 'tf', 'e': 'BFO', 'tk': '841835', 'ft': '1758694718', 'bp1': '29.00', 'sp1': '29.10', 'bq1': '200', 'sq1': '880'}
2025-09-24 11:49:27,356 - INFO - Quote Received for Account 1: {'t': 'tf', 'e': 'BFO', 'tk': '841835', 'ft': '1758694719', 'v': '30091700', 'bp1': '28.95', 'sp1': '29.05', 'bq1': '560', 'sq1': '2120'}
2025-09-24 11:49:28,427 - INFO - Quote Received for Account 1: {'t': 'tf', 'e': 'BFO', 'tk': '841835', 'lp': '29.00', 'pc': '-81.84', 'ft': '1758694720', 'v': '30091760', 'bp1': '28.90', 'sp1': '29.00', 'bq1': '1500', 'sq1': '260'}
2025-09-24 11:49:28,430 - INFO - Live price updated: 29.00
2025-09-24 11:49:29,487 - INFO - Quote Received for Account 1: {'t': 'tf', 'e': 'BFO', 'tk': '841835', 'lp': '28.90', 'pc': '-81.90', 'ft': '1758694721', 'v': '30091880', 'bq1': '200', 'sq1': '1620'}
2025-09-24 11:49:29,487 - INFO - Live price updated: 28.90
2025-09-24 11:49:30,577 - INFO - Quote Received for Account 1: {'t': 'tf', 'e': 'BFO', 'tk': '841835', 'lp': '28.95', 'pc': '-81.87', 'ft': '1758694722', 'v': '30092260', 'bp1': '28.85', 'sp1': '28.95', 'bq1': '620', 'sq1': '1160'}
2025-09-24 11:49:30,580 - INFO - Live price updated: 28.95
2025-09-24 11:49:31,630 - INFO - Quote Received for Account 1: {'t': 'tf', 'e': 'BFO', 'tk': '841835', 'lp': '28.80', 'pc': '-81.97', 'ft': '1758694724', 'v': '30092340', 'bp1': '28.75', 'sp1': '28.90', 'bq1': '1960', 'sq1': '2480'}
2025-09-24 11:49:31,630 - INFO - Live price updated: 28.80
2025-09-24 11:49:33,000 - INFO - Quote Received for Account 1: {'t': 'tf', 'e': 'BFO', 'tk': '841835', 'ft': '1758694725', 'sp1': '28.85', 'bq1': '1360', 'sq1': '960'}
2025-09-24 11:49:33,783 - INFO - Quote Received for Account 1: {'t': 'tf', 'e': 'BFO', 'tk': '841835', 'lp': '28.75', 'pc': '-82.00', 'ft': '1758694726', 'v': '30093380', 'sp1': '28.80', 'bq1': '100', 'sq1': '240'}
2025-09-24 11:49:33,786 - INFO - Live price updated: 28.75
2025-09-24 11:49:34,857 - INFO - Quote Received for Account 1: {'t': 'tf', 'e': 'BFO', 'tk': '841835', 'lp': '28.65', 'pc': '-82.06', 'ft': '1758694727', 'ap': '36.40', 'v': '30097440', 'bp1': '28.50', 'sp1': '28.60', 'bq1': '13200', 'sq1': '1720'}
2025-09-24 11:49:34,859 - INFO - Live price updated: 28.65
2025-09-24 11:49:35,923 - INFO - Quote Received for Account 1: {'t': 'tf', 'e': 'BFO', 'tk': '841835', 'lp': '28.45', 'pc': '-82.19', 'ft': '1758694728', 'v': '30110380', 'bp1': '28.35', 'sp1': '28.45', 'bq1': '2240', 'sq1': '860'}
2025-09-24 11:49:35,926 - INFO - Live price updated: 28.45
2025-09-24 11:49:36,998 - INFO - Quote Received for Account 1: {'t': 'tf', 'e': 'BFO', 'tk': '841835', 'lp': '28.65', 'pc': '-82.06', 'ft': '1758694729', 'v': '30117600', 'bp1': '28.60', 'sp1': '28.75', 'bq1': '3300', 'sq1': '520'}
2025-09-24 11:49:37,000 - INFO - Live price updated: 28.65
2025-09-24 11:49:38,060 - INFO - Quote Received for Account 1: {'t': 'tf', 'e': 'BFO', 'tk': '841835', 'ft': '1758694730', 'v': '30117680', 'bp1': '28.55', 'sp1': '28.65', 'bq1': '3240', 'sq1': '1480'}
2025-09-24 11:49:39,131 - INFO - Quote Received for Account 1: {'t': 'tf', 'e': 'BFO', 'tk': '841835', 'lp': '28.60', 'pc': '-82.09', 'ft': '1758694731', 'v': '30119400', 'bq1': '440', 'sq1': '720'}
2025-09-24 11:49:39,133 - INFO - Live price updated: 28.60
2025-09-24 11:49:40,202 - INFO - Quote Received for Account 1: {'t': 'tf', 'e': 'BFO', 'tk': '841835', 'lp': '28.65', 'pc': '-82.06', 'ft': '1758694732', 'v': '30119960', 'bp1': '28.60', 'sp1': '28.70', 'bq1': '4140', 'sq1': '200'}
2025-09-24 11:49:40,205 - INFO - Live price updated: 28.65
2025-09-24 11:49:41,280 - INFO - Quote Received for Account 1: {'t': 'tf', 'e': 'BFO', 'tk': '841835', 'lp': '28.75', 'pc': '-82.00', 'ft': '1758694733', 'v': '30120960', 'bp1': '28.65', 'sp1': '28.75', 'bq1': '3720', 'sq1': '140'}
2025-09-24 11:49:41,284 - INFO - Live price updated: 28.75
2025-09-24 11:49:42,348 - INFO - Quote Received for Account 1: {'t': 'tf', 'e': 'BFO', 'tk': '841835', 'lp': '28.85', 'pc': '-81.93', 'ft': '1758694734', 'v': '30120980', 'bp1': '28.75', 'sp1': '28.85', 'bq1': '240', 'sq1': '1260'}
2025-09-24 11:49:42,348 - INFO - Live price updated: 28.85
2025-09-24 11:49:43,434 - INFO - Quote Received for Account 1: {'t': 'tf', 'e': 'BFO', 'tk': '841835', 'lp': '28.75', 'pc': '-82.00', 'ft': '1758694735', 'v': '30121040', 'bp1': '28.65', 'sp1': '28.75', 'bq1': '3920', 'sq1': '840'}
2025-09-24 11:49:43,436 - INFO - Live price updated: 28.75
2025-09-24 11:49:44,489 - INFO - Quote Received for Account 1: {'t': 'tf', 'e': 'BFO', 'tk': '841835', 'lp': '28.55', 'pc': '-82.12', 'ft': '1758694736', 'v': '30123180', 'bp1': '28.55', 'sp1': '28.65', 'bq1': '920', 'sq1': '1040'}
2025-09-24 11:49:44,492 - INFO - Live price updated: 28.55
2025-09-24 11:49:45,582 - INFO - Quote Received for Account 1: {'t': 'tf', 'e': 'BFO', 'tk': '841835', 'lp': '28.85', 'pc': '-81.93', 'ft': '1758694738', 'v': '30123300', 'bp1': '28.75', 'sp1': '28.90', 'bq1': '2840', 'sq1': '1980'}
2025-09-24 11:49:45,584 - INFO - Live price updated: 28.85
2025-09-24 11:49:46,627 - INFO - Quote Received for Account 1: {'t': 'tf', 'e': 'BFO', 'tk': '841835', 'lp': '29.00', 'pc': '-81.84', 'ft': '1758694739', 'v': '30124680', 'bp1': '29.00', 'sp1': '29.10', 'bq1': '3580', 'sq1': '1280'}
2025-09-24 11:49:46,630 - INFO - Live price updated: 29.00
2025-09-24 11:49:47,699 - INFO - Quote Received for Account 1: {'t': 'tf', 'e': 'BFO', 'tk': '841835', 'lp': '29.10', 'pc': '-81.78', 'ft': '1758694740', 'v': '30124780', 'bp1': '28.95', 'sp1': '29.05', 'bq1': '3380', 'sq1': '200'}
2025-09-24 11:49:47,701 - INFO - Live price updated: 29.10
2025-09-24 11:49:48,770 - INFO - Quote Received for Account 1: {'t': 'tf', 'e': 'BFO', 'tk': '841835', 'lp': '28.75', 'pc': '-82.00', 'ft': '1758694741', 'v': '30125760', 'bp1': '28.80', 'sp1': '28.90', 'bq1': '3720', 'sq1': '800'}
2025-09-24 11:49:48,771 - INFO - Live price updated: 28.75
2025-09-24 11:49:49,841 - INFO - Quote Received for Account 1: {'t': 'tf', 'e': 'BFO', 'tk': '841835', 'lp': '28.80', 'pc': '-81.97', 'ft': '1758694742', 'v': '30125780', 'bp1': '28.90', 'sp1': '29.00', 'bq1': '120', 'sq1': '3000'}
2025-09-24 11:49:49,843 - INFO - Live price updated: 28.80
2025-09-24 11:49:50,912 - INFO - Quote Received for Account 1: {'t': 'tf', 'e': 'BFO', 'tk': '841835', 'lp': '28.95', 'pc': '-81.87', 'ft': '1758694743', 'v': '30125980', 'bp1': '28.95', 'sp1': '29.10', 'bq1': '2960', 'sq1': '3400'}
2025-09-24 11:49:50,914 - INFO - Live price updated: 28.95
2025-09-24 11:49:51,983 - INFO - Quote Received for Account 1: {'t': 'tf', 'e': 'BFO', 'tk': '841835', 'ft': '1758694744', 'bp1': '29.00', 'bq1': '380', 'sq1': '3480'}
2025-09-24 11:49:53,054 - INFO - Quote Received for Account 1: {'t': 'tf', 'e': 'BFO', 'tk': '841835', 'lp': '29.00', 'pc': '-81.84', 'ft': '1758694745', 'v': '30126080', 'bp1': '28.95', 'sp1': '29.00', 'bq1': '940', 'sq1': '780'}
2025-09-24 11:49:53,056 - INFO - Live price updated: 29.00
2025-09-24 11:49:54,134 - INFO - Quote Received for Account 1: {'t': 'tf', 'e': 'BFO', 'tk': '841835', 'lp': '29.20', 'pc': '-81.72', 'ft': '1758694746', 'v': '30129080', 'bp1': '29.00', 'sp1': '29.10', 'bq1': '660', 'sq1': '1320'}
2025-09-24 11:49:54,136 - INFO - Live price updated: 29.20
2025-09-24 11:49:55,196 - INFO - Quote Received for Account 1: {'t': 'tf', 'e': 'BFO', 'tk': '841835', 'ft': '1758694747', 'bp1': '29.05', 'sp1': '29.15', 'bq1': '240', 'sq1': '1220'}
2025-09-24 11:49:56,267 - INFO - Quote Received for Account 1: {'t': 'tf', 'e': 'BFO', 'tk': '841835', 'lp': '29.00', 'pc': '-81.84', 'ft': '1758694748', 'v': '30129180', 'bp1': '28.95', 'sp1': '29.00', 'bq1': '100', 'sq1': '180'}
2025-09-24 11:49:56,268 - INFO - Live price updated: 29.00
2025-09-24 11:49:57,338 - INFO - Quote Received for Account 1: {'t': 'tf', 'e': 'BFO', 'tk': '841835', 'lp': '28.85', 'pc': '-81.93', 'ft': '1758694749', 'ap': '36.39', 'v': '30133320', 'bp1': '28.85', 'sp1': '28.95', 'bq1': '320', 'sq1': '2920'}
2025-09-24 11:49:57,339 - INFO - Live price updated: 28.85
2025-09-24 11:49:58,409 - INFO - Quote Received for Account 1: {'t': 'tf', 'e': 'BFO', 'tk': '841835', 'lp': '28.90', 'pc': '-81.90', 'ft': '1758694750', 'v': '30133360', 'bp1': '28.80', 'sp1': '28.85', 'bq1': '220', 'sq1': '740'}
2025-09-24 11:49:58,411 - INFO - Live price updated: 28.90
2025-09-24 11:49:59,479 - INFO - Quote Received for Account 1: {'t': 'tf', 'e': 'BFO', 'tk': '841835', 'lp': '28.85', 'pc': '-81.93', 'ft': '1758694751', 'v': '30133580', 'bp1': '28.85', 'sp1': '28.95', 'bq1': '1540', 'sq1': '1080'}
2025-09-24 11:49:59,481 - INFO - Live price updated: 28.85
2025-09-24 11:50:00,551 - INFO - Quote Received for Account 1: {'t': 'tf', 'e': 'BFO', 'tk': '841835', 'ft': '1758694752', 'v': '30133640', 'bp1': '28.75', 'sp1': '28.85', 'bq1': '740', 'sq1': '1940'}
2025-09-24 11:50:01,625 - INFO - Quote Received for Account 1: {'t': 'tf', 'e': 'BFO', 'tk': '841835', 'ft': '1758694754', 'v': '30133880', 'bp1': '28.85', 'sp1': '28.95', 'bq1': '320', 'sq1': '1780'}
2025-09-24 11:50:02,702 - INFO - Quote Received for Account 1: {'t': 'tf', 'e': 'BFO', 'tk': '841835', 'ft': '1758694755', 'v': '30135280', 'bp1': '28.80', 'bq1': '2420', 'sq1': '2040'}
2025-09-24 11:50:03,768 - INFO - Quote Received for Account 1: {'t': 'tf', 'e': 'BFO', 'tk': '841835', 'lp': '29.00', 'pc': '-81.84', 'ft': '1758694756', 'v': '30137580', 'sp1': '28.90', 'bq1': '2880', 'sq1': '240'}
2025-09-24 11:50:03,773 - INFO - Live price updated: 29.00
2025-09-24 11:50:04,834 - INFO - Quote Received for Account 1: {'t': 'tf', 'e': 'BFO', 'tk': '841835', 'lp': '28.80', 'pc': '-81.97', 'ft': '1758694757', 'v': '30137680', 'bp1': '28.75', 'sp1': '28.85', 'bq1': '800', 'sq1': '1800'}
2025-09-24 11:50:04,835 - INFO - Live price updated: 28.80
2025-09-24 11:50:05,911 - INFO - Quote Received for Account 1: {'t': 'tf', 'e': 'BFO', 'tk': '841835', 'lp': '28.90', 'pc': '-81.90', 'ft': '1758694758', 'v': '30137780', 'bp1': '28.90', 'sp1': '29.00', 'bq1': '360', 'sq1': '1820'}
2025-09-24 11:50:05,912 - INFO - Live price updated: 28.90
2025-09-24 11:50:06,979 - INFO - Quote Received for Account 1: {'t': 'tf', 'e': 'BFO', 'tk': '841835', 'lp': '29.00', 'pc': '-81.84', 'ft': '1758694759', 'v': '30137800', 'bp1': '28.95', 'sp1': '29.05', 'bq1': '1740', 'sq1': '940'}
2025-09-24 11:50:06,979 - INFO - Live price updated: 29.00
2025-09-24 11:50:08,061 - INFO - Quote Received for Account 1: {'t': 'tf', 'e': 'BFO', 'tk': '841835', 'lp': '28.95', 'pc': '-81.87', 'ft': '1758694760', 'v': '30137980', 'bp1': '28.85', 'sp1': '28.95', 'bq1': '1480', 'sq1': '520'}
2025-09-24 11:50:08,061 - INFO - Live price updated: 28.95
2025-09-24 11:50:09,135 - INFO - Quote Received for Account 1: {'t': 'tf', 'e': 'BFO', 'tk': '841835', 'lp': '28.85', 'pc': '-81.93', 'ft': '1758694761', 'v': '30140800', 'bp1': '28.80', 'sp1': '28.90', 'bq1': '480', 'sq1': '1540'}
2025-09-24 11:50:09,135 - INFO - Live price updated: 28.85
2025-09-24 11:50:10,213 - INFO - Quote Received for Account 1: {'t': 'tf', 'e': 'BFO', 'tk': '841835', 'ft': '1758694762', 'bq1': '200'}
2025-09-24 11:50:11,305 - INFO - Quote Received for Account 1: {'t': 'tf', 'e': 'BFO', 'tk': '841835', 'lp': '28.90', 'pc': '-81.90', 'ft': '1758694763', 'v': '30141700', 'bp1': '28.90', 'sp1': '29.00', 'bq1': '1880', 'sq1': '760'}
2025-09-24 11:50:11,305 - INFO - Live price updated: 28.90
2025-09-24 11:50:12,349 - INFO - Quote Received for Account 1: {'t': 'tf', 'e': 'BFO', 'tk': '841835', 'lp': '29.00', 'pc': '-81.84', 'ft': '1758694764', 'v': '30142200', 'bp1': '28.85', 'sp1': '28.95', 'bq1': '1500', 'sq1': '960'}
2025-09-24 11:50:12,350 - INFO - Live price updated: 29.00
2025-09-24 11:50:13,452 - INFO - Quote Received for Account 1: {'t': 'tf', 'e': 'BFO', 'tk': '841835', 'lp': '29.25', 'pc': '-81.68', 'ft': '1758694765', 'v': '30145720', 'bp1': '29.10', 'sp1': '29.20', 'bq1': '500', 'sq1': '740'}
2025-09-24 11:50:13,452 - INFO - Live price updated: 29.25
2025-09-24 11:50:14,529 - INFO - Quote Received for Account 1: {'t': 'tf', 'e': 'BFO', 'tk': '841835', 'lp': '29.55', 'pc': '-81.50', 'ft': '1758694766', 'v': '30163280', 'bp1': '29.50', 'sp1': '29.60', 'bq1': '2440', 'sq1': '1100'}
2025-09-24 11:50:14,530 - INFO - Live price updated: 29.55
2025-09-24 11:50:15,545 - INFO - Quote Received for Account 1: {'t': 'tf', 'e': 'BFO', 'tk': '841835', 'lp': '29.50', 'pc': '-81.53', 'ft': '1758694767', 'v': '30166200', 'bp1': '29.45', 'sp1': '29.55', 'bq1': '2460', 'sq1': '820'}
2025-09-24 11:50:15,546 - INFO - Live price updated: 29.50
2025-09-24 11:50:16,620 - INFO - Quote Received for Account 1: {'t': 'tf', 'e': 'BFO', 'tk': '841835', 'lp': '29.45', 'pc': '-81.56', 'ft': '1758694769', 'v': '30168560', 'bp1': '29.40', 'bq1': '3620', 'sq1': '1520'}
2025-09-24 11:50:16,621 - INFO - Live price updated: 29.45
2025-09-24 11:50:17,689 - INFO - Quote Received for Account 1: {'t': 'tf', 'e': 'BFO', 'tk': '841835', 'lp': '29.35', 'pc': '-81.62', 'ft': '1758694770', 'v': '30171920', 'bp1': '29.35', 'sp1': '29.45', 'bq1': '1900', 'sq1': '2640'}
2025-09-24 11:50:17,690 - INFO - Live price updated: 29.35
2025-09-24 11:50:18,793 - INFO - Quote Received for Account 1: {'t': 'tf', 'e': 'BFO', 'tk': '841835', 'lp': '29.65', 'pc': '-81.43', 'ft': '1758694771', 'v': '30175300', 'bp1': '29.70', 'sp1': '29.80', 'bq1': '500', 'sq1': '2920'}
2025-09-24 11:50:18,794 - INFO - Live price updated: 29.65
2025-09-24 11:50:19,848 - INFO - Quote Received for Account 1: {'t': 'tf', 'e': 'BFO', 'tk': '841835', 'ft': '1758694772', 'ap': '36.38', 'v': '30176960', 'bp1': '29.60', 'sp1': '29.70', 'bq1': '1500', 'sq1': '1540'}
2025-09-24 11:50:20,934 - INFO - Quote Received for Account 1: {'t': 'tf', 'e': 'BFO', 'tk': '841835', 'lp': '29.75', 'pc': '-81.37', 'ft': '1758694773', 'v': '30182620', 'bp1': '29.70', 'sp1': '29.80', 'bq1': '760', 'sq1': '1420'}
2025-09-24 11:50:20,934 - INFO - Live price updated: 29.75
2025-09-24 11:50:21,970 - INFO - Quote Received for Account 1: {'t': 'tf', 'e': 'BFO', 'tk': '841835', 'lp': '29.65', 'pc': '-81.43', 'ft': '1758694774', 'v': '30183040', 'bp1': '29.60', 'sp1': '29.70', 'bq1': '20', 'sq1': '1600'}
2025-09-24 11:50:21,972 - INFO - Live price updated: 29.65
2025-09-24 11:50:23,041 - INFO - Quote Received for Account 1: {'t': 'tf', 'e': 'BFO', 'tk': '841835', 'lp': '29.60', 'pc': '-81.47', 'ft': '1758694775', 'v': '30184020', 'bp1': '29.55', 'sp1': '29.65', 'bq1': '380', 'sq1': '1820'}
2025-09-24 11:50:23,044 - INFO - Live price updated: 29.60
2025-09-24 11:50:24,117 - INFO - Quote Received for Account 1: {'t': 'tf', 'e': 'BFO', 'tk': '841835', 'lp': '29.65', 'pc': '-81.43', 'ft': '1758694776', 'v': '30185980', 'bp1': '29.65', 'sp1': '29.75', 'bq1': '680', 'sq1': '200'}
2025-09-24 11:50:24,120 - INFO - Live price updated: 29.65
2025-09-24 11:50:25,189 - INFO - Quote Received for Account 1: {'t': 'tf', 'e': 'BFO', 'tk': '841835', 'lp': '29.40', 'pc': '-81.59', 'ft': '1758694777', 'v': '30186880', 'bp1': '29.30', 'sp1': '29.40', 'bq1': '1420', 'sq1': '120'}
2025-09-24 11:50:25,189 - INFO - Live price updated: 29.40
2025-09-24 11:50:26,255 - INFO - Quote Received for Account 1: {'t': 'tf', 'e': 'BFO', 'tk': '841835', 'lp': '29.25', 'pc': '-81.68', 'ft': '1758694778', 'v': '30189760', 'bp1': '29.15', 'sp1': '29.25', 'bq1': '900', 'sq1': '440'}
2025-09-24 11:50:26,257 - INFO - Live price updated: 29.25
2025-09-24 11:50:27,331 - INFO - Quote Received for Account 1: {'t': 'tf', 'e': 'BFO', 'tk': '841835', 'lp': '29.40', 'pc': '-81.59', 'ft': '1758694779', 'v': '30190560', 'bp1': '29.40', 'sp1': '29.50', 'bq1': '460', 'sq1': '1780'}
2025-09-24 11:50:27,333 - INFO - Live price updated: 29.40
2025-09-24 11:50:28,410 - INFO - Quote Received for Account 1: {'t': 'tf', 'e': 'BFO', 'tk': '841835', 'lp': '29.60', 'pc': '-81.47', 'ft': '1758694780', 'v': '30190920', 'bp1': '29.50', 'sp1': '29.60', 'bq1': '720', 'sq1': '2180'}
2025-09-24 11:50:28,411 - INFO - Live price updated: 29.60
2025-09-24 11:50:29,467 - INFO - Quote Received for Account 1: {'t': 'tf', 'e': 'BFO', 'tk': '841835', 'lp': '29.65', 'pc': '-81.43', 'ft': '1758694781', 'v': '30191220', 'bp1': '29.60', 'sp1': '29.70', 'bq1': '2000', 'sq1': '180'}
2025-09-24 11:50:29,469 - INFO - Live price updated: 29.65
2025-09-24 11:50:30,537 - INFO - Quote Received for Account 1: {'t': 'tf', 'e': 'BFO', 'tk': '841835', 'lp': '29.55', 'pc': '-81.50', 'ft': '1758694782', 'v': '30199620', 'bq1': '1220', 'sq1': '640'}
2025-09-24 11:50:30,537 - INFO - Live price updated: 29.55
2025-09-24 11:50:31,610 - INFO - Quote Received for Account 1: {'t': 'tf', 'e': 'BFO', 'tk': '841835', 'lp': '29.60', 'pc': '-81.47', 'ft': '1758694784', 'v': '30200860', 'bp1': '29.55', 'sp1': '29.65', 'bq1': '220', 'sq1': '2320'}
2025-09-24 11:50:31,612 - INFO - Live price updated: 29.60
2025-09-24 11:50:32,681 - INFO - Quote Received for Account 1: {'t': 'tf', 'e': 'BFO', 'tk': '841835', 'ft': '1758694785', 'v': '30203260', 'bp1': '29.50', 'sp1': '29.60', 'bq1': '780', 'sq1': '1620'}
2025-09-24 11:50:33,759 - INFO - Quote Received for Account 1: {'t': 'tf', 'e': 'BFO', 'tk': '841835', 'ft': '1758694786', 'v': '30205540', 'bp1': '29.55', 'sp1': '29.65', 'bq1': '420', 'sq1': '1080'}
2025-09-24 11:50:34,822 - INFO - Quote Received for Account 1: {'t': 'tf', 'e': 'BFO', 'tk': '841835', 'ft': '1758694787', 'v': '30205940', 'bp1': '29.60', 'sp1': '29.70', 'bq1': '740', 'sq1': '1920'}
2025-09-24 11:50:35,894 - INFO - Quote Received for Account 1: {'t': 'tf', 'e': 'BFO', 'tk': '841835', 'lp': '29.80', 'pc': '-81.34', 'ft': '1758694788', 'v': '30208640', 'bp1': '29.65', 'sp1': '29.80', 'bq1': '2940', 'sq1': '1060'}
2025-09-24 11:50:35,895 - INFO - Live price updated: 29.80
2025-09-24 11:50:36,966 - INFO - Quote Received for Account 1: {'t': 'tf', 'e': 'BFO', 'tk': '841835', 'lp': '29.65', 'pc': '-81.43', 'ft': '1758694789', 'v': '30210600', 'bp1': '29.60', 'sp1': '29.65', 'bq1': '100', 'sq1': '180'}
2025-09-24 11:50:36,968 - INFO - Live price updated: 29.65
2025-09-24 11:50:38,037 - INFO - Quote Received for Account 1: {'t': 'tf', 'e': 'BFO', 'tk': '841835', 'lp': '29.85', 'pc': '-81.31', 'ft': '1758694790', 'v': '30214660', 'bp1': '29.70', 'sp1': '29.80', 'bq1': '1060', 'sq1': '560'}
2025-09-24 11:50:38,040 - INFO - Live price updated: 29.85
2025-09-24 11:50:39,107 - INFO - Quote Received for Account 1: {'t': 'tf', 'e': 'BFO', 'tk': '841835', 'ft': '1758694791', 'v': '30218780', 'bp1': '29.75', 'sp1': '29.85', 'bq1': '1220', 'sq1': '460'}
2025-09-24 11:50:40,177 - INFO - Quote Received for Account 1: {'t': 'tf', 'e': 'BFO', 'tk': '841835', 'ft': '1758694792', 'v': '30219900', 'bq1': '1040', 'sq1': '880'}
2025-09-24 11:50:41,251 - INFO - Quote Received for Account 1: {'t': 'tf', 'e': 'BFO', 'tk': '841835', 'ft': '1758694793', 'ap': '36.37', 'v': '30221940', 'bq1': '1060', 'sq1': '480'}
2025-09-24 11:50:42,336 - INFO - Quote Received for Account 1: {'t': 'tf', 'e': 'BFO', 'tk': '841835', 'lp': '29.90', 'pc': '-81.28', 'ft': '1758694794', 'v': '30222840', 'bp1': '29.80', 'sp1': '29.90', 'bq1': '960', 'sq1': '520'}
2025-09-24 11:50:42,338 - INFO - Live price updated: 29.90
2025-09-24 11:50:43,392 - INFO - Quote Received for Account 1: {'t': 'tf', 'e': 'BFO', 'tk': '841835', 'lp': '29.95', 'pc': '-81.25', 'ft': '1758694795', 'v': '30224220', 'bp1': '29.90', 'sp1': '29.95', 'bq1': '780', 'sq1': '360'}
2025-09-24 11:50:43,394 - INFO - Live price updated: 29.95
2025-09-24 11:50:44,461 - INFO - Quote Received for Account 1: {'t': 'tf', 'e': 'BFO', 'tk': '841835', 'lp': '29.85', 'pc': '-81.31', 'ft': '1758694796', 'v': '30224520', 'bp1': '29.85', 'bq1': '540', 'sq1': '560'}
2025-09-24 11:50:44,463 - INFO - Live price updated: 29.85
2025-09-24 11:50:45,533 - INFO - Quote Received for Account 1: {'t': 'tf', 'e': 'BFO', 'tk': '841835', 'lp': '29.80', 'pc': '-81.34', 'ft': '1758694797', 'v': '30225780', 'bp1': '29.75', 'sp1': '29.85', 'bq1': '840', 'sq1': '480'}
2025-09-24 11:50:45,533 - INFO - Live price updated: 29.80
2025-09-24 11:50:54,433 - INFO - Loaded account states from account_state.csv
2025-09-24 11:50:54,437 - INFO - Loaded configuration from configuration.csv
2025-09-24 11:50:54,437 - INFO - Resetting account states to initial state on startup...
2025-09-24 11:50:54,450 - INFO - Updated Master (ID: 1) login_status to '0': Program startup - master not logged in
2025-09-24 11:50:54,453 - INFO - Updated Master (ID: 1) can_order to '0': Program startup - master cannot place orders
2025-09-24 11:50:54,457 - INFO - Updated Child (ID: 2) login_status to '0': Program startup - child not logged in
2025-09-24 11:50:54,465 - INFO - Updated Child (ID: 2) can_order to '0': Program startup - child cannot place orders
2025-09-24 11:50:54,471 - INFO - Updated Master (ID: 1) order info:   0@0.0
2025-09-24 11:50:54,479 - INFO - Updated Child (ID: 2) order info:   0@0.0
2025-09-24 11:50:54,479 - INFO - Order information cleared on startup for both accounts
2025-09-24 11:50:54,479 - INFO - Account states reset to initial state
2025-09-24 11:50:54,481 - INFO - Loaded cached index prices from today
2025-09-24 11:50:54,484 - INFO - Loaded cached expiry dates from today
2025-09-24 11:50:54,729 - ERROR - Error loading SL/Target configuration: bad operand type for unary -: 'str'
2025-09-24 11:50:54,729 - INFO - Using fallback values - SL: -20, Target: 30
2025-09-24 11:50:54,806 - INFO - Attempting auto-login for master account...
2025-09-24 11:50:54,806 - INFO - Starting Master-Child Trading GUI - Original UI Layout
2025-09-24 11:50:54,806 - INFO - Generated fresh 2FA for account 1: 855040
2025-09-24 11:50:54,807 - INFO - Attempting login for account 1 with userid: FA32246
2025-09-24 11:50:55,433 - INFO - Login response for account 1: {'request_time': '11:50:55 24-09-2025', 'actid': 'FA32246', 'access_type': ['MOB', 'TT', 'WEB', 'API'], 'uname': 'ROOPAL SONI', 'prarr': [{'prd': 'C', 's_prdt_ali': 'CNC', 'exch': ['NSE', 'BSE', 'NIPO', 'BSTAR']}, {'prd': 'M', 's_prdt_ali': 'NRML', 'exch': ['NFO', 'BFO', 'CDS', 'BCD', 'MCX']}, {'prd': 'I', 's_prdt_ali': 'MIS', 'exch': ['NSE', 'BSE', 'NFO', 'BFO', 'CDS', 'BCD', 'MCX']}, {'prd': 'H', 's_prdt_ali': 'CO', 'exch': ['NSE', 'NFO', 'CDS', 'MCX', 'BSE']}, {'prd': 'B', 's_prdt_ali': 'BO', 'exch': ['NSE', 'NFO', 'CDS', 'MCX', 'BSE']}], 'exch_prd': [{'exch': 'NSE', 'prds': ['C', 'I', 'H', 'B']}, {'exch': 'NFO', 'prds': ['M', 'I', 'H', 'B']}, {'exch': 'CDS', 'prds': ['M', 'I', 'H', 'B']}, {'exch': 'BSE', 'prds': ['C', 'I', 'H', 'B']}, {'exch': 'BCD', 'prds': ['M', 'I']}, {'exch': 'MCX', 'prds': ['M', 'I', 'H', 'B']}, {'exch': 'NIPO', 'prds': ['C']}, {'exch': 'BSTAR', 'prds': ['C']}, {'exch': 'BFO', 'prds': ['M', 'I']}], 'stat': 'Ok', 'susertoken': '3f98c4e5c851c5e0124fe4ba8628a9a1e43ff07ae94ced873d34b6be081600ef', 'susertokenspl': 'e3ac35c61185c30bac907218e696d14345fbf44f5f5ba02cb340c88754ebceda', 'email': 'kratik.kunal@gmail.com', 'uid': 'FA32246', 'brnchid': 'HO', 'totp_set': '1', 'm_num': '9424018696', 'orarr': ['MKT', 'LMT', 'SL-LMT', 'SL-MKT'], 'exarr': ['NSE', 'NFO', 'CDS', 'BSE', 'BCD', 'MCX', 'NIPO', 'BSTAR', 'BFO'], 'values': ['l', 'calls', 'Puts'], 'mws': {'l': [], 'calls': [{'exch': 'NFO', 'token': '54979', 'tsym': 'ADANIGREEN28OCT25P1100', 'cname': 'ADANIGREEN OCT 1100 PE ', 'dname': 'ADANIGREEN OCT 1100 PE ', 'instname': 'OPTSTK', 'pp': '2', 'ls': '600', 'ti': '0.05', 'optt': 'PE'}, {'exch': 'NFO', 'token': '54957', 'tsym': 'ADANIGREEN28OCT25P660', 'cname': 'ADANIGREEN OCT 660 PE ', 'dname': 'ADANIGREEN OCT 660 PE ', 'instname': 'OPTSTK', 'pp': '2', 'ls': '600', 'ti': '0.05', 'optt': 'PE'}, {'exch': 'NFO', 'token': '54995', 'tsym': 'ADANIGREEN25NOV25P600', 'cname': 'ADANIGREEN NOV 600 PE ', 'dname': 'ADANIGREEN NOV 600 PE ', 'instname': 'OPTSTK', 'pp': '2', 'ls': '600', 'ti': '0.05', 'optt': 'PE'}, {'exch': 'NFO', 'token': '54991', 'tsym': 'BANKNIFTY30SEP25C55400', 'cname': 'BANKNIFTY 30SEP25 55400 CE ', 'dname': 'BANKNIFTY 30SEP25 55400 CE ', 'instname': 'OPTIDX', 'pp': '2', 'ls': '35', 'ti': '0.05', 'optt': 'CE'}, {'exch': 'NFO', 'token': '54983', 'tsym': 'ADANIGREEN28OCT25P1180', 'cname': 'ADANIGREEN OCT 1180 PE ', 'dname': 'ADANIGREEN OCT 1180 PE ', 'instname': 'OPTSTK', 'pp': '2', 'ls': '600', 'ti': '0.05', 'optt': 'PE'}, {'exch': 'NFO', 'token': '54965', 'tsym': 'ADANIGREEN28OCT25P820', 'cname': 'ADANIGREEN OCT 820 PE ', 'dname': 'ADANIGREEN OCT 820 PE ', 'instname': 'OPTSTK', 'pp': '2', 'ls': '600', 'ti': '0.05', 'optt': 'PE'}, {'exch': 'NFO', 'token': '54953', 'tsym': 'ADANIGREEN28OCT25P520', 'cname': 'ADANIGREEN OCT 520 PE ', 'dname': 'ADANIGREEN OCT 520 PE ', 'instname': 'OPTSTK', 'pp': '2', 'ls': '600', 'ti': '0.05', 'optt': 'PE'}], 'Puts': [{'exch': 'BSE', 'token': '1', 'tsym': 'SENSEX', 'cname': 'BSE SENSEX', 'instname': 'UNDIND', 'pp': '2', 'ls': '1', 'ti': '0.05', 'nontrd': '1'}, {'exch': 'NFO', 'token': '48898', 'tsym': 'MCX25NOV25F', 'cname': 'MCX NOV FUT', 'dname': 'MCX NOV FUT', 'instname': 'FUTSTK', 'pp': '2', 'ls': '125', 'ti': '0.50', 'optt': 'XX'}, {'exch': 'MCX', 'token': '456955', 'tsym': 'COPPER30SEP25', 'instname': 'FUTCOM', 'pp': '2', 'ls': '2500', 'ti': '0.05', 'optt': 'XX'}, {'exch': 'NSE', 'token': '4598', 'tsym': 'HERITGFOOD-EQ', 'cname': 'HERITAGE FOODS LTD', 'instname': 'EQ', 'pp': '2', 'ls': '1', 'ti': '0.05'}, {'exch': 'NSE', 'token': '2885', 'tsym': 'RELIANCE-EQ', 'cname': 'RELIANCE INDUSTRIES LTD', 'instname': 'EQ', 'pp': '2', 'ls': '1', 'ti': '0.10'}, {'exch': 'NSE', 'token': '31181', 'tsym': 'MCX-EQ', 'cname': 'MULTI COMMODITY EXCHANGE', 'instname': 'EQ', 'pp': '2', 'ls': '1', 'ti': '0.50'}, {'exch': 'NSE', 'token': '8003', 'tsym': 'SILVER-EQ', 'cname': 'BIRLASLAMC - SILVER', 'instname': 'EQ', 'pp': '2', 'ls': '1', 'ti': '0.01'}, {'exch': 'NSE', 'token': '26037', 'tsym': 'Nifty Fin Service', 'cname': 'FIN NIFTY', 'instname': 'UNDIND', 'pp': '2', 'ls': '1', 'ti': '0.05', 'nontrd': '1'}]}, 'brkname': 'FINV', 'dmsg': '', 'lastaccesstime': '1758694855', 'lastpwdtime': '1757444505'}
2025-09-24 11:50:55,435 - INFO - Login response type: <class 'dict'>
2025-09-24 11:50:55,435 - INFO - Login Successful!, Welcome ROOPAL SONI - Master ACCOUNT
2025-09-24 11:50:55,438 - INFO - Updated Master (ID: 1) login_status to '1': Master account auto-login successful
2025-09-24 11:50:55,449 - INFO - Updated Master (ID: 1) can_order to '1': Master account ready for orders
2025-09-24 11:50:55,452 - INFO - Refreshing market data...
2025-09-24 11:50:55,452 - INFO - Master account auto-login successful: ROOPAL SONI
2025-09-24 11:50:55,453 - INFO - Index prices are current, no refresh needed
2025-09-24 11:50:55,455 - INFO - Expiry dates are current, no refresh needed
2025-09-24 11:50:55,608 - INFO - Websocket connected
2025-09-24 11:50:55,654 - INFO - WebSocket is now open for Account 1
2025-09-24 11:50:56,393 - INFO - Attempting login for child account 2...
2025-09-24 11:50:56,394 - INFO - Login attempt 1/3 for child account 2
2025-09-24 11:50:56,395 - INFO - Generated fresh 2FA for account 2: 285995
2025-09-24 11:50:56,395 - INFO - Attempting login for account 2 with userid: FA42242
2025-09-24 11:50:57,033 - INFO - Login response for account 2: {'request_time': '11:50:57 24-09-2025', 'actid': 'FA42242', 'access_type': ['MOB', 'TT', 'WEB', 'API'], 'uname': 'KRATIK YADAV', 'prarr': [{'prd': 'C', 's_prdt_ali': 'CNC', 'exch': ['NSE', 'BSE', 'NIPO', 'BSTAR']}, {'prd': 'M', 's_prdt_ali': 'NRML', 'exch': ['NFO', 'BFO', 'CDS', 'BCD']}, {'prd': 'I', 's_prdt_ali': 'MIS', 'exch': ['NSE', 'BSE', 'NFO', 'BFO', 'CDS', 'BCD']}, {'prd': 'H', 's_prdt_ali': 'CO', 'exch': ['NSE', 'NFO', 'CDS', 'BSE']}, {'prd': 'B', 's_prdt_ali': 'BO', 'exch': ['NSE', 'NFO', 'CDS', 'BSE']}], 'exch_prd': [{'exch': 'NSE', 'prds': ['C', 'I', 'H', 'B']}, {'exch': 'NFO', 'prds': ['M', 'I', 'H', 'B']}, {'exch': 'CDS', 'prds': ['M', 'I', 'H', 'B']}, {'exch': 'BSE', 'prds': ['C', 'I', 'H', 'B']}, {'exch': 'BCD', 'prds': ['M', 'I']}, {'exch': 'NIPO', 'prds': ['C']}, {'exch': 'BSTAR', 'prds': ['C']}, {'exch': 'BFO', 'prds': ['M', 'I']}], 'stat': 'Ok', 'susertoken': '44f5f5e0590e1ba96613698d8101efe601fb7975ee4b02b98542850f43dc8c25', 'susertokenspl': 'ba64e50f405e9296b3a3ee10c5720051fb668cc3696d70a055cfdcea6b0c35c1', 'email': 'kratikiafk@gmail.com', 'uid': 'FA42242', 'brnchid': 'HO', 'totp_set': '1', 'm_num': '6265650705', 'orarr': ['MKT', 'LMT', 'SL-LMT', 'SL-MKT'], 'exarr': ['NSE', 'NFO', 'CDS', 'BSE', 'BCD', 'NIPO', 'BSTAR', 'BFO'], 'values': ['4', '3', '2'], 'mws': {'4': [{'exch': 'NFO', 'token': '68495', 'tsym': 'BANKINDIA28OCT25P105', 'cname': 'BANKINDIA OCT 105 PE ', 'dname': 'BANKINDIA OCT 105 PE ', 'instname': 'OPTSTK', 'pp': '2', 'ls': '5200', 'ti': '0.05', 'optt': 'PE'}, {'exch': 'NFO', 'token': '68471', 'tsym': 'BANKINDIA30SEP25P142.5', 'cname': 'BANKINDIA SEP 142.50 PE ', 'dname': 'BANKINDIA SEP 142.50 PE ', 'instname': 'OPTSTK', 'pp': '2', 'ls': '5200', 'ti': '0.05', 'optt': 'PE'}], '3': [], '2': [{'exch': 'NSE', 'token': '2088', 'tsym': 'MAHSEAMLES-EQ', 'cname': 'MAHARASHTRA SEAMLESS LTD', 'instname': 'EQ', 'pp': '2', 'ls': '1', 'ti': '0.05'}, {'exch': 'NSE', 'token': '23402', 'tsym': 'SRM-EQ', 'cname': 'SRM CONTRACTORS LIMITED', 'instname': 'EQ', 'pp': '2', 'ls': '1', 'ti': '0.05'}, {'exch': 'NSE', 'token': '18110', 'tsym': 'VASCONEQ-EQ', 'cname': 'VASCON ENGINEERS LTD', 'instname': 'EQ', 'pp': '2', 'ls': '1', 'ti': '0.01'}]}, 'brkname': 'FINV', 'dmsg': '', 'lastaccesstime': '1758694857', 'lastpwdtime': '1756959759'}
2025-09-24 11:50:57,034 - INFO - Login response type: <class 'dict'>
2025-09-24 11:50:57,035 - INFO - Login Successful!, Welcome KRATIK YADAV - Child2 ACCOUNT
2025-09-24 11:50:57,039 - INFO - Updated Child (ID: 2) login_status to '1': Child account 2 login successful
2025-09-24 11:50:57,048 - INFO - Updated Child (ID: 2) can_order to '1': Child account 2 ready for orders
2025-09-24 11:50:57,230 - INFO - Websocket connected
2025-09-24 11:50:57,275 - INFO - WebSocket is now open for Account 2
2025-09-24 11:50:57,593 - INFO - Position check completed - No open positions found
2025-09-24 11:50:57,597 - INFO - Child account login successful: KRATIK YADAV
2025-09-24 11:50:59,742 - INFO - Position check completed - No open positions found
2025-09-24 11:51:02,448 - INFO - Index selected: SENSEX
2025-09-24 11:51:02,448 - INFO - On option selected called - Function not implemented yet
2025-09-24 11:51:02,449 - INFO - Not all required fields selected for strike selection
2025-09-24 11:51:02,449 - INFO - Option and strike selections cleared for new index
2025-09-24 11:51:02,450 - INFO - On expiry selected called - Function not implemented yet
2025-09-24 11:51:02,450 - INFO - Strike dropdown populated with 15 strikes for SENSEX
2025-09-24 11:51:02,450 - INFO - Updated quantity dropdown for SENSEX: ['20', '40', '60', '80', '100', '120', '140', '160', '180', '200']
2025-09-24 11:52:17,355 - INFO - On option selected called - Function not implemented yet
2025-09-24 11:52:23,271 - INFO - Buy price box cleared for new symbol selection
2025-09-24 11:52:23,272 - INFO - Generated trading symbol: SENSEX25SEP8CE
2025-09-24 11:52:23,272 - INFO - Trading symbol stored: SENSEX25SEP8CE
2025-09-24 11:52:23,273 - INFO - Getting token for trading symbol: SENSEX25SEP8CE
2025-09-24 11:52:23,277 - ERROR - No token found for SENSEX25SEP8CE
2025-09-24 11:52:23,311 - INFO - Available SENSEX symbols (first 10): ['SENSEX25SEP91600PE' 'SENSEX25SEP91500PE' 'SENSEX25SEP91400PE'
 'SENSEX25SEP91300PE' 'SENSEX25SEP91200PE' 'SENSEX25SEP91100PE'
 'SENSEX25SEP91000PE' 'SENSEX25SEP90900PE' 'SENSEX25SEP90800PE'
 'SENSEX25SEP90700PE']
2025-09-24 11:52:23,312 - ERROR - Error in fallback conversion: invalid literal for int() with base 10: '8C'
2025-09-24 11:52:23,312 - WARNING - Could not fetch price for SENSEX25SEP8CE
2025-09-24 11:52:23,313 - INFO - Strike selected: 8, trading symbol: SENSEX25SEP8CE
2025-09-24 11:52:23,431 - INFO - Buy price box cleared for new symbol selection
2025-09-24 11:52:23,432 - INFO - Generated trading symbol: SENSEX25SEP82CE
2025-09-24 11:52:23,433 - INFO - Trading symbol stored: SENSEX25SEP82CE
2025-09-24 11:52:23,433 - INFO - Getting token for trading symbol: SENSEX25SEP82CE
2025-09-24 11:52:23,437 - ERROR - No token found for SENSEX25SEP82CE
2025-09-24 11:52:23,464 - INFO - Available SENSEX symbols (first 10): ['SENSEX25SEP91600PE' 'SENSEX25SEP91500PE' 'SENSEX25SEP91400PE'
 'SENSEX25SEP91300PE' 'SENSEX25SEP91200PE' 'SENSEX25SEP91100PE'
 'SENSEX25SEP91000PE' 'SENSEX25SEP90900PE' 'SENSEX25SEP90800PE'
 'SENSEX25SEP90700PE']
2025-09-24 11:52:23,465 - INFO - Trying converted SENSEX symbol: SENSEX25SEP82CE -> SENSEX82SEPCE
2025-09-24 11:52:23,474 - WARNING - Could not fetch price for SENSEX25SEP82CE
2025-09-24 11:52:23,474 - INFO - Strike selected: 82, trading symbol: SENSEX25SEP82CE
2025-09-24 11:52:23,654 - INFO - Buy price box cleared for new symbol selection
2025-09-24 11:52:23,655 - INFO - Generated trading symbol: SENSEX25SEP825CE
2025-09-24 11:52:23,656 - INFO - Trading symbol stored: SENSEX25SEP825CE
2025-09-24 11:52:23,656 - INFO - Getting token for trading symbol: SENSEX25SEP825CE
2025-09-24 11:52:23,660 - ERROR - No token found for SENSEX25SEP825CE
2025-09-24 11:52:23,689 - INFO - Available SENSEX symbols (first 10): ['SENSEX25SEP91600PE' 'SENSEX25SEP91500PE' 'SENSEX25SEP91400PE'
 'SENSEX25SEP91300PE' 'SENSEX25SEP91200PE' 'SENSEX25SEP91100PE'
 'SENSEX25SEP91000PE' 'SENSEX25SEP90900PE' 'SENSEX25SEP90800PE'
 'SENSEX25SEP90700PE']
2025-09-24 11:52:23,690 - INFO - Trying converted SENSEX symbol: SENSEX25SEP825CE -> SENSEX82SEP5CE
2025-09-24 11:52:23,691 - WARNING - Could not fetch price for SENSEX25SEP825CE
2025-09-24 11:52:23,691 - INFO - Strike selected: 825, trading symbol: SENSEX25SEP825CE
2025-09-24 11:52:23,788 - INFO - Buy price box cleared for new symbol selection
2025-09-24 11:52:23,788 - INFO - Generated trading symbol: SENSEX25SEP8250CE
2025-09-24 11:52:23,788 - INFO - Trading symbol stored: SENSEX25SEP8250CE
2025-09-24 11:52:23,788 - INFO - Getting token for trading symbol: SENSEX25SEP8250CE
2025-09-24 11:52:23,788 - ERROR - No token found for SENSEX25SEP8250CE
2025-09-24 11:52:23,812 - INFO - Available SENSEX symbols (first 10): ['SENSEX25SEP91600PE' 'SENSEX25SEP91500PE' 'SENSEX25SEP91400PE'
 'SENSEX25SEP91300PE' 'SENSEX25SEP91200PE' 'SENSEX25SEP91100PE'
 'SENSEX25SEP91000PE' 'SENSEX25SEP90900PE' 'SENSEX25SEP90800PE'
 'SENSEX25SEP90700PE']
2025-09-24 11:52:23,813 - INFO - Trying converted SENSEX symbol: SENSEX25SEP8250CE -> SENSEX82SEP50CE
2025-09-24 11:52:23,819 - WARNING - Could not fetch price for SENSEX25SEP8250CE
2025-09-24 11:52:23,821 - INFO - Strike selected: 8250, trading symbol: SENSEX25SEP8250CE
2025-09-24 11:52:23,945 - INFO - Buy price box cleared for new symbol selection
2025-09-24 11:52:23,946 - INFO - Generated trading symbol: SENSEX25SEP82500CE
2025-09-24 11:52:23,946 - INFO - Trading symbol stored: SENSEX25SEP82500CE
2025-09-24 11:52:23,946 - INFO - Getting token for trading symbol: SENSEX25SEP82500CE
2025-09-24 11:52:23,946 - INFO - Found token for SENSEX25SEP82500CE: 841835
2025-09-24 11:52:24,492 - INFO - Fetched price for SENSEX25SEP82500CE: 28.5
2025-09-24 11:52:24,492 - INFO - Getting token for trading symbol: SENSEX25SEP82500CE
2025-09-24 11:52:24,495 - INFO - Found token for SENSEX25SEP82500CE: 841835
2025-09-24 11:52:24,496 - INFO - Subscribed to live price feed via master account: BFO|841835
2025-09-24 11:52:24,496 - INFO - Auto-subscribed to SENSEX25SEP82500CE at price 28.5
2025-09-24 11:52:24,497 - INFO - Strike selected: 82500, trading symbol: SENSEX25SEP82500CE
2025-09-24 11:52:24,536 - INFO - Quote Received for Account 1: {'t': 'tk', 'e': 'BFO', 'tk': '841835', 'ts': 'SENSEX25SEP82500CE', 'pp': '2', 'ls': '20', 'ti': '0.05', 'lp': '28.50', 'pc': '-82.15', 'c': '159.70', 'ft': '1758694896', 'o': '138.00', 'h': '138.00', 'l': '24.30', 'ap': '36.33', 'v': '30396080', 'oi': '2831260', 'bp1': '28.40', 'sp1': '28.50', 'bq1': '2040', 'sq1': '300'}
2025-09-24 11:52:24,538 - INFO - Initial buy price set: 28.50
2025-09-24 11:52:24,539 - INFO - Live price updated: 28.50
2025-09-24 11:52:25,135 - INFO - Quote Received for Account 1: {'t': 'tf', 'e': 'BFO', 'tk': '841835', 'lp': '28.40', 'pc': '-82.22', 'ft': '1758694897', 'v': '30396180', 'bp1': '28.50', 'sp1': '28.55', 'bq1': '40', 'sq1': '1860'}
2025-09-24 11:52:25,136 - INFO - Live price updated: 28.40
2025-09-24 11:52:26,208 - INFO - Quote Received for Account 1: {'t': 'tf', 'e': 'BFO', 'tk': '841835', 'ft': '1758694898', 'v': '30396420', 'bp1': '28.35', 'sp1': '28.45', 'bq1': '380', 'sq1': '3160'}
2025-09-24 11:52:27,280 - INFO - Quote Received for Account 1: {'t': 'tf', 'e': 'BFO', 'tk': '841835', 'ft': '1758694899', 'v': '30397440', 'bp1': '28.25', 'sp1': '28.35', 'bq1': '1880', 'sq1': '460'}
2025-09-24 11:52:28,350 - INFO - Quote Received for Account 1: {'t': 'tf', 'e': 'BFO', 'tk': '841835', 'lp': '28.45', 'pc': '-82.19', 'ft': '1758694900', 'v': '30400060', 'bp1': '28.40', 'sp1': '28.50', 'bq1': '2760', 'sq1': '280'}
2025-09-24 11:52:28,352 - INFO - Live price updated: 28.45
2025-09-24 11:52:29,419 - INFO - Quote Received for Account 1: {'t': 'tf', 'e': 'BFO', 'tk': '841835', 'lp': '28.70', 'pc': '-82.03', 'ft': '1758694901', 'v': '30403480', 'bp1': '28.70', 'sp1': '28.80', 'bq1': '3000', 'sq1': '260'}
2025-09-24 11:52:29,420 - INFO - Live price updated: 28.70
2025-09-24 11:52:30,492 - INFO - Quote Received for Account 1: {'t': 'tf', 'e': 'BFO', 'tk': '841835', 'ft': '1758694902', 'v': '30406860', 'bp1': '28.65', 'sp1': '28.75', 'bq1': '1560', 'sq1': '1580'}
2025-09-24 11:52:31,560 - INFO - Quote Received for Account 1: {'t': 'tf', 'e': 'BFO', 'tk': '841835', 'lp': '28.75', 'pc': '-82.00', 'ft': '1758694903', 'v': '30408580', 'bp1': '28.75', 'sp1': '28.85', 'bq1': '200', 'sq1': '1640'}
2025-09-24 11:52:31,561 - INFO - Live price updated: 28.75
2025-09-24 11:52:32,240 - INFO - Placing buy orders for SENSEX25SEP82500CE @ 16.0 master_qty 20
2025-09-24 11:52:32,242 - INFO - Account 1 is active for order placement
2025-09-24 11:52:32,243 - INFO - Account 2 is active for order placement
2025-09-24 11:52:32,244 - INFO - Master account quantity: 20
2025-09-24 11:52:32,244 - INFO - Placing order for account 1: {'buy_or_sell': 'B', 'product_type': 'M', 'exchange': 'BFO', 'tradingsymbol': 'SENSEX25SEP82500CE', 'quantity': 20, 'discloseqty': 0, 'price_type': 'LMT', 'price': 16.0, 'trigger_price': None, 'retention': 'DAY', 'amo': 'NO', 'remarks': None}
2025-09-24 11:52:32,244 - INFO - Child lots set to minimum for SENSEX: 20
2025-09-24 11:52:32,245 - INFO - Child account quantity: 20 (master: 20, index: SENSEX)
2025-09-24 11:52:32,245 - INFO - Placing order for account 2: {'buy_or_sell': 'B', 'product_type': 'M', 'exchange': 'BFO', 'tradingsymbol': 'SENSEX25SEP82500CE', 'quantity': 20, 'discloseqty': 0, 'price_type': 'LMT', 'price': 16.0, 'trigger_price': None, 'retention': 'DAY', 'amo': 'NO', 'remarks': None}
2025-09-24 11:52:32,644 - INFO - Quote Received for Account 1: {'t': 'tf', 'e': 'BFO', 'tk': '841835', 'ft': '1758694905', 'bp1': '28.65', 'sp1': '28.75', 'bq1': '3140', 'sq1': '560'}
2025-09-24 11:52:32,891 - INFO - Order update for account 2: {'t': 'om', 'norenordno': '25092400322056', 'uid': 'FA42242', 'actid': 'FA42242', 'exch': 'BFO', 'tsym': 'SENSEX25SEP82500CE', 'trantype': 'B', 'qty': '20', 'prc': '16.00', 'pcode': 'M', 'remarks': '', 'rejreason': ' ', 'status': 'PENDING', 'reporttype': 'NewAck', 'prctyp': 'LMT', 'ret': 'DAY', 'exchordid': '', 'dscqty': '0'}
2025-09-24 11:52:32,893 - INFO - Account 2 - B PENDING NewAck
2025-09-24 11:52:32,896 - INFO - Order status debug - status: 'PENDING', reporttype: 'NewAck', trantype: 'B', price: '16.00'
2025-09-24 11:52:32,899 - INFO - Order update for account 1: {'t': 'om', 'norenordno': '25092400322058', 'uid': 'FA32246', 'actid': 'FA32246', 'exch': 'BFO', 'tsym': 'SENSEX25SEP82500CE', 'trantype': 'B', 'qty': '20', 'prc': '16.00', 'pcode': 'M', 'remarks': '', 'rejreason': ' ', 'status': 'PENDING', 'reporttype': 'NewAck', 'prctyp': 'LMT', 'ret': 'DAY', 'exchordid': '', 'dscqty': '0'}
2025-09-24 11:52:32,901 - INFO - Updated Master (ID: 1) order info: 25092400322058 SENSEX25SEP82500CE 20@16.0
2025-09-24 11:52:32,902 - INFO - Updated Child (ID: 2) order info: 25092400322056 SENSEX25SEP82500CE 20@16.0
2025-09-24 11:52:32,903 - INFO - Account 1 - B PENDING NewAck
2025-09-24 11:52:32,903 - INFO - Order placed successfully for account 1: 25092400322058
2025-09-24 11:52:32,903 - INFO - Order status debug - status: 'PENDING', reporttype: 'NewAck', trantype: 'B', price: '16.00'
2025-09-24 11:52:32,904 - INFO - Order placed successfully for account 2: 25092400322056
2025-09-24 11:52:32,907 - INFO - Starting auto SL/Target calculation for buy price: 16.0
2025-09-24 11:52:32,908 - INFO - Using differences - SL: -20, Target: 30
2025-09-24 11:52:32,910 - INFO - SL price calculated as negative (-4.0), setting to 0
2025-09-24 11:52:32,911 - INFO - Calculated prices - SL: 0.0, Target: 46.0
2025-09-24 11:52:32,912 - INFO - UI values set - SL: 0.0, Target: 46.0
2025-09-24 11:52:32,913 - INFO - SL/Target points calculated - SL points: 16.0, Target points: 30.0
2025-09-24 11:52:32,919 - INFO - Buy orders filled check - Master: filled_qty=0, can_exit=0
2025-09-24 11:52:32,920 - INFO - Buy orders filled check - Child: filled_qty=0, can_exit=0
2025-09-24 11:52:32,922 - INFO - Buy orders filled result: False
2025-09-24 11:52:32,923 - INFO - Auto SL/Target set - SL: 0.0, Target: 46.0 (Buy Open: 16.0)
2025-09-24 11:52:32,924 - INFO - Buy orders placed successfully
2025-09-24 11:52:32,925 - INFO - Account 1 order status updated to: PENDING
2025-09-24 11:52:32,925 - INFO - Account 2 order status updated to: PENDING
2025-09-24 11:52:32,926 - INFO - DEBUG - Account 1 status: 'PENDING' (type: <class 'str'>)
2025-09-24 11:52:32,926 - INFO - DEBUG - Account 2 status: 'PENDING' (type: <class 'str'>)
2025-09-24 11:52:32,930 - INFO - DEBUG - Current account can_order: 1
2025-09-24 11:52:32,933 - INFO - DEBUG - Current account can_order: 1
2025-09-24 11:52:32,934 - INFO - Order status updated for account 1: Buy Order PENDING @ 16.00
2025-09-24 11:52:32,936 - INFO - Order status updated for account 2: Buy Order PENDING @ 16.00
2025-09-24 11:52:32,938 - INFO - Order update for account 1: {'t': 'om', 'norenordno': '25092400322058', 'uid': 'FA32246', 'actid': 'FA32246', 'exch': 'BFO', 'tsym': 'SENSEX25SEP82500CE', 'trantype': 'B', 'qty': '20', 'prc': '16.00', 'pcode': 'M', 'remarks': '', 'rejreason': ' ', 'status': 'PENDING', 'reporttype': 'PendingNew', 'prctyp': 'LMT', 'ret': 'DAY', 'exchordid': '', 'dscqty': '0'}
2025-09-24 11:52:32,939 - INFO - Order update for account 2: {'t': 'om', 'norenordno': '25092400322056', 'uid': 'FA42242', 'actid': 'FA42242', 'exch': 'BFO', 'tsym': 'SENSEX25SEP82500CE', 'trantype': 'B', 'qty': '20', 'prc': '16.00', 'pcode': 'M', 'remarks': '', 'rejreason': ' ', 'status': 'PENDING', 'reporttype': 'PendingNew', 'prctyp': 'LMT', 'ret': 'DAY', 'exchordid': '', 'dscqty': '0'}
2025-09-24 11:52:32,941 - INFO - Account 1 - B PENDING PendingNew
2025-09-24 11:52:32,942 - INFO - Order status debug - status: 'PENDING', reporttype: 'PendingNew', trantype: 'B', price: '16.00'
2025-09-24 11:52:32,943 - INFO - Account 2 - B PENDING PendingNew
2025-09-24 11:52:32,943 - INFO - Order status debug - status: 'PENDING', reporttype: 'PendingNew', trantype: 'B', price: '16.00'
2025-09-24 11:52:32,947 - INFO - Account 1 order status updated to: PENDING
2025-09-24 11:52:32,947 - INFO - Account 2 order status updated to: PENDING
2025-09-24 11:52:32,948 - INFO - DEBUG - Account 1 status: 'PENDING' (type: <class 'str'>)
2025-09-24 11:52:32,948 - INFO - DEBUG - Account 2 status: 'PENDING' (type: <class 'str'>)
2025-09-24 11:52:32,953 - INFO - DEBUG - Current account can_order: 1
2025-09-24 11:52:32,957 - INFO - DEBUG - Current account can_order: 1
2025-09-24 11:52:32,958 - INFO - Order status updated for account 1: Buy Order PENDING @ 16.00
2025-09-24 11:52:32,959 - INFO - Order status updated for account 2: Buy Order PENDING @ 16.00
2025-09-24 11:52:32,961 - INFO - Order update for account 1: {'t': 'om', 'norenordno': '25092400322058', 'uid': 'FA32246', 'actid': 'FA32246', 'exch': 'BFO', 'tsym': 'SENSEX25SEP82500CE', 'trantype': 'B', 'qty': '20', 'prc': '16.00', 'pcode': 'M', 'remarks': '', 'rejreason': ' ', 'status': 'OPEN', 'reporttype': 'New', 'prctyp': 'LMT', 'ret': 'DAY', 'exchordid': '1758694776622148362', 'dscqty': '0', 'exch_tm': '24-09-2025 11:52:32'}
2025-09-24 11:52:32,963 - INFO - Order update for account 2: {'t': 'om', 'norenordno': '25092400322056', 'uid': 'FA42242', 'actid': 'FA42242', 'exch': 'BFO', 'tsym': 'SENSEX25SEP82500CE', 'trantype': 'B', 'qty': '20', 'prc': '16.00', 'pcode': 'M', 'remarks': '', 'rejreason': ' ', 'status': 'OPEN', 'reporttype': 'New', 'prctyp': 'LMT', 'ret': 'DAY', 'exchordid': '1758694776622148359', 'dscqty': '0', 'exch_tm': '24-09-2025 11:52:32'}
2025-09-24 11:52:32,964 - INFO - Account 1 - B OPEN New
2025-09-24 11:52:32,964 - INFO - Order status debug - status: 'OPEN', reporttype: 'New', trantype: 'B', price: '16.00'
2025-09-24 11:52:32,965 - INFO - Account 2 - B OPEN New
2025-09-24 11:52:32,965 - INFO - Order status debug - status: 'OPEN', reporttype: 'New', trantype: 'B', price: '16.00'
2025-09-24 11:52:32,966 - INFO - Account 1 order status updated to: OPEN
2025-09-24 11:52:32,971 - INFO - DEBUG - Account 1 status: 'OPEN' (type: <class 'str'>)
2025-09-24 11:52:32,977 - INFO - DEBUG - Current account can_order: 1
2025-09-24 11:52:32,978 - INFO - Account 2 order status updated to: OPEN
2025-09-24 11:52:32,978 - INFO - Order status updated for account 1: Buy Order Open @ 16.00
2025-09-24 11:52:32,979 - INFO - DEBUG - Account 2 status: 'OPEN' (type: <class 'str'>)
2025-09-24 11:52:32,982 - INFO - DEBUG - Current account can_order: 1
2025-09-24 11:52:32,983 - INFO - Order status updated for account 2: Buy Order Open @ 16.00
2025-09-24 11:52:33,703 - INFO - Quote Received for Account 1: {'t': 'tf', 'e': 'BFO', 'tk': '841835', 'lp': '28.70', 'pc': '-82.03', 'ft': '1758694906', 'v': '30408760', 'sp1': '28.80', 'bq1': '5040', 'sq1': '2160'}
2025-09-24 11:52:33,705 - INFO - Live price updated: 28.70
2025-09-24 11:52:34,772 - INFO - Quote Received for Account 1: {'t': 'tf', 'e': 'BFO', 'tk': '841835', 'lp': '28.80', 'pc': '-81.97', 'ft': '1758694907', 'v': '30409080', 'bp1': '28.75', 'sp1': '28.85', 'bq1': '1200', 'sq1': '1160'}
2025-09-24 11:52:34,772 - INFO - Live price updated: 28.80
2025-09-24 11:52:35,845 - INFO - Quote Received for Account 1: {'t': 'tf', 'e': 'BFO', 'tk': '841835', 'ft': '1758694908', 'bp1': '28.70', 'sp1': '28.80', 'bq1': '1440', 'sq1': '2900'}
2025-09-24 11:52:36,924 - INFO - Quote Received for Account 1: {'t': 'tf', 'e': 'BFO', 'tk': '841835', 'lp': '28.70', 'pc': '-82.03', 'ft': '1758694909', 'v': '30409140', 'bp1': '28.65', 'sp1': '28.75', 'bq1': '1100', 'sq1': '1900'}
2025-09-24 11:52:36,925 - INFO - Live price updated: 28.70
2025-09-24 11:52:37,987 - INFO - Quote Received for Account 1: {'t': 'tf', 'e': 'BFO', 'tk': '841835', 'ft': '1758694910', 'v': '30410060', 'bq1': '3720', 'sq1': '460'}
2025-09-24 11:52:39,069 - INFO - Quote Received for Account 1: {'t': 'tf', 'e': 'BFO', 'tk': '841835', 'lp': '28.50', 'pc': '-82.15', 'ft': '1758694911', 'v': '30410100', 'bp1': '28.45', 'sp1': '28.55', 'bq1': '2220', 'sq1': '2900'}
2025-09-24 11:52:39,070 - INFO - Live price updated: 28.50
2025-09-24 11:52:40,131 - INFO - Quote Received for Account 1: {'t': 'tf', 'e': 'BFO', 'tk': '841835', 'lp': '28.35', 'pc': '-82.25', 'ft': '1758694912', 'v': '30412180', 'bp1': '28.35', 'sp1': '28.45', 'bq1': '3300', 'sq1': '2000'}
2025-09-24 11:52:40,133 - INFO - Live price updated: 28.35
2025-09-24 11:52:41,199 - INFO - Quote Received for Account 1: {'t': 'tf', 'e': 'BFO', 'tk': '841835', 'lp': '28.65', 'pc': '-82.06', 'ft': '1758694913', 'v': '30414900', 'bp1': '28.55', 'sp1': '28.65', 'bq1': '2200', 'sq1': '1560'}
2025-09-24 11:52:41,201 - INFO - Live price updated: 28.65
2025-09-24 11:52:42,271 - INFO - Quote Received for Account 1: {'t': 'tf', 'e': 'BFO', 'tk': '841835', 'lp': '28.50', 'pc': '-82.15', 'ft': '1758694914', 'v': '30416140', 'bp1': '28.40', 'sp1': '28.50', 'bq1': '1520', 'sq1': '2940'}
2025-09-24 11:52:42,271 - INFO - Live price updated: 28.50
2025-09-24 11:52:43,341 - INFO - Quote Received for Account 1: {'t': 'tf', 'e': 'BFO', 'tk': '841835', 'ft': '1758694915', 'v': '30418920', 'bp1': '28.45', 'sp1': '28.55', 'bq1': '1480', 'sq1': '480'}
2025-09-24 11:52:44,411 - INFO - Quote Received for Account 1: {'t': 'tf', 'e': 'BFO', 'tk': '841835', 'lp': '28.25', 'pc': '-82.31', 'ft': '1758694916', 'v': '30421480', 'bp1': '28.15', 'sp1': '28.25', 'bq1': '3460', 'sq1': '1100'}
2025-09-24 11:52:44,411 - INFO - Live price updated: 28.25
2025-09-24 11:52:44,836 - INFO - Manual SL set - Price: 12.0, Points from buy: 4.0, Buy price: 16.0
2025-09-24 11:52:44,840 - INFO - Buy orders filled check - Master: filled_qty=0, can_exit=0
2025-09-24 11:52:44,840 - INFO - Buy orders filled check - Child: filled_qty=0, can_exit=0
2025-09-24 11:52:44,841 - INFO - Buy orders filled result: False
2025-09-24 11:52:44,841 - INFO - SL price confirmed: 12.0 (monitoring will start after buy order is filled)
2025-09-24 11:52:45,483 - INFO - Quote Received for Account 1: {'t': 'tf', 'e': 'BFO', 'tk': '841835', 'lp': '28.15', 'pc': '-82.37', 'ft': '1758694917', 'v': '30421920', 'bp1': '28.10', 'sp1': '28.20', 'bq1': '2180', 'sq1': '1160'}
2025-09-24 11:52:45,485 - INFO - Live price updated: 28.15
2025-09-24 11:52:46,552 - INFO - Quote Received for Account 1: {'t': 'tf', 'e': 'BFO', 'tk': '841835', 'ft': '1758694918', 'v': '30423600', 'bq1': '2120', 'sq1': '1020'}
2025-09-24 11:52:47,625 - INFO - Quote Received for Account 1: {'t': 'tf', 'e': 'BFO', 'tk': '841835', 'lp': '28.25', 'pc': '-82.31', 'ft': '1758694920', 'v': '30423840', 'bp1': '28.15', 'bq1': '200', 'sq1': '280'}
2025-09-24 11:52:47,626 - INFO - Live price updated: 28.25
2025-09-24 11:52:48,699 - INFO - Quote Received for Account 1: {'t': 'tf', 'e': 'BFO', 'tk': '841835', 'lp': '28.50', 'pc': '-82.15', 'ft': '1758694921', 'v': '30425620', 'bp1': '28.35', 'sp1': '28.45', 'bq1': '1220', 'sq1': '1060'}
2025-09-24 11:52:48,701 - INFO - Live price updated: 28.50
2025-09-24 11:52:49,238 - INFO - Manual Target set - Price: 20.0, Points from buy: 4.0, Buy price: 16.0
2025-09-24 11:52:49,240 - INFO - Buy orders filled check - Master: filled_qty=0, can_exit=0
2025-09-24 11:52:49,241 - INFO - Buy orders filled check - Child: filled_qty=0, can_exit=0
2025-09-24 11:52:49,241 - INFO - Buy orders filled result: False
2025-09-24 11:52:49,241 - INFO - Target price confirmed: 20.0 (monitoring will start after buy order is filled)
2025-09-24 11:52:49,768 - INFO - Quote Received for Account 1: {'t': 'tf', 'e': 'BFO', 'tk': '841835', 'lp': '28.35', 'pc': '-82.25', 'ft': '1758694922', 'ap': '36.32', 'v': '30429040', 'sp1': '28.50', 'bq1': '2320', 'sq1': '4220'}
2025-09-24 11:52:49,771 - INFO - Live price updated: 28.35
2025-09-24 11:52:50,838 - INFO - Quote Received for Account 1: {'t': 'tf', 'e': 'BFO', 'tk': '841835', 'lp': '28.20', 'pc': '-82.34', 'ft': '1758694923', 'v': '30429060', 'bp1': '28.15', 'sp1': '28.30', 'bq1': '2860', 'sq1': '3840'}
2025-09-24 11:52:50,839 - INFO - Live price updated: 28.20
2025-09-24 11:52:51,899 - INFO - Quote Received for Account 1: {'t': 'tf', 'e': 'BFO', 'tk': '841835', 'lp': '28.05', 'pc': '-82.44', 'ft': '1758694924', 'v': '30431900', 'bp1': '28.10', 'sp1': '28.20', 'bq1': '380', 'sq1': '1980'}
2025-09-24 11:52:51,899 - INFO - Live price updated: 28.05
2025-09-24 11:52:52,987 - INFO - Quote Received for Account 1: {'t': 'tf', 'e': 'BFO', 'tk': '841835', 'lp': '28.00', 'pc': '-82.47', 'ft': '1758694925', 'v': '30437260', 'bp1': '28.00', 'sp1': '28.05', 'bq1': '7120', 'sq1': '2660'}
2025-09-24 11:52:52,988 - INFO - Live price updated: 28.00
2025-09-24 11:52:53,802 - INFO - Modify buy orders clicked
2025-09-24 11:52:53,802 - INFO - Order states reset for modify operations
2025-09-24 11:52:53,802 - INFO - Modifying Master order: 25092400322058 to price: 18.0
2025-09-24 11:52:53,802 - INFO - Modifying Child order: 25092400322056 to price: 18.0
2025-09-24 11:52:54,052 - INFO - Quote Received for Account 1: {'t': 'tf', 'e': 'BFO', 'tk': '841835', 'lp': '28.05', 'pc': '-82.44', 'ft': '1758694926', 'v': '30444760', 'bp1': '27.95', 'bq1': '360', 'sq1': '2120'}
2025-09-24 11:52:54,448 - INFO - Successfully modified Child order: 25092400322056
2025-09-24 11:52:54,449 - INFO - Order update for account 2: {'t': 'om', 'norenordno': '25092400322056', 'uid': 'FA42242', 'actid': 'FA42242', 'exch': 'BFO', 'tsym': 'SENSEX25SEP82500CE', 'trantype': 'B', 'qty': '20', 'prc': '18.00', 'pcode': 'M', 'remarks': '', 'rejreason': ' ', 'status': 'PENDING', 'reporttype': 'ModAck', 'prctyp': 'LMT', 'ret': 'DAY', 'exchordid': '1758694776622148359', 'dscqty': '0', 'exch_tm': '24-09-2025 11:52:32'}
2025-09-24 11:52:54,453 - INFO - Account 2 - B PENDING ModAck
2025-09-24 11:52:54,454 - INFO - Order status debug - status: 'PENDING', reporttype: 'ModAck', trantype: 'B', price: '18.00'
2025-09-24 11:52:54,459 - INFO - Updated Child (ID: 2) order info: 25092400322056 SENSEX25SEP82500CE 20@18.0
2025-09-24 11:52:54,460 - INFO - Child buy order modified successfully
2025-09-24 11:52:54,467 - INFO - Successfully modified Master order: 25092400322058
2025-09-24 11:52:54,484 - INFO - Updated Master (ID: 1) order info: 25092400322058 SENSEX25SEP82500CE 20@18.0
2025-09-24 11:52:54,486 - INFO - Master buy order modified successfully
2025-09-24 11:52:54,490 - INFO - SL/Target adjusted for new buy price - SL: 14.0, Target: 22.0 (Buy: 18.0)
2025-09-24 11:52:54,494 - INFO - Account 2 order status updated to: PENDING
2025-09-24 11:52:54,494 - INFO - Live price updated: 28.05
2025-09-24 11:52:54,495 - INFO - DEBUG - Account 2 status: 'PENDING' (type: <class 'str'>)
2025-09-24 11:52:54,498 - INFO - Order update for account 1: {'t': 'om', 'norenordno': '25092400322058', 'uid': 'FA32246', 'actid': 'FA32246', 'exch': 'BFO', 'tsym': 'SENSEX25SEP82500CE', 'trantype': 'B', 'qty': '20', 'prc': '18.00', 'pcode': 'M', 'remarks': '', 'rejreason': ' ', 'status': 'PENDING', 'reporttype': 'ModAck', 'prctyp': 'LMT', 'ret': 'DAY', 'exchordid': '1758694776622148362', 'dscqty': '0', 'exch_tm': '24-09-2025 11:52:32'}
2025-09-24 11:52:54,502 - INFO - DEBUG - Current account can_order: 1
2025-09-24 11:52:54,505 - INFO - Account 1 - B PENDING ModAck
2025-09-24 11:52:54,506 - INFO - Order status debug - status: 'PENDING', reporttype: 'ModAck', trantype: 'B', price: '18.00'
2025-09-24 11:52:54,506 - INFO - Order status updated for account 2: Buy Order PENDING @ 18.00
2025-09-24 11:52:54,509 - INFO - Order update for account 2: {'t': 'om', 'norenordno': '25092400322056', 'uid': 'FA42242', 'actid': 'FA42242', 'exch': 'BFO', 'tsym': 'SENSEX25SEP82500CE', 'trantype': 'B', 'qty': '20', 'prc': '18.00', 'pcode': 'M', 'remarks': '', 'rejreason': ' ', 'status': 'PENDING', 'reporttype': 'PendingReplace', 'prctyp': 'LMT', 'ret': 'DAY', 'exchordid': '1758694776622148359', 'dscqty': '0', 'exch_tm': '24-09-2025 11:52:32'}
2025-09-24 11:52:54,511 - INFO - Account 2 - B PENDING PendingReplace
2025-09-24 11:52:54,511 - INFO - Order status debug - status: 'PENDING', reporttype: 'PendingReplace', trantype: 'B', price: '18.00'
2025-09-24 11:52:54,518 - INFO - Account 1 order status updated to: PENDING
2025-09-24 11:52:54,518 - INFO - Account 2 order status updated to: PENDING
2025-09-24 11:52:54,519 - INFO - DEBUG - Account 1 status: 'PENDING' (type: <class 'str'>)
2025-09-24 11:52:54,519 - INFO - DEBUG - Account 2 status: 'PENDING' (type: <class 'str'>)
2025-09-24 11:52:54,523 - INFO - DEBUG - Current account can_order: 1
2025-09-24 11:52:54,525 - INFO - DEBUG - Current account can_order: 1
2025-09-24 11:52:54,526 - INFO - Order status updated for account 1: Buy Order PENDING @ 18.00
2025-09-24 11:52:54,526 - INFO - Order status updated for account 2: Buy Order PENDING @ 18.00
2025-09-24 11:52:54,527 - INFO - Order update for account 1: {'t': 'om', 'norenordno': '25092400322058', 'uid': 'FA32246', 'actid': 'FA32246', 'exch': 'BFO', 'tsym': 'SENSEX25SEP82500CE', 'trantype': 'B', 'qty': '20', 'prc': '18.00', 'pcode': 'M', 'remarks': '', 'rejreason': ' ', 'status': 'PENDING', 'reporttype': 'PendingReplace', 'prctyp': 'LMT', 'ret': 'DAY', 'exchordid': '1758694776622148362', 'dscqty': '0', 'exch_tm': '24-09-2025 11:52:32'}
2025-09-24 11:52:54,528 - INFO - Order update for account 2: {'t': 'om', 'norenordno': '25092400322056', 'uid': 'FA42242', 'actid': 'FA42242', 'exch': 'BFO', 'tsym': 'SENSEX25SEP82500CE', 'trantype': 'B', 'qty': '20', 'prc': '18.00', 'pcode': 'M', 'remarks': '', 'rejreason': ' ', 'status': 'OPEN', 'reporttype': 'Replaced', 'prctyp': 'LMT', 'ret': 'DAY', 'exchordid': '1758694776622148359', 'dscqty': '0', 'exch_tm': '24-09-2025 11:52:54'}
2025-09-24 11:52:54,530 - INFO - Account 1 - B PENDING PendingReplace
2025-09-24 11:52:54,531 - INFO - Order status debug - status: 'PENDING', reporttype: 'PendingReplace', trantype: 'B', price: '18.00'
2025-09-24 11:52:54,531 - INFO - Account 2 - B OPEN Replaced
2025-09-24 11:52:54,531 - INFO - Order status debug - status: 'OPEN', reporttype: 'Replaced', trantype: 'B', price: '18.00'
2025-09-24 11:52:54,532 - INFO - Account 1 order status updated to: PENDING
2025-09-24 11:52:54,532 - INFO - Account 2 order status updated to: OPEN
2025-09-24 11:52:54,533 - INFO - DEBUG - Account 1 status: 'PENDING' (type: <class 'str'>)
2025-09-24 11:52:54,533 - INFO - DEBUG - Account 2 status: 'OPEN' (type: <class 'str'>)
2025-09-24 11:52:54,536 - INFO - DEBUG - Current account can_order: 1
2025-09-24 11:52:54,539 - INFO - DEBUG - Current account can_order: 1
2025-09-24 11:52:54,539 - INFO - Order status updated for account 1: Buy Order PENDING @ 18.00
2025-09-24 11:52:54,539 - INFO - Order status updated for account 2: Buy Order OPEN @ 18.00
2025-09-24 11:52:54,540 - INFO - Order update for account 1: {'t': 'om', 'norenordno': '25092400322058', 'uid': 'FA32246', 'actid': 'FA32246', 'exch': 'BFO', 'tsym': 'SENSEX25SEP82500CE', 'trantype': 'B', 'qty': '20', 'prc': '18.00', 'pcode': 'M', 'remarks': '', 'rejreason': ' ', 'status': 'OPEN', 'reporttype': 'Replaced', 'prctyp': 'LMT', 'ret': 'DAY', 'exchordid': '1758694776622148362', 'dscqty': '0', 'exch_tm': '24-09-2025 11:52:54'}
2025-09-24 11:52:54,541 - INFO - Account 1 - B OPEN Replaced
2025-09-24 11:52:54,541 - INFO - Order status debug - status: 'OPEN', reporttype: 'Replaced', trantype: 'B', price: '18.00'
2025-09-24 11:52:54,542 - INFO - Account 1 order status updated to: OPEN
2025-09-24 11:52:54,542 - INFO - DEBUG - Account 1 status: 'OPEN' (type: <class 'str'>)
2025-09-24 11:52:54,544 - INFO - DEBUG - Current account can_order: 1
2025-09-24 11:52:54,544 - INFO - Order status updated for account 1: Buy Order OPEN @ 18.00
2025-09-24 11:52:55,122 - INFO - Quote Received for Account 1: {'t': 'tf', 'e': 'BFO', 'tk': '841835', 'lp': '28.00', 'pc': '-82.47', 'ft': '1758694927', 'v': '30448280', 'bp1': '28.00', 'sp1': '28.15', 'bq1': '2840', 'sq1': '1840'}
2025-09-24 11:52:55,123 - INFO - Live price updated: 28.00
2025-09-24 11:52:56,194 - INFO - Quote Received for Account 1: {'t': 'tf', 'e': 'BFO', 'tk': '841835', 'lp': '28.35', 'pc': '-82.25', 'ft': '1758694928', 'v': '30451460', 'bp1': '28.15', 'sp1': '28.25', 'bq1': '940', 'sq1': '1380'}
2025-09-24 11:52:56,196 - INFO - Live price updated: 28.35
2025-09-24 11:52:57,264 - INFO - Quote Received for Account 1: {'t': 'tf', 'e': 'BFO', 'tk': '841835', 'lp': '27.80', 'pc': '-82.59', 'ft': '1758694929', 'v': '30454380', 'bp1': '27.80', 'sp1': '27.90', 'bq1': '1120', 'sq1': '880'}
2025-09-24 11:52:57,266 - INFO - Live price updated: 27.80
2025-09-24 11:52:58,347 - INFO - Quote Received for Account 1: {'t': 'tf', 'e': 'BFO', 'tk': '841835', 'lp': '28.00', 'pc': '-82.47', 'ft': '1758694930', 'v': '30458740', 'bp1': '27.95', 'sp1': '28.05', 'bq1': '1620', 'sq1': '1620'}
2025-09-24 11:52:58,349 - INFO - Live price updated: 28.00
2025-09-24 11:52:59,409 - INFO - Quote Received for Account 1: {'t': 'tf', 'e': 'BFO', 'tk': '841835', 'lp': '28.10', 'pc': '-82.40', 'ft': '1758694931', 'v': '30460640', 'bp1': '28.00', 'sp1': '28.10', 'bq1': '3420', 'sq1': '1160'}
2025-09-24 11:52:59,409 - INFO - Live price updated: 28.10
2025-09-24 11:53:00,479 - INFO - Quote Received for Account 1: {'t': 'tf', 'e': 'BFO', 'tk': '841835', 'lp': '27.80', 'pc': '-82.59', 'ft': '1758694932', 'v': '30463840', 'bp1': '27.75', 'sp1': '27.85', 'bq1': '220', 'sq1': '2460'}
2025-09-24 11:53:00,480 - INFO - Live price updated: 27.80
2025-09-24 11:53:01,555 - INFO - Quote Received for Account 1: {'t': 'tf', 'e': 'BFO', 'tk': '841835', 'lp': '27.75', 'pc': '-82.62', 'ft': '1758694933', 'v': '30464040', 'bp1': '27.85', 'sp1': '27.95', 'bq1': '1220', 'sq1': '1740'}
2025-09-24 11:53:01,556 - INFO - Live price updated: 27.75
2025-09-24 11:53:02,627 - INFO - Quote Received for Account 1: {'t': 'tf', 'e': 'BFO', 'tk': '841835', 'lp': '27.85', 'pc': '-82.56', 'ft': '1758694935', 'v': '30464620', 'bp1': '27.75', 'sp1': '27.80', 'bq1': '80', 'sq1': '1180'}
2025-09-24 11:53:02,633 - INFO - Live price updated: 27.85
2025-09-24 11:53:03,690 - INFO - Quote Received for Account 1: {'t': 'tf', 'e': 'BFO', 'tk': '841835', 'lp': '27.80', 'pc': '-82.59', 'ft': '1758694936', 'ap': '36.31', 'v': '30466660', 'bp1': '27.85', 'sp1': '27.95', 'bq1': '1580', 'sq1': '220'}
2025-09-24 11:53:03,692 - INFO - Live price updated: 27.80
2025-09-24 11:53:04,773 - INFO - Quote Received for Account 1: {'t': 'tf', 'e': 'BFO', 'tk': '841835', 'lp': '27.95', 'pc': '-82.50', 'ft': '1758694937', 'v': '30467280', 'bp1': '27.95', 'sp1': '28.05', 'bq1': '180', 'sq1': '3220'}
2025-09-24 11:53:04,779 - INFO - Live price updated: 27.95
2025-09-24 11:53:05,861 - INFO - Quote Received for Account 1: {'t': 'tf', 'e': 'BFO', 'tk': '841835', 'lp': '28.00', 'pc': '-82.47', 'ft': '1758694938', 'v': '30467520', 'bp1': '28.00', 'sp1': '28.10', 'bq1': '1960', 'sq1': '100'}
2025-09-24 11:53:05,863 - INFO - Live price updated: 28.00
2025-09-24 11:53:06,925 - INFO - Quote Received for Account 1: {'t': 'tf', 'e': 'BFO', 'tk': '841835', 'lp': '28.10', 'pc': '-82.40', 'ft': '1758694939', 'v': '30468040', 'bq1': '1280', 'sq1': '1500'}
2025-09-24 11:53:06,934 - INFO - Live price updated: 28.10
2025-09-24 11:53:07,995 - INFO - Quote Received for Account 1: {'t': 'tf', 'e': 'BFO', 'tk': '841835', 'lp': '27.90', 'pc': '-82.53', 'ft': '1758694940', 'v': '30468120', 'bp1': '27.85', 'sp1': '27.95', 'bq1': '1560', 'sq1': '1740'}
2025-09-24 11:53:07,997 - INFO - Live price updated: 27.90
2025-09-24 11:53:09,058 - INFO - Quote Received for Account 1: {'t': 'tf', 'e': 'BFO', 'tk': '841835', 'lp': '28.05', 'pc': '-82.44', 'ft': '1758694941', 'v': '30473560', 'bp1': '28.05', 'sp1': '28.10', 'bq1': '1820', 'sq1': '420'}
2025-09-24 11:53:09,061 - INFO - Live price updated: 28.05
2025-09-24 11:53:10,123 - INFO - Quote Received for Account 1: {'t': 'tf', 'e': 'BFO', 'tk': '841835', 'lp': '27.90', 'pc': '-82.53', 'ft': '1758694942', 'v': '30474700', 'bp1': '27.90', 'sp1': '28.05', 'bq1': '3740', 'sq1': '2920'}
2025-09-24 11:53:10,125 - INFO - Live price updated: 27.90
2025-09-24 11:53:11,187 - INFO - Quote Received for Account 1: {'t': 'tf', 'e': 'BFO', 'tk': '841835', 'lp': '28.10', 'pc': '-82.40', 'ft': '1758694943', 'v': '30474940', 'bp1': '28.05', 'sp1': '28.15', 'bq1': '540', 'sq1': '4260'}
2025-09-24 11:53:11,188 - INFO - Live price updated: 28.10
2025-09-24 11:53:12,262 - INFO - Quote Received for Account 1: {'t': 'tf', 'e': 'BFO', 'tk': '841835', 'lp': '27.95', 'pc': '-82.50', 'ft': '1758694944', 'v': '30477940', 'bp1': '27.95', 'sp1': '28.05', 'bq1': '3180', 'sq1': '2100'}
2025-09-24 11:53:12,276 - INFO - Live price updated: 27.95
2025-09-24 11:53:13,319 - INFO - Quote Received for Account 1: {'t': 'tf', 'e': 'BFO', 'tk': '841835', 'lp': '28.25', 'pc': '-82.31', 'ft': '1758694945', 'v': '30485580', 'bp1': '28.15', 'sp1': '28.25', 'bq1': '940', 'sq1': '880'}
2025-09-24 11:53:13,319 - INFO - Live price updated: 28.25
2025-09-24 11:53:14,399 - INFO - Quote Received for Account 1: {'t': 'tf', 'e': 'BFO', 'tk': '841835', 'lp': '28.20', 'pc': '-82.34', 'ft': '1758694946', 'v': '30490520', 'bp1': '28.05', 'sp1': '28.15', 'bq1': '2860', 'sq1': '280'}
2025-09-24 11:53:14,404 - INFO - Live price updated: 28.20
2025-09-24 11:53:15,470 - INFO - Quote Received for Account 1: {'t': 'tf', 'e': 'BFO', 'tk': '841835', 'lp': '28.10', 'pc': '-82.40', 'ft': '1758694947', 'v': '30491640', 'bp1': '28.10', 'sp1': '28.20', 'bq1': '840', 'sq1': '2600'}
2025-09-24 11:53:15,472 - INFO - Live price updated: 28.10
2025-09-24 11:53:16,543 - INFO - Quote Received for Account 1: {'t': 'tf', 'e': 'BFO', 'tk': '841835', 'ft': '1758694948', 'v': '30493360', 'bq1': '2420', 'sq1': '2100'}
