2025-09-15 10:46:01,875 - INFO - Downloading master files...
2025-09-15 10:46:01,875 - INFO - Finding expiry dates...
2025-09-15 10:46:02,022 - INFO - System initialization completed successfully
2025-09-15 10:46:03,298 - INFO - Generated fresh 2FA for account 1: 727489
2025-09-15 10:46:04,536 - INFO - PnL updated for account 1 (active): 0.0
2025-09-15 10:46:04,536 - INFO - Master account initialized successfully: ROOPAL SONI
2025-09-15 10:46:08,858 - INFO - Generated fresh 2FA for account 2: 675697
2025-09-15 10:46:09,453 - INFO - Child account logged in - Order blocking reset
2025-09-15 10:46:10,059 - INFO - PnL updated for account 2 (active): 0.0
2025-09-15 10:46:12,773 - INFO - Cleared option and strike selections - no active orders
2025-09-15 10:46:13,394 - INFO - Fetched NIFTY price: 25073.4
2025-09-15 10:46:13,394 - INFO - Updated strikes for NIFTY based on price 25073.4 and option None: [24700, 24750, 24800, 24850, 24900, 24950, 25000, 25050, 25100, 25150, 25200, 25250, 25300, 25350, 25400]
2025-09-15 10:46:16,461 - INFO - Fetched NIFTY price: 25073.5
2025-09-15 10:46:16,463 - INFO - Index LTP for NIFTY: 25073.5
2025-09-15 10:46:18,026 - INFO - Fetched NIFTY price: 25072.9
2025-09-15 10:46:18,026 - INFO - Updated strikes for NIFTY CE based on price 25072.9: [24950, 25000, 25050, 25100, 25150, 25200, 25250, 25300, 25350, 25400, 25450, 25500, 25550, 25600, 25650]
2025-09-15 10:46:21,684 - INFO - Getting token and lot size for trading symbol: NIFTY16SEP25C25650
2025-09-15 10:46:21,708 - INFO - Found NFO token and lot size for NIFTY16SEP25C25650: 44834, 75
2025-09-15 10:46:21,708 - INFO - Generated quantity options for lot size 75: ['75', '150', '225', '300', '375', '450', '525', '600', '675', '750']
2025-09-15 10:46:21,708 - INFO - Updated quantity options for NIFTY16SEP25C25650 with lot size 75: ['75', '150', '225', '300', '375', '450', '525', '600', '675', '750']
2025-09-15 10:46:21,708 - INFO - Getting token for trading symbol: NIFTY16SEP25C25650
2025-09-15 10:46:21,708 - INFO - Found NFO token for NIFTY16SEP25C25650: 44834
2025-09-15 10:46:22,303 - INFO - Modify price fields cleared after auto-fetch
2025-09-15 10:46:22,303 - INFO - Getting token for trading symbol: NIFTY16SEP25C25650
2025-09-15 10:46:22,307 - INFO - Found NFO token for NIFTY16SEP25C25650: 44834
2025-09-15 10:46:22,308 - INFO - Subscribed to live price feed via master account: NFO|44834
2025-09-15 10:46:22,308 - INFO - Auto-subscribed to NIFTY16SEP25C25650 at price 1.15
2025-09-15 10:46:26,265 - INFO - Getting token and lot size for trading symbol: NIFTY16SEP25C25500
2025-09-15 10:46:26,265 - INFO - Found NFO token and lot size for NIFTY16SEP25C25500: 44828, 75
2025-09-15 10:46:26,265 - INFO - Generated quantity options for lot size 75: ['75', '150', '225', '300', '375', '450', '525', '600', '675', '750']
2025-09-15 10:46:26,265 - INFO - Updated quantity options for NIFTY16SEP25C25500 with lot size 75: ['75', '150', '225', '300', '375', '450', '525', '600', '675', '750']
2025-09-15 10:46:26,265 - INFO - Getting token for trading symbol: NIFTY16SEP25C25500
2025-09-15 10:46:26,282 - INFO - Found NFO token for NIFTY16SEP25C25500: 44828
2025-09-15 10:46:26,884 - INFO - Modify price fields cleared after auto-fetch
2025-09-15 10:46:26,884 - INFO - Getting token for trading symbol: NIFTY16SEP25C25500
2025-09-15 10:46:26,886 - INFO - Found NFO token for NIFTY16SEP25C25500: 44828
2025-09-15 10:46:26,886 - INFO - Unsubscribed from previous: NFO|44834
2025-09-15 10:46:26,897 - INFO - Subscribed to live price feed via master account: NFO|44828
2025-09-15 10:46:26,897 - INFO - Auto-subscribed to NIFTY16SEP25C25500 at price 1.6
2025-09-15 10:46:30,171 - INFO - Getting token and lot size for trading symbol: NIFTY16SEP25C25400
2025-09-15 10:46:30,173 - INFO - Found NFO token and lot size for NIFTY16SEP25C25400: 44796, 75
2025-09-15 10:46:30,173 - INFO - Generated quantity options for lot size 75: ['75', '150', '225', '300', '375', '450', '525', '600', '675', '750']
2025-09-15 10:46:30,173 - INFO - Updated quantity options for NIFTY16SEP25C25400 with lot size 75: ['75', '150', '225', '300', '375', '450', '525', '600', '675', '750']
2025-09-15 10:46:30,173 - INFO - Getting token for trading symbol: NIFTY16SEP25C25400
2025-09-15 10:46:30,181 - INFO - Found NFO token for NIFTY16SEP25C25400: 44796
2025-09-15 10:46:30,784 - INFO - Modify price fields cleared after auto-fetch
2025-09-15 10:46:30,784 - INFO - Getting token for trading symbol: NIFTY16SEP25C25400
2025-09-15 10:46:30,784 - INFO - Found NFO token for NIFTY16SEP25C25400: 44796
2025-09-15 10:46:30,800 - INFO - Unsubscribed from previous: NFO|44828
2025-09-15 10:46:30,801 - INFO - Subscribed to live price feed via master account: NFO|44796
2025-09-15 10:46:30,802 - INFO - Auto-subscribed to NIFTY16SEP25C25400 at price 2.5
2025-09-15 10:46:33,457 - INFO - Getting token and lot size for trading symbol: NIFTY16SEP25C25300
2025-09-15 10:46:33,463 - INFO - Found NFO token and lot size for NIFTY16SEP25C25300: 44744, 75
2025-09-15 10:46:33,463 - INFO - Generated quantity options for lot size 75: ['75', '150', '225', '300', '375', '450', '525', '600', '675', '750']
2025-09-15 10:46:33,465 - INFO - Updated quantity options for NIFTY16SEP25C25300 with lot size 75: ['75', '150', '225', '300', '375', '450', '525', '600', '675', '750']
2025-09-15 10:46:33,465 - INFO - Getting token for trading symbol: NIFTY16SEP25C25300
2025-09-15 10:46:33,470 - INFO - Found NFO token for NIFTY16SEP25C25300: 44744
2025-09-15 10:46:34,052 - INFO - Modify price fields cleared after auto-fetch
2025-09-15 10:46:34,053 - INFO - Getting token for trading symbol: NIFTY16SEP25C25300
2025-09-15 10:46:34,054 - INFO - Found NFO token for NIFTY16SEP25C25300: 44744
2025-09-15 10:46:34,054 - INFO - Unsubscribed from previous: NFO|44796
2025-09-15 10:46:34,064 - INFO - Subscribed to live price feed via master account: NFO|44744
2025-09-15 10:46:34,066 - INFO - Auto-subscribed to NIFTY16SEP25C25300 at price 5.75
2025-09-15 10:47:15,178 - INFO - Getting token and lot size for trading symbol: NIFTY16SEP25C25300
2025-09-15 10:47:15,182 - INFO - Found NFO token and lot size for NIFTY16SEP25C25300: 44744, 75
2025-09-15 10:47:15,182 - INFO - Generated quantity options for lot size 75: ['75', '150', '225', '300', '375', '450', '525', '600', '675', '750']
2025-09-15 10:47:15,183 - INFO - Updated quantity options for NIFTY16SEP25C25300 with lot size 75: ['75', '150', '225', '300', '375', '450', '525', '600', '675', '750']
2025-09-15 10:47:15,183 - INFO - Getting token and lot size for trading symbol: NIFTY16SEP25C25300
2025-09-15 10:47:15,187 - INFO - Found NFO token and lot size for NIFTY16SEP25C25300: 44744, 75
2025-09-15 10:47:15,187 - INFO - Using same quantity for both accounts: 75 (lot size: 75)
2025-09-15 10:47:15,187 - INFO - Active accounts: [1, 2]
2025-09-15 10:47:15,187 - INFO - Placing buy orders for accounts: [1, 2]
2025-09-15 10:47:15,188 - INFO - Trading symbol: NIFTY16SEP25C25300, Price: 5.0
2025-09-15 10:47:15,188 - INFO - Quantities: [75, 75]
2025-09-15 10:47:15,188 - INFO - Account 1: API=True, Qty=75, Active=True
2025-09-15 10:47:15,188 - INFO - Placing order for account 1 with parameters: {'buy_or_sell': 'B', 'product_type': 'I', 'exchange': 'NFO', 'tradingsymbol': 'NIFTY16SEP25C25300', 'quantity': 75, 'discloseqty': 0, 'price_type': 'LMT', 'price': 5.0, 'trigger_price': None, 'retention': 'DAY', 'amo': 'NO', 'remarks': None}
2025-09-15 10:47:15,188 - INFO - Account 2: API=True, Qty=75, Active=True
2025-09-15 10:47:15,189 - INFO - API instance for account 1: True
2025-09-15 10:47:15,190 - INFO - Placing order for account 2 with parameters: {'buy_or_sell': 'B', 'product_type': 'I', 'exchange': 'NFO', 'tradingsymbol': 'NIFTY16SEP25C25300', 'quantity': 75, 'discloseqty': 0, 'price_type': 'LMT', 'price': 5.0, 'trigger_price': None, 'retention': 'DAY', 'amo': 'NO', 'remarks': None}
2025-09-15 10:47:15,191 - INFO - API instance for account 2: True
2025-09-15 10:47:15,971 - INFO - API response: {'request_time': '10:47:16 15-09-2025', 'stat': 'Ok', 'norenordno': '25091500156610'}
2025-09-15 10:47:15,978 - INFO - API response: {'request_time': '10:47:16 15-09-2025', 'stat': 'Ok', 'norenordno': '25091500156609'}
2025-09-15 10:47:15,979 - INFO - API response type: <class 'dict'>
2025-09-15 10:47:15,981 - INFO - API response type: <class 'dict'>
2025-09-15 10:47:15,984 - INFO - New order received: 25091500156610
2025-09-15 10:47:15,984 - INFO - Buy order placed successfully: {'request_time': '10:47:16 15-09-2025', 'stat': 'Ok', 'norenordno': '25091500156610'}
2025-09-15 10:47:15,984 - INFO - Order status debug - status: 'PENDING', reporttype: 'NewAck', trantype: 'B', price: '5.00'
2025-09-15 10:47:15,986 - INFO - Buy order placed successfully: {'request_time': '10:47:16 15-09-2025', 'stat': 'Ok', 'norenordno': '25091500156609'}
2025-09-15 10:47:16,011 - INFO - Cross-account coordination started
2025-09-15 10:47:16,012 - INFO - Cross-account coordination started for buy orders
2025-09-15 10:47:16,026 - INFO - Buy button disabled to prevent duplicate orders
2025-09-15 10:47:16,027 - INFO - Order data saved to orders.csv
2025-09-15 10:47:16,028 - INFO - Cancel Buy and Modify Buy buttons enabled after buy orders placed
2025-09-15 10:47:16,028 - INFO - Account 2 - B PENDING NewAck
2025-09-15 10:47:16,030 - INFO - Exit button kept disabled until buy orders are completed
2025-09-15 10:47:16,037 - INFO - Child order status updated: Buy Order PENDING @ 5.00
2025-09-15 10:47:16,040 - INFO - New order received: 25091500156609
2025-09-15 10:47:16,041 - INFO - Order status debug - status: 'PENDING', reporttype: 'NewAck', trantype: 'B', price: '5.00'
2025-09-15 10:47:16,049 - INFO - Updating order 25091500156610
2025-09-15 10:47:16,049 - INFO - Order status debug - status: 'PENDING', reporttype: 'PendingNew', trantype: 'B', price: '5.00'
2025-09-15 10:47:16,054 - ERROR - Error processing order update for account 2: Must have equal len keys and value when setting with an iterable
2025-09-15 10:47:16,054 - INFO - Master order status updated: Buy Order PENDING @ 5.00
2025-09-15 10:47:16,059 - INFO - Child order status updated: Buy Order PENDING @ 5.00
2025-09-15 10:47:16,060 - INFO - Order data saved to orders.csv
2025-09-15 10:47:16,064 - INFO - Account 1 - B PENDING NewAck
2025-09-15 10:47:16,067 - INFO - Updating order 25091500156609
2025-09-15 10:47:16,067 - INFO - Order status debug - status: 'REJECTED', reporttype: 'Rejected', trantype: 'B', price: '5.00'
2025-09-15 10:47:16,072 - ERROR - Error processing order update for account 1: Must have equal len keys and value when setting with an iterable
2025-09-15 10:47:16,072 - INFO - Updating order 25091500156610
2025-09-15 10:47:16,073 - INFO - Order status debug - status: 'OPEN', reporttype: 'New', trantype: 'B', price: '5.00'
2025-09-15 10:47:16,073 - INFO - Master order status updated: Order Rejected: RED:RULE:{Allow CAC credit but disallow collateral and daylong cash for option buy}Shortfall:INR 47.78 Available:INR 327.22 for C-FA32246 [SHOONYA]
2025-09-15 10:47:16,080 - ERROR - Error processing order update for account 2: Must have equal len keys and value when setting with an iterable
2025-09-15 10:47:16,083 - INFO - Child order status updated: Buy Order Open @ 5.00
2025-09-15 10:47:16,820 - INFO - PnL updated for account 2 (active): 0.0
2025-09-15 10:47:16,821 - INFO - Order state updated - Master: None, Child: PENDING
2025-09-15 10:47:16,821 - INFO - Checking coordination - Master: None, Child: PENDING
2025-09-15 10:47:16,880 - INFO - PnL updated for account 1 (active): 0.0
2025-09-15 10:47:16,881 - INFO - Order state updated - Master: PENDING, Child: PENDING
2025-09-15 10:47:16,882 - INFO - Checking coordination - Master: PENDING, Child: PENDING
2025-09-15 10:47:42,399 - INFO - Order 25091500156610 cancelled successfully
2025-09-15 10:47:42,400 - INFO - Updating order 25091500156610
2025-09-15 10:47:42,400 - INFO - Order status debug - status: 'PENDING', reporttype: 'PendingCancel', trantype: 'B', price: '5.00'
2025-09-15 10:47:42,401 - INFO - Child buy order cancelled successfully
2025-09-15 10:47:42,403 - ERROR - Error processing order update for account 2: Must have equal len keys and value when setting with an iterable
2025-09-15 10:47:42,404 - INFO - Child order status updated: Buy Order PENDING @ 5.00
2025-09-15 10:47:42,433 - INFO - Updating order 25091500156610
2025-09-15 10:47:42,433 - INFO - Order status debug - status: 'CANCELED', reporttype: 'Canceled', trantype: 'B', price: '5.00'
2025-09-15 10:47:42,435 - ERROR - Error processing order update for account 2: Must have equal len keys and value when setting with an iterable
2025-09-15 10:47:42,436 - INFO - Child order status updated: Buy Order CANCELED @ 5.00
2025-09-15 10:48:01,753 - INFO - Getting token and lot size for trading symbol: NIFTY16SEP25C25500
2025-09-15 10:48:01,753 - INFO - Found NFO token and lot size for NIFTY16SEP25C25500: 44828, 75
2025-09-15 10:48:01,769 - INFO - Generated quantity options for lot size 75: ['75', '150', '225', '300', '375', '450', '525', '600', '675', '750']
2025-09-15 10:48:01,777 - INFO - Updated quantity options for NIFTY16SEP25C25500 with lot size 75: ['75', '150', '225', '300', '375', '450', '525', '600', '675', '750']
2025-09-15 10:48:01,777 - INFO - Getting token for trading symbol: NIFTY16SEP25C25500
2025-09-15 10:48:01,787 - INFO - Found NFO token for NIFTY16SEP25C25500: 44828
2025-09-15 10:48:02,379 - INFO - Modify price fields cleared after auto-fetch
2025-09-15 10:48:02,380 - INFO - Getting token for trading symbol: NIFTY16SEP25C25500
2025-09-15 10:48:02,386 - INFO - Found NFO token for NIFTY16SEP25C25500: 44828
2025-09-15 10:48:02,386 - INFO - Unsubscribed from previous: NFO|44744
2025-09-15 10:48:02,386 - INFO - Subscribed to live price feed via master account: NFO|44828
2025-09-15 10:48:02,386 - INFO - Auto-subscribed to NIFTY16SEP25C25500 at price 1.6
2025-09-15 10:48:07,868 - INFO - Getting token and lot size for trading symbol: NIFTY16SEP25C25400
2025-09-15 10:48:07,887 - INFO - Found NFO token and lot size for NIFTY16SEP25C25400: 44796, 75
2025-09-15 10:48:07,887 - INFO - Generated quantity options for lot size 75: ['75', '150', '225', '300', '375', '450', '525', '600', '675', '750']
2025-09-15 10:48:07,887 - INFO - Updated quantity options for NIFTY16SEP25C25400 with lot size 75: ['75', '150', '225', '300', '375', '450', '525', '600', '675', '750']
2025-09-15 10:48:07,887 - INFO - Getting token for trading symbol: NIFTY16SEP25C25400
2025-09-15 10:48:07,900 - INFO - Found NFO token for NIFTY16SEP25C25400: 44796
2025-09-15 10:48:08,453 - INFO - Modify price fields cleared after auto-fetch
2025-09-15 10:48:08,453 - INFO - Getting token for trading symbol: NIFTY16SEP25C25400
2025-09-15 10:48:08,457 - INFO - Found NFO token for NIFTY16SEP25C25400: 44796
2025-09-15 10:48:08,458 - INFO - Unsubscribed from previous: NFO|44828
2025-09-15 10:48:08,459 - INFO - Subscribed to live price feed via master account: NFO|44796
2025-09-15 10:48:08,460 - INFO - Auto-subscribed to NIFTY16SEP25C25400 at price 2.45
2025-09-15 10:49:50,924 - INFO - Getting token and lot size for trading symbol: NIFTY16SEP25C25400
2025-09-15 10:49:50,934 - INFO - Found NFO token and lot size for NIFTY16SEP25C25400: 44796, 75
2025-09-15 10:49:50,935 - INFO - Generated quantity options for lot size 75: ['75', '150', '225', '300', '375', '450', '525', '600', '675', '750']
2025-09-15 10:49:50,936 - INFO - Updated quantity options for NIFTY16SEP25C25400 with lot size 75: ['75', '150', '225', '300', '375', '450', '525', '600', '675', '750']
2025-09-15 10:49:50,937 - INFO - Getting token and lot size for trading symbol: NIFTY16SEP25C25400
2025-09-15 10:49:50,946 - INFO - Found NFO token and lot size for NIFTY16SEP25C25400: 44796, 75
2025-09-15 10:49:50,947 - INFO - Using same quantity for both accounts: 75 (lot size: 75)
2025-09-15 10:49:50,947 - INFO - Active accounts: [1, 2]
2025-09-15 10:49:50,948 - INFO - Placing buy orders for accounts: [1, 2]
2025-09-15 10:49:50,949 - INFO - Trading symbol: NIFTY16SEP25C25400, Price: 2.0
2025-09-15 10:49:50,950 - INFO - Quantities: [75, 75]
2025-09-15 10:49:50,950 - INFO - Account 1: API=True, Qty=75, Active=True
2025-09-15 10:49:50,952 - INFO - Placing order for account 1 with parameters: {'buy_or_sell': 'B', 'product_type': 'I', 'exchange': 'NFO', 'tradingsymbol': 'NIFTY16SEP25C25400', 'quantity': 75, 'discloseqty': 0, 'price_type': 'LMT', 'price': 2.0, 'trigger_price': None, 'retention': 'DAY', 'amo': 'NO', 'remarks': None}
2025-09-15 10:49:50,952 - INFO - Account 2: API=True, Qty=75, Active=True
2025-09-15 10:49:50,954 - INFO - API instance for account 1: True
2025-09-15 10:49:50,956 - INFO - Placing order for account 2 with parameters: {'buy_or_sell': 'B', 'product_type': 'I', 'exchange': 'NFO', 'tradingsymbol': 'NIFTY16SEP25C25400', 'quantity': 75, 'discloseqty': 0, 'price_type': 'LMT', 'price': 2.0, 'trigger_price': None, 'retention': 'DAY', 'amo': 'NO', 'remarks': None}
2025-09-15 10:49:50,959 - INFO - API instance for account 2: True
2025-09-15 10:49:51,679 - INFO - API response: {'request_time': '10:49:52 15-09-2025', 'stat': 'Ok', 'norenordno': '25091500159960'}
2025-09-15 10:49:51,679 - INFO - API response type: <class 'dict'>
2025-09-15 10:49:51,679 - INFO - Buy order placed successfully: {'request_time': '10:49:52 15-09-2025', 'stat': 'Ok', 'norenordno': '25091500159960'}
2025-09-15 10:49:51,722 - INFO - API response: {'request_time': '10:49:52 15-09-2025', 'stat': 'Ok', 'norenordno': '25091500159962'}
2025-09-15 10:49:51,723 - INFO - API response type: <class 'dict'>
2025-09-15 10:49:51,724 - INFO - New order received: 25091500159962
2025-09-15 10:49:51,724 - INFO - Order status debug - status: 'PENDING', reporttype: 'NewAck', trantype: 'B', price: '2.00'
2025-09-15 10:49:51,725 - INFO - Buy order placed successfully: {'request_time': '10:49:52 15-09-2025', 'stat': 'Ok', 'norenordno': '25091500159962'}
2025-09-15 10:49:51,731 - INFO - Cross-account coordination started
2025-09-15 10:49:51,740 - INFO - Cross-account coordination started for buy orders
2025-09-15 10:49:51,742 - INFO - Order data saved to orders.csv
2025-09-15 10:49:51,743 - INFO - Account 2 - B PENDING NewAck
2025-09-15 10:49:51,744 - INFO - Buy button disabled to prevent duplicate orders
2025-09-15 10:49:51,748 - INFO - Cancel Buy and Modify Buy buttons enabled after buy orders placed
2025-09-15 10:49:51,748 - INFO - Exit button kept disabled until buy orders are completed
2025-09-15 10:49:51,749 - INFO - Child order status updated: Buy Order PENDING @ 2.00
2025-09-15 10:49:51,753 - INFO - New order received: 25091500159960
2025-09-15 10:49:51,753 - INFO - Order status debug - status: 'PENDING', reporttype: 'NewAck', trantype: 'B', price: '2.00'
2025-09-15 10:49:51,764 - INFO - Updating order 25091500159962
2025-09-15 10:49:51,764 - INFO - Order status debug - status: 'PENDING', reporttype: 'PendingNew', trantype: 'B', price: '2.00'
2025-09-15 10:49:51,768 - ERROR - Error processing order update for account 2: Must have equal len keys and value when setting with an iterable
2025-09-15 10:49:51,768 - INFO - Master order status updated: Buy Order PENDING @ 2.00
2025-09-15 10:49:51,769 - INFO - Order data saved to orders.csv
2025-09-15 10:49:51,772 - INFO - Account 1 - B PENDING NewAck
2025-09-15 10:49:51,772 - INFO - Child order status updated: Buy Order PENDING @ 2.00
2025-09-15 10:49:51,775 - INFO - Updating order 25091500159960
2025-09-15 10:49:51,776 - INFO - Order status debug - status: 'PENDING', reporttype: 'PendingNew', trantype: 'B', price: '2.00'
2025-09-15 10:49:51,779 - ERROR - Error processing order update for account 1: Must have equal len keys and value when setting with an iterable
2025-09-15 10:49:51,781 - INFO - Updating order 25091500159962
2025-09-15 10:49:51,781 - INFO - Order status debug - status: 'OPEN', reporttype: 'New', trantype: 'B', price: '2.00'
2025-09-15 10:49:51,782 - INFO - Master order status updated: Buy Order PENDING @ 2.00
2025-09-15 10:49:51,784 - ERROR - Error processing order update for account 2: Must have equal len keys and value when setting with an iterable
2025-09-15 10:49:51,784 - INFO - Child order status updated: Buy Order Open @ 2.00
2025-09-15 10:49:51,788 - INFO - Updating order 25091500159960
2025-09-15 10:49:51,788 - INFO - Order status debug - status: 'OPEN', reporttype: 'New', trantype: 'B', price: '2.00'
2025-09-15 10:49:51,792 - ERROR - Error processing order update for account 1: Must have equal len keys and value when setting with an iterable
2025-09-15 10:49:51,792 - INFO - Master order status updated: Buy Order Open @ 2.00
2025-09-15 10:49:52,526 - INFO - PnL updated for account 2 (active): 0.0
2025-09-15 10:49:52,528 - INFO - Order state updated - Master: None, Child: PENDING
2025-09-15 10:49:52,529 - INFO - Checking coordination - Master: None, Child: PENDING
2025-09-15 10:49:52,580 - INFO - PnL updated for account 1 (active): 0.0
2025-09-15 10:49:52,580 - INFO - Order state updated - Master: PENDING, Child: PENDING
2025-09-15 10:49:52,581 - INFO - Checking coordination - Master: PENDING, Child: PENDING
2025-09-15 10:50:03,086 - INFO - Getting token and lot size for trading symbol: NIFTY16SEP25C25400
2025-09-15 10:50:03,093 - INFO - Found NFO token and lot size for NIFTY16SEP25C25400: 44796, 75
2025-09-15 10:50:03,094 - INFO - Generated quantity options for lot size 75: ['75', '150', '225', '300', '375', '450', '525', '600', '675', '750']
2025-09-15 10:50:03,096 - INFO - Updated quantity options for NIFTY16SEP25C25400 with lot size 75: ['75', '150', '225', '300', '375', '450', '525', '600', '675', '750']
2025-09-15 10:50:03,097 - INFO - Modify Buy box populated with current LTP: 2.50
2025-09-15 10:50:07,234 - INFO - Getting token and lot size for trading symbol: NIFTY16SEP25C25400
2025-09-15 10:50:07,239 - INFO - Found NFO token and lot size for NIFTY16SEP25C25400: 44796, 75
2025-09-15 10:50:07,239 - INFO - Generated quantity options for lot size 75: ['75', '150', '225', '300', '375', '450', '525', '600', '675', '750']
2025-09-15 10:50:07,239 - INFO - Updated quantity options for NIFTY16SEP25C25400 with lot size 75: ['75', '150', '225', '300', '375', '450', '525', '600', '675', '750']
2025-09-15 10:50:07,239 - INFO - Getting token and lot size for trading symbol: NIFTY16SEP25C25400
2025-09-15 10:50:07,252 - INFO - Found NFO token and lot size for NIFTY16SEP25C25400: 44796, 75
2025-09-15 10:50:07,252 - INFO - Using same quantity for both accounts: 75 (lot size: 75)
2025-09-15 10:50:07,921 - INFO - Order 25091500159960 modified successfully
2025-09-15 10:50:07,960 - INFO - Order 25091500159962 modified successfully
2025-09-15 10:50:07,963 - INFO - Updating order 25091500159962
2025-09-15 10:50:07,964 - INFO - Order status debug - status: 'PENDING', reporttype: 'ModAck', trantype: 'B', price: '2.05'
2025-09-15 10:50:07,967 - ERROR - Error processing order update for account 2: Must have equal len keys and value when setting with an iterable
2025-09-15 10:50:07,972 - INFO - Updating order 25091500159960
2025-09-15 10:50:07,973 - INFO - Order status debug - status: 'PENDING', reporttype: 'ModAck', trantype: 'B', price: '2.05'
2025-09-15 10:50:07,976 - ERROR - Error processing order update for account 1: Must have equal len keys and value when setting with an iterable
2025-09-15 10:50:07,977 - INFO - Child order status updated: Buy Order PENDING @ 2.05
2025-09-15 10:50:07,980 - INFO - Master order status updated: Buy Order PENDING @ 2.05
2025-09-15 10:50:07,981 - INFO - Updating order 25091500159962
2025-09-15 10:50:07,981 - INFO - Order status debug - status: 'PENDING', reporttype: 'PendingReplace', trantype: 'B', price: '2.05'
2025-09-15 10:50:07,983 - ERROR - Error processing order update for account 2: Must have equal len keys and value when setting with an iterable
2025-09-15 10:50:07,985 - INFO - Updating order 25091500159960
2025-09-15 10:50:07,986 - INFO - Order status debug - status: 'PENDING', reporttype: 'PendingReplace', trantype: 'B', price: '2.05'
2025-09-15 10:50:07,986 - INFO - Child order status updated: Buy Order PENDING @ 2.05
2025-09-15 10:50:07,990 - ERROR - Error processing order update for account 1: Must have equal len keys and value when setting with an iterable
2025-09-15 10:50:07,992 - INFO - Master order status updated: Buy Order PENDING @ 2.05
2025-09-15 10:50:07,998 - INFO - Updating order 25091500159962
2025-09-15 10:50:07,998 - INFO - Order status debug - status: 'OPEN', reporttype: 'Replaced', trantype: 'B', price: '2.05'
2025-09-15 10:50:07,999 - INFO - Updating order 25091500159960
2025-09-15 10:50:07,999 - INFO - Order status debug - status: 'OPEN', reporttype: 'Replaced', trantype: 'B', price: '2.05'
2025-09-15 10:50:08,001 - ERROR - Error processing order update for account 2: Must have equal len keys and value when setting with an iterable
2025-09-15 10:50:08,003 - ERROR - Error processing order update for account 1: Must have equal len keys and value when setting with an iterable
2025-09-15 10:50:08,003 - INFO - Child order status updated: Buy Order OPEN @ 2.05
2025-09-15 10:50:08,004 - INFO - Master order status updated: Buy Order OPEN @ 2.05
2025-09-15 10:50:13,313 - INFO - SL price suggested: 2.48 (1% below LTP: 2.5)
2025-09-15 10:50:22,082 - INFO - Target price suggested: 2.52 (1% above LTP: 2.5)
2025-09-15 10:50:35,149 - INFO - Order 25091500159960 cancelled successfully
2025-09-15 10:50:35,150 - INFO - Updating order 25091500159960
2025-09-15 10:50:35,150 - INFO - Order status debug - status: 'PENDING', reporttype: 'PendingCancel', trantype: 'B', price: '2.05'
2025-09-15 10:50:35,152 - ERROR - Error processing order update for account 1: Must have equal len keys and value when setting with an iterable
2025-09-15 10:50:35,153 - INFO - Master buy order cancelled successfully
2025-09-15 10:50:35,155 - INFO - Master order status updated: Buy Order PENDING @ 2.05
2025-09-15 10:50:35,169 - INFO - Updating order 25091500159960
2025-09-15 10:50:35,170 - INFO - Order status debug - status: 'CANCELED', reporttype: 'Canceled', trantype: 'B', price: '2.05'
2025-09-15 10:50:35,173 - ERROR - Error processing order update for account 1: Must have equal len keys and value when setting with an iterable
2025-09-15 10:50:35,175 - INFO - Master order status updated: Buy Order CANCELED @ 2.05
2025-09-15 10:50:38,039 - INFO - Order 25091500159962 cancelled successfully
2025-09-15 10:50:38,039 - INFO - Updating order 25091500159962
2025-09-15 10:50:38,046 - INFO - Order status debug - status: 'PENDING', reporttype: 'PendingCancel', trantype: 'B', price: '2.05'
2025-09-15 10:50:38,052 - ERROR - Error processing order update for account 2: Must have equal len keys and value when setting with an iterable
2025-09-15 10:50:38,053 - INFO - Child buy order cancelled successfully
2025-09-15 10:50:38,056 - INFO - Child order status updated: Buy Order PENDING @ 2.05
2025-09-15 10:50:38,073 - INFO - Updating order 25091500159962
2025-09-15 10:50:38,073 - INFO - Order status debug - status: 'CANCELED', reporttype: 'Canceled', trantype: 'B', price: '2.05'
2025-09-15 10:50:38,077 - ERROR - Error processing order update for account 2: Must have equal len keys and value when setting with an iterable
2025-09-15 10:50:38,078 - INFO - Child order status updated: Buy Order CANCELED @ 2.05
2025-09-15 10:53:27,548 - INFO - Getting token and lot size for trading symbol: NIFTY16SEP25C25300
2025-09-15 10:53:27,556 - INFO - Found NFO token and lot size for NIFTY16SEP25C25300: 44744, 75
2025-09-15 10:53:27,556 - INFO - Generated quantity options for lot size 75: ['75', '150', '225', '300', '375', '450', '525', '600', '675', '750']
2025-09-15 10:53:27,556 - INFO - Updated quantity options for NIFTY16SEP25C25300 with lot size 75: ['75', '150', '225', '300', '375', '450', '525', '600', '675', '750']
2025-09-15 10:53:27,557 - INFO - Getting token for trading symbol: NIFTY16SEP25C25300
2025-09-15 10:53:27,562 - INFO - Found NFO token for NIFTY16SEP25C25300: 44744
2025-09-15 10:53:28,146 - INFO - Modify price fields cleared after auto-fetch
2025-09-15 10:53:28,146 - INFO - Getting token for trading symbol: NIFTY16SEP25C25300
2025-09-15 10:53:28,153 - INFO - Found NFO token for NIFTY16SEP25C25300: 44744
2025-09-15 10:53:28,154 - INFO - Unsubscribed from previous: NFO|44796
2025-09-15 10:53:28,154 - INFO - Subscribed to live price feed via master account: NFO|44744
2025-09-15 10:53:28,154 - INFO - Auto-subscribed to NIFTY16SEP25C25300 at price 5.45
2025-09-15 10:54:33,620 - INFO - Getting token and lot size for trading symbol: NIFTY16SEP25C25400
2025-09-15 10:54:33,622 - INFO - Found NFO token and lot size for NIFTY16SEP25C25400: 44796, 75
2025-09-15 10:54:33,622 - INFO - Generated quantity options for lot size 75: ['75', '150', '225', '300', '375', '450', '525', '600', '675', '750']
2025-09-15 10:54:33,622 - INFO - Updated quantity options for NIFTY16SEP25C25400 with lot size 75: ['75', '150', '225', '300', '375', '450', '525', '600', '675', '750']
2025-09-15 10:54:33,622 - INFO - Getting token for trading symbol: NIFTY16SEP25C25400
2025-09-15 10:54:33,637 - INFO - Found NFO token for NIFTY16SEP25C25400: 44796
2025-09-15 10:54:34,220 - INFO - Modify price fields cleared after auto-fetch
2025-09-15 10:54:34,221 - INFO - Getting token for trading symbol: NIFTY16SEP25C25400
2025-09-15 10:54:34,230 - INFO - Found NFO token for NIFTY16SEP25C25400: 44796
2025-09-15 10:54:34,231 - INFO - Unsubscribed from previous: NFO|44744
2025-09-15 10:54:34,232 - INFO - Subscribed to live price feed via master account: NFO|44796
2025-09-15 10:54:34,232 - INFO - Auto-subscribed to NIFTY16SEP25C25400 at price 2.5
2025-09-15 10:54:43,434 - INFO - Getting token and lot size for trading symbol: NIFTY16SEP25C25400
2025-09-15 10:54:43,448 - INFO - Found NFO token and lot size for NIFTY16SEP25C25400: 44796, 75
2025-09-15 10:54:43,448 - INFO - Generated quantity options for lot size 75: ['75', '150', '225', '300', '375', '450', '525', '600', '675', '750']
2025-09-15 10:54:43,450 - INFO - Updated quantity options for NIFTY16SEP25C25400 with lot size 75: ['75', '150', '225', '300', '375', '450', '525', '600', '675', '750']
2025-09-15 10:54:43,453 - INFO - Getting token and lot size for trading symbol: NIFTY16SEP25C25400
2025-09-15 10:54:43,461 - INFO - Found NFO token and lot size for NIFTY16SEP25C25400: 44796, 75
2025-09-15 10:54:43,462 - INFO - Using same quantity for both accounts: 75 (lot size: 75)
2025-09-15 10:54:43,462 - INFO - Active accounts: [1, 2]
2025-09-15 10:54:43,462 - INFO - Placing buy orders for accounts: [1, 2]
2025-09-15 10:54:43,463 - INFO - Trading symbol: NIFTY16SEP25C25400, Price: 2.3
2025-09-15 10:54:43,464 - INFO - Quantities: [75, 75]
2025-09-15 10:54:43,464 - INFO - Account 1: API=True, Qty=75, Active=True
2025-09-15 10:54:43,466 - INFO - Placing order for account 1 with parameters: {'buy_or_sell': 'B', 'product_type': 'I', 'exchange': 'NFO', 'tradingsymbol': 'NIFTY16SEP25C25400', 'quantity': 75, 'discloseqty': 0, 'price_type': 'LMT', 'price': 2.3, 'trigger_price': None, 'retention': 'DAY', 'amo': 'NO', 'remarks': None}
2025-09-15 10:54:43,466 - INFO - Account 2: API=True, Qty=75, Active=True
2025-09-15 10:54:43,466 - INFO - API instance for account 1: True
2025-09-15 10:54:43,468 - INFO - Placing order for account 2 with parameters: {'buy_or_sell': 'B', 'product_type': 'I', 'exchange': 'NFO', 'tradingsymbol': 'NIFTY16SEP25C25400', 'quantity': 75, 'discloseqty': 0, 'price_type': 'LMT', 'price': 2.3, 'trigger_price': None, 'retention': 'DAY', 'amo': 'NO', 'remarks': None}
2025-09-15 10:54:43,471 - INFO - API instance for account 2: True
2025-09-15 10:54:44,113 - INFO - API response: {'request_time': '10:54:44 15-09-2025', 'stat': 'Ok', 'norenordno': '25091500164558'}
2025-09-15 10:54:44,114 - INFO - API response type: <class 'dict'>
2025-09-15 10:54:44,116 - INFO - Buy order placed successfully: {'request_time': '10:54:44 15-09-2025', 'stat': 'Ok', 'norenordno': '25091500164558'}
2025-09-15 10:54:44,116 - INFO - New order received: 25091500164558
2025-09-15 10:54:44,116 - INFO - Order status debug - status: 'PENDING', reporttype: 'NewAck', trantype: 'B', price: '2.30'
2025-09-15 10:54:44,124 - INFO - Order data saved to orders.csv
2025-09-15 10:54:44,125 - INFO - Account 2 - B PENDING NewAck
2025-09-15 10:54:44,180 - INFO - API response: {'request_time': '10:54:44 15-09-2025', 'stat': 'Ok', 'norenordno': '25091500164559'}
2025-09-15 10:54:44,182 - INFO - API response type: <class 'dict'>
2025-09-15 10:54:44,183 - INFO - Buy order placed successfully: {'request_time': '10:54:44 15-09-2025', 'stat': 'Ok', 'norenordno': '25091500164559'}
2025-09-15 10:54:44,185 - INFO - Cross-account coordination started
2025-09-15 10:54:44,185 - INFO - Cross-account coordination started for buy orders
2025-09-15 10:54:44,187 - INFO - Buy button disabled to prevent duplicate orders
2025-09-15 10:54:44,188 - INFO - Cancel Buy and Modify Buy buttons enabled after buy orders placed
2025-09-15 10:54:44,191 - INFO - Exit button kept disabled until buy orders are completed
2025-09-15 10:54:44,194 - INFO - Child order status updated: Buy Order PENDING @ 2.30
2025-09-15 10:54:44,198 - INFO - New order received: 25091500164559
2025-09-15 10:54:44,199 - INFO - Order status debug - status: 'PENDING', reporttype: 'NewAck', trantype: 'B', price: '2.30'
2025-09-15 10:54:44,200 - INFO - Updating order 25091500164558
2025-09-15 10:54:44,201 - INFO - Order status debug - status: 'PENDING', reporttype: 'PendingNew', trantype: 'B', price: '2.30'
2025-09-15 10:54:44,210 - ERROR - Error processing order update for account 2: Must have equal len keys and value when setting with an iterable
2025-09-15 10:54:44,211 - INFO - Master order status updated: Buy Order PENDING @ 2.30
2025-09-15 10:54:44,214 - INFO - Child order status updated: Buy Order PENDING @ 2.30
2025-09-15 10:54:44,215 - INFO - Order data saved to orders.csv
2025-09-15 10:54:44,218 - INFO - Account 1 - B PENDING NewAck
2025-09-15 10:54:44,220 - INFO - Updating order 25091500164559
2025-09-15 10:54:44,221 - INFO - Order status debug - status: 'PENDING', reporttype: 'PendingNew', trantype: 'B', price: '2.30'
2025-09-15 10:54:44,222 - INFO - Updating order 25091500164558
2025-09-15 10:54:44,222 - INFO - Order status debug - status: 'OPEN', reporttype: 'New', trantype: 'B', price: '2.30'
2025-09-15 10:54:44,224 - ERROR - Error processing order update for account 1: Must have equal len keys and value when setting with an iterable
2025-09-15 10:54:44,226 - ERROR - Error processing order update for account 2: Must have equal len keys and value when setting with an iterable
2025-09-15 10:54:44,226 - INFO - Master order status updated: Buy Order PENDING @ 2.30
2025-09-15 10:54:44,227 - INFO - Child order status updated: Buy Order Open @ 2.30
2025-09-15 10:54:44,230 - INFO - Updating order 25091500164559
2025-09-15 10:54:44,230 - INFO - Order status debug - status: 'OPEN', reporttype: 'New', trantype: 'B', price: '2.30'
2025-09-15 10:54:44,231 - ERROR - Error processing order update for account 1: Must have equal len keys and value when setting with an iterable
2025-09-15 10:54:44,232 - INFO - Master order status updated: Buy Order Open @ 2.30
2025-09-15 10:54:44,941 - INFO - PnL updated for account 2 (active): 0.0
2025-09-15 10:54:44,941 - INFO - Order state updated - Master: None, Child: PENDING
2025-09-15 10:54:44,941 - INFO - Checking coordination - Master: None, Child: PENDING
2025-09-15 10:54:44,997 - INFO - PnL updated for account 1 (active): 0.0
2025-09-15 10:54:44,998 - INFO - Order state updated - Master: PENDING, Child: PENDING
2025-09-15 10:54:44,999 - INFO - Checking coordination - Master: PENDING, Child: PENDING
2025-09-15 10:54:47,672 - INFO - Getting token and lot size for trading symbol: NIFTY16SEP25C25400
2025-09-15 10:54:47,684 - INFO - Found NFO token and lot size for NIFTY16SEP25C25400: 44796, 75
2025-09-15 10:54:47,685 - INFO - Generated quantity options for lot size 75: ['75', '150', '225', '300', '375', '450', '525', '600', '675', '750']
2025-09-15 10:54:47,686 - INFO - Updated quantity options for NIFTY16SEP25C25400 with lot size 75: ['75', '150', '225', '300', '375', '450', '525', '600', '675', '750']
2025-09-15 10:54:47,687 - INFO - Modify Buy box populated with current LTP: 2.45
2025-09-15 10:54:51,880 - INFO - Getting token and lot size for trading symbol: NIFTY16SEP25C25400
2025-09-15 10:54:51,896 - INFO - Found NFO token and lot size for NIFTY16SEP25C25400: 44796, 75
2025-09-15 10:54:51,896 - INFO - Generated quantity options for lot size 75: ['75', '150', '225', '300', '375', '450', '525', '600', '675', '750']
2025-09-15 10:54:51,896 - INFO - Updated quantity options for NIFTY16SEP25C25400 with lot size 75: ['75', '150', '225', '300', '375', '450', '525', '600', '675', '750']
2025-09-15 10:54:51,896 - INFO - Getting token and lot size for trading symbol: NIFTY16SEP25C25400
2025-09-15 10:54:51,906 - INFO - Found NFO token and lot size for NIFTY16SEP25C25400: 44796, 75
2025-09-15 10:54:51,906 - INFO - Using same quantity for both accounts: 75 (lot size: 75)
2025-09-15 10:54:52,600 - INFO - Order 25091500164558 modified successfully
2025-09-15 10:54:52,610 - INFO - Updating order 25091500164558
2025-09-15 10:54:52,610 - INFO - Order status debug - status: 'PENDING', reporttype: 'ModAck', trantype: 'B', price: '2.40'
2025-09-15 10:54:52,610 - ERROR - Error processing order update for account 2: Must have equal len keys and value when setting with an iterable
2025-09-15 10:54:52,656 - INFO - Order 25091500164559 modified successfully
2025-09-15 10:54:52,658 - INFO - Updating order 25091500164559
2025-09-15 10:54:52,658 - INFO - Order status debug - status: 'PENDING', reporttype: 'ModAck', trantype: 'B', price: '2.40'
2025-09-15 10:54:52,661 - ERROR - Error processing order update for account 1: Must have equal len keys and value when setting with an iterable
2025-09-15 10:54:52,663 - INFO - Child order status updated: Buy Order PENDING @ 2.40
2025-09-15 10:54:52,663 - INFO - Master order status updated: Buy Order PENDING @ 2.40
2025-09-15 10:54:52,670 - INFO - Updating order 25091500164558
2025-09-15 10:54:52,671 - INFO - Order status debug - status: 'PENDING', reporttype: 'PendingReplace', trantype: 'B', price: '2.40'
2025-09-15 10:54:52,672 - INFO - Updating order 25091500164559
2025-09-15 10:54:52,672 - INFO - Order status debug - status: 'PENDING', reporttype: 'PendingReplace', trantype: 'B', price: '2.40'
2025-09-15 10:54:52,675 - ERROR - Error processing order update for account 2: Must have equal len keys and value when setting with an iterable
2025-09-15 10:54:52,679 - ERROR - Error processing order update for account 1: Must have equal len keys and value when setting with an iterable
2025-09-15 10:54:52,679 - INFO - Child order status updated: Buy Order PENDING @ 2.40
2025-09-15 10:54:52,681 - INFO - Master order status updated: Buy Order PENDING @ 2.40
2025-09-15 10:54:52,685 - INFO - Updating order 25091500164558
2025-09-15 10:54:52,686 - INFO - Order status debug - status: 'OPEN', reporttype: 'Replaced', trantype: 'B', price: '2.40'
2025-09-15 10:54:52,687 - INFO - Updating order 25091500164559
2025-09-15 10:54:52,688 - INFO - Order status debug - status: 'OPEN', reporttype: 'Replaced', trantype: 'B', price: '2.40'
2025-09-15 10:54:52,691 - ERROR - Error processing order update for account 2: Must have equal len keys and value when setting with an iterable
2025-09-15 10:54:52,694 - ERROR - Error processing order update for account 1: Must have equal len keys and value when setting with an iterable
2025-09-15 10:54:52,694 - INFO - Child order status updated: Buy Order OPEN @ 2.40
2025-09-15 10:54:52,695 - INFO - Master order status updated: Buy Order OPEN @ 2.40
2025-09-15 10:55:30,547 - INFO - Target price set to: 2.8 (monitoring will start after buy order is filled)
2025-09-15 10:55:53,724 - INFO - Order 25091500164558 cancelled successfully
2025-09-15 10:55:53,724 - INFO - Updating order 25091500164558
2025-09-15 10:55:53,724 - INFO - Order status debug - status: 'PENDING', reporttype: 'PendingCancel', trantype: 'B', price: '2.40'
2025-09-15 10:55:53,724 - ERROR - Error processing order update for account 2: Must have equal len keys and value when setting with an iterable
2025-09-15 10:55:53,767 - INFO - Order 25091500164559 cancelled successfully
2025-09-15 10:55:53,769 - INFO - Updating order 25091500164559
2025-09-15 10:55:53,770 - INFO - Order status debug - status: 'PENDING', reporttype: 'PendingCancel', trantype: 'B', price: '2.40'
2025-09-15 10:55:53,777 - ERROR - Error processing order update for account 1: Must have equal len keys and value when setting with an iterable
2025-09-15 10:55:53,783 - INFO - Buy button re-enabled after cancelling buy orders
2025-09-15 10:55:53,784 - INFO - SL and Target monitoring reset and fields cleared
2025-09-15 10:55:53,791 - INFO - Child order status updated: Buy Order PENDING @ 2.40
2025-09-15 10:55:53,792 - INFO - Master order status updated: Buy Order PENDING @ 2.40
2025-09-15 10:55:53,800 - INFO - Updating order 25091500164558
2025-09-15 10:55:53,801 - INFO - Order status debug - status: 'CANCELED', reporttype: 'Canceled', trantype: 'B', price: '2.40'
2025-09-15 10:55:53,809 - ERROR - Error processing order update for account 2: Must have equal len keys and value when setting with an iterable
2025-09-15 10:55:53,811 - INFO - Updating order 25091500164559
2025-09-15 10:55:53,812 - INFO - Order status debug - status: 'CANCELED', reporttype: 'Canceled', trantype: 'B', price: '2.40'
2025-09-15 10:55:53,814 - INFO - Child order status updated: Buy Order CANCELED @ 2.40
2025-09-15 10:55:53,817 - ERROR - Error processing order update for account 1: Must have equal len keys and value when setting with an iterable
2025-09-15 10:55:53,818 - INFO - Master order status updated: Buy Order CANCELED @ 2.40
2025-09-15 10:55:57,551 - INFO - Fetched NIFTY price: 25077.05
2025-09-15 10:55:57,552 - INFO - Index LTP for NIFTY: 25077.05
2025-09-15 10:55:58,152 - INFO - Fetched NIFTY price: 25077.0
2025-09-15 10:55:58,153 - INFO - Updated strikes for NIFTY PE based on price 25077.0: [24500, 24550, 24600, 24650, 24700, 24750, 24800, 24850, 24900, 24950, 25000, 25050, 25100, 25150, 25200]
2025-09-15 10:55:58,153 - INFO - Getting token and lot size for trading symbol: NIFTY16SEP25P25400
2025-09-15 10:55:58,163 - INFO - Found NFO token and lot size for NIFTY16SEP25P25400: 44812, 75
2025-09-15 10:55:58,164 - INFO - Generated quantity options for lot size 75: ['75', '150', '225', '300', '375', '450', '525', '600', '675', '750']
2025-09-15 10:55:58,165 - INFO - Updated quantity options for NIFTY16SEP25P25400 with lot size 75: ['75', '150', '225', '300', '375', '450', '525', '600', '675', '750']
2025-09-15 10:57:12,570 - INFO - Getting token and lot size for trading symbol: NIFTY16SEP25P25400
2025-09-15 10:57:12,586 - INFO - Found NFO token and lot size for NIFTY16SEP25P25400: 44812, 75
2025-09-15 10:57:12,586 - INFO - Generated quantity options for lot size 75: ['75', '150', '225', '300', '375', '450', '525', '600', '675', '750']
2025-09-15 10:57:12,586 - INFO - Updated quantity options for NIFTY16SEP25P25400 with lot size 75: ['75', '150', '225', '300', '375', '450', '525', '600', '675', '750']
2025-09-15 10:57:12,586 - INFO - Getting token and lot size for trading symbol: NIFTY16SEP25P25400
2025-09-15 10:57:12,602 - INFO - Found NFO token and lot size for NIFTY16SEP25P25400: 44812, 75
2025-09-15 10:57:12,602 - INFO - Using same quantity for both accounts: 75 (lot size: 75)
2025-09-15 10:57:12,602 - INFO - Active accounts: [1, 2]
2025-09-15 10:57:12,602 - INFO - Placing buy orders for accounts: [1, 2]
2025-09-15 10:57:12,602 - INFO - Trading symbol: NIFTY16SEP25P25400, Price: 2.45
2025-09-15 10:57:12,602 - INFO - Quantities: [75, 75]
2025-09-15 10:57:12,602 - INFO - Account 1: API=True, Qty=75, Active=True
2025-09-15 10:57:12,609 - INFO - Placing order for account 1 with parameters: {'buy_or_sell': 'B', 'product_type': 'I', 'exchange': 'NFO', 'tradingsymbol': 'NIFTY16SEP25P25400', 'quantity': 75, 'discloseqty': 0, 'price_type': 'LMT', 'price': 2.45, 'trigger_price': None, 'retention': 'DAY', 'amo': 'NO', 'remarks': None}
2025-09-15 10:57:12,610 - INFO - Account 2: API=True, Qty=75, Active=True
2025-09-15 10:57:12,610 - INFO - API instance for account 1: True
2025-09-15 10:57:12,612 - INFO - Placing order for account 2 with parameters: {'buy_or_sell': 'B', 'product_type': 'I', 'exchange': 'NFO', 'tradingsymbol': 'NIFTY16SEP25P25400', 'quantity': 75, 'discloseqty': 0, 'price_type': 'LMT', 'price': 2.45, 'trigger_price': None, 'retention': 'DAY', 'amo': 'NO', 'remarks': None}
2025-09-15 10:57:12,612 - INFO - API instance for account 2: True
2025-09-15 10:57:13,332 - INFO - API response: {'request_time': '10:57:13 15-09-2025', 'stat': 'Ok', 'norenordno': '25091500166578'}
2025-09-15 10:57:13,332 - INFO - API response type: <class 'dict'>
2025-09-15 10:57:13,332 - INFO - New order received: 25091500166578
2025-09-15 10:57:13,332 - INFO - Order status debug - status: 'PENDING', reporttype: 'NewAck', trantype: 'B', price: '2.45'
2025-09-15 10:57:13,332 - INFO - Buy order placed successfully: {'request_time': '10:57:13 15-09-2025', 'stat': 'Ok', 'norenordno': '25091500166578'}
2025-09-15 10:57:13,357 - INFO - Order data saved to orders.csv
2025-09-15 10:57:13,358 - INFO - Account 2 - B PENDING NewAck
2025-09-15 10:57:13,368 - INFO - API response: {'request_time': '10:57:13 15-09-2025', 'stat': 'Ok', 'norenordno': '25091500166581'}
2025-09-15 10:57:13,369 - INFO - API response type: <class 'dict'>
2025-09-15 10:57:13,370 - INFO - Buy order placed successfully: {'request_time': '10:57:13 15-09-2025', 'stat': 'Ok', 'norenordno': '25091500166581'}
2025-09-15 10:57:13,371 - INFO - Cross-account coordination started
2025-09-15 10:57:13,372 - INFO - Cross-account coordination started for buy orders
2025-09-15 10:57:13,373 - INFO - Buy button disabled to prevent duplicate orders
2025-09-15 10:57:13,374 - INFO - Cancel Buy and Modify Buy buttons enabled after buy orders placed
2025-09-15 10:57:13,375 - INFO - Exit button kept disabled until buy orders are completed
2025-09-15 10:57:13,377 - INFO - Child order status updated: Buy Order PENDING @ 2.45
2025-09-15 10:57:13,382 - INFO - New order received: 25091500166581
2025-09-15 10:57:13,383 - INFO - Order status debug - status: 'PENDING', reporttype: 'NewAck', trantype: 'B', price: '2.45'
2025-09-15 10:57:13,385 - INFO - Updating order 25091500166578
2025-09-15 10:57:13,394 - INFO - Order status debug - status: 'PENDING', reporttype: 'PendingNew', trantype: 'B', price: '2.45'
2025-09-15 10:57:13,403 - ERROR - Error processing order update for account 2: Must have equal len keys and value when setting with an iterable
2025-09-15 10:57:13,410 - INFO - Master order status updated: Buy Order PENDING @ 2.45
2025-09-15 10:57:13,412 - INFO - Order data saved to orders.csv
2025-09-15 10:57:13,415 - INFO - Account 1 - B PENDING NewAck
2025-09-15 10:57:13,417 - INFO - Child order status updated: Buy Order PENDING @ 2.45
2025-09-15 10:57:13,423 - INFO - Updating order 25091500166581
2025-09-15 10:57:13,423 - INFO - Order status debug - status: 'PENDING', reporttype: 'PendingNew', trantype: 'B', price: '2.45'
2025-09-15 10:57:13,426 - ERROR - Error processing order update for account 1: Must have equal len keys and value when setting with an iterable
2025-09-15 10:57:13,431 - INFO - Updating order 25091500166578
2025-09-15 10:57:13,431 - INFO - Master order status updated: Buy Order PENDING @ 2.45
2025-09-15 10:57:13,432 - INFO - Order status debug - status: 'OPEN', reporttype: 'New', trantype: 'B', price: '2.45'
2025-09-15 10:57:13,436 - ERROR - Error processing order update for account 2: Must have equal len keys and value when setting with an iterable
2025-09-15 10:57:13,440 - INFO - Updating order 25091500166581
2025-09-15 10:57:13,440 - INFO - Order status debug - status: 'OPEN', reporttype: 'New', trantype: 'B', price: '2.45'
2025-09-15 10:57:13,440 - INFO - Child order status updated: Buy Order Open @ 2.45
2025-09-15 10:57:13,444 - ERROR - Error processing order update for account 1: Must have equal len keys and value when setting with an iterable
2025-09-15 10:57:13,446 - INFO - Master order status updated: Buy Order Open @ 2.45
2025-09-15 10:57:14,151 - INFO - PnL updated for account 2 (active): 0.0
2025-09-15 10:57:14,153 - INFO - Order state updated - Master: None, Child: PENDING
2025-09-15 10:57:14,153 - INFO - Checking coordination - Master: None, Child: PENDING
2025-09-15 10:57:14,179 - INFO - PnL updated for account 1 (active): 0.0
2025-09-15 10:57:14,180 - INFO - Order state updated - Master: PENDING, Child: PENDING
2025-09-15 10:57:14,180 - INFO - Checking coordination - Master: PENDING, Child: PENDING
2025-09-15 10:57:21,630 - INFO - Order 25091500166581 cancelled successfully
2025-09-15 10:57:21,634 - INFO - Updating order 25091500166581
2025-09-15 10:57:21,634 - INFO - Order status debug - status: 'PENDING', reporttype: 'PendingCancel', trantype: 'B', price: '2.45'
2025-09-15 10:57:21,638 - INFO - Order 25091500166578 cancelled successfully
2025-09-15 10:57:21,640 - ERROR - Error processing order update for account 1: Must have equal len keys and value when setting with an iterable
2025-09-15 10:57:21,644 - INFO - Updating order 25091500166578
2025-09-15 10:57:21,645 - INFO - Order status debug - status: 'PENDING', reporttype: 'PendingCancel', trantype: 'B', price: '2.45'
2025-09-15 10:57:21,650 - ERROR - Error processing order update for account 2: Must have equal len keys and value when setting with an iterable
2025-09-15 10:57:21,652 - INFO - Buy button re-enabled after cancelling buy orders
2025-09-15 10:57:21,654 - INFO - SL and Target monitoring reset and fields cleared
2025-09-15 10:57:21,655 - INFO - Master order status updated: Buy Order PENDING @ 2.45
2025-09-15 10:57:21,657 - INFO - Child order status updated: Buy Order PENDING @ 2.45
2025-09-15 10:57:21,778 - INFO - Updating order 25091500166581
2025-09-15 10:57:21,778 - INFO - Order status debug - status: 'CANCELED', reporttype: 'Canceled', trantype: 'B', price: '2.45'
2025-09-15 10:57:21,778 - INFO - Updating order 25091500166578
2025-09-15 10:57:21,779 - ERROR - Error processing order update for account 1: Must have equal len keys and value when setting with an iterable
2025-09-15 10:57:21,779 - INFO - Order status debug - status: 'CANCELED', reporttype: 'Canceled', trantype: 'B', price: '2.45'
2025-09-15 10:57:21,780 - ERROR - Error processing order update for account 2: Must have equal len keys and value when setting with an iterable
2025-09-15 10:57:21,781 - INFO - Master order status updated: Buy Order CANCELED @ 2.45
2025-09-15 10:57:21,782 - INFO - Child order status updated: Buy Order CANCELED @ 2.45
2025-09-15 10:57:24,272 - INFO - Fetched SENSEX price: 81823.86
2025-09-15 10:57:24,272 - INFO - Updated strikes for SENSEX PE based on price 81823.86: [80600, 80700, 80800, 80900, 81000, 81100, 81200, 81300, 81400, 81500, 81600, 81700, 81800, 81900, 82000]
2025-09-15 10:57:24,280 - INFO - Getting token and lot size for trading symbol: SENSEX2591825400PE
2025-09-15 10:57:24,286 - ERROR - No token found for SENSEX2591825400PE
2025-09-15 10:57:24,335 - INFO - Available SENSEX symbols (first 10): ['SENSEX5025SEP27800PE' 'SENSEX5025SEP27750PE' 'SENSEX5025SEP27700PE'
 'SENSEX5025SEP27650PE' 'SENSEX5025SEP27600PE' 'SENSEX5025SEP27550PE'
 'SENSEX5025SEP27500PE' 'SENSEX5025SEP27450PE' 'SENSEX5025SEP27400PE'
 'SENSEX5025SEP27350PE']
2025-09-15 10:57:24,337 - ERROR - Error in fallback conversion: time data '918' does not match format '%b'
2025-09-15 10:57:24,339 - WARNING - Lot size not found for SENSEX2591825400PE, using default quantities
2025-09-15 10:57:24,993 - INFO - Fetched SENSEX price: 81823.86
2025-09-15 10:57:24,994 - INFO - Updated strikes for SENSEX based on price 81823.86 and option PE: [80600, 80700, 80800, 80900, 81000, 81100, 81200, 81300, 81400, 81500, 81600, 81700, 81800, 81900, 82000]
2025-09-15 10:57:39,016 - INFO - Fetched SENSEX price: 81814.11
2025-09-15 10:57:39,016 - INFO - Index LTP for SENSEX: 81814.11
2025-09-15 10:57:39,623 - INFO - Fetched SENSEX price: 81812.99
2025-09-15 10:57:39,623 - INFO - Updated strikes for SENSEX CE based on price 81812.99: [81600, 81700, 81800, 81900, 82000, 82100, 82200, 82300, 82400, 82500, 82600, 82700, 82800, 82900, 83000]
2025-09-15 10:57:39,623 - INFO - Getting token and lot size for trading symbol: SENSEX2591825400CE
2025-09-15 10:57:39,626 - ERROR - No token found for SENSEX2591825400CE
2025-09-15 10:57:39,637 - INFO - Available SENSEX symbols (first 10): ['SENSEX5025SEP27800PE' 'SENSEX5025SEP27750PE' 'SENSEX5025SEP27700PE'
 'SENSEX5025SEP27650PE' 'SENSEX5025SEP27600PE' 'SENSEX5025SEP27550PE'
 'SENSEX5025SEP27500PE' 'SENSEX5025SEP27450PE' 'SENSEX5025SEP27400PE'
 'SENSEX5025SEP27350PE']
2025-09-15 10:57:39,638 - ERROR - Error in fallback conversion: time data '918' does not match format '%b'
2025-09-15 10:57:39,639 - WARNING - Lot size not found for SENSEX2591825400CE, using default quantities
2025-09-15 10:57:56,328 - INFO - Getting token and lot size for trading symbol: SENSEX2591883000CE
2025-09-15 10:57:56,331 - INFO - Found token and lot size for SENSEX2591883000CE: 862115, 20
2025-09-15 10:57:56,332 - INFO - Generated quantity options for lot size 20: ['20', '40', '60', '80', '100', '120', '140', '160', '180', '200']
2025-09-15 10:57:56,332 - INFO - Updated quantity options for SENSEX2591883000CE with lot size 20: ['20', '40', '60', '80', '100', '120', '140', '160', '180', '200']
2025-09-15 10:57:56,332 - INFO - Getting token for trading symbol: SENSEX2591883000CE
2025-09-15 10:57:56,338 - INFO - Found token for SENSEX2591883000CE: 862115
2025-09-15 10:57:56,941 - INFO - Modify price fields cleared after auto-fetch
2025-09-15 10:57:56,942 - INFO - Getting token for trading symbol: SENSEX2591883000CE
2025-09-15 10:57:56,949 - INFO - Found token for SENSEX2591883000CE: 862115
2025-09-15 10:57:56,950 - INFO - Unsubscribed from previous: NFO|44796
2025-09-15 10:57:56,951 - INFO - Subscribed to live price feed via master account: BFO|862115
2025-09-15 10:57:56,952 - INFO - Auto-subscribed to SENSEX2591883000CE at price 29.15
2025-09-15 10:58:22,965 - INFO - Getting token and lot size for trading symbol: SENSEX259188000CE
2025-09-15 10:58:22,972 - ERROR - No token found for SENSEX259188000CE
2025-09-15 10:58:22,995 - INFO - Available SENSEX symbols (first 10): ['SENSEX5025SEP27800PE' 'SENSEX5025SEP27750PE' 'SENSEX5025SEP27700PE'
 'SENSEX5025SEP27650PE' 'SENSEX5025SEP27600PE' 'SENSEX5025SEP27550PE'
 'SENSEX5025SEP27500PE' 'SENSEX5025SEP27450PE' 'SENSEX5025SEP27400PE'
 'SENSEX5025SEP27350PE']
2025-09-15 10:58:22,996 - ERROR - Error in fallback conversion: time data '918' does not match format '%b'
2025-09-15 10:58:22,997 - WARNING - Lot size not found for SENSEX259188000CE, using default quantities
2025-09-15 10:58:22,997 - INFO - Getting token for trading symbol: SENSEX259188000CE
2025-09-15 10:58:23,003 - ERROR - No token found for SENSEX259188000CE
2025-09-15 10:58:23,024 - INFO - Available SENSEX symbols (first 10): ['SENSEX5025SEP27800PE' 'SENSEX5025SEP27750PE' 'SENSEX5025SEP27700PE'
 'SENSEX5025SEP27650PE' 'SENSEX5025SEP27600PE' 'SENSEX5025SEP27550PE'
 'SENSEX5025SEP27500PE' 'SENSEX5025SEP27450PE' 'SENSEX5025SEP27400PE'
 'SENSEX5025SEP27350PE']
2025-09-15 10:58:23,028 - ERROR - Error in fallback conversion: time data '918' does not match format '%b'
2025-09-15 10:58:23,030 - WARNING - Could not fetch price for SENSEX259188000CE
2025-09-15 10:58:23,482 - INFO - Getting token and lot size for trading symbol: SENSEX2591884000CE
2025-09-15 10:58:23,484 - INFO - Found token and lot size for SENSEX2591884000CE: 862433, 20
2025-09-15 10:58:23,485 - INFO - Generated quantity options for lot size 20: ['20', '40', '60', '80', '100', '120', '140', '160', '180', '200']
2025-09-15 10:58:23,485 - INFO - Updated quantity options for SENSEX2591884000CE with lot size 20: ['20', '40', '60', '80', '100', '120', '140', '160', '180', '200']
2025-09-15 10:58:23,485 - INFO - Getting token for trading symbol: SENSEX2591884000CE
2025-09-15 10:58:23,490 - INFO - Found token for SENSEX2591884000CE: 862433
2025-09-15 10:58:24,082 - INFO - Modify price fields cleared after auto-fetch
2025-09-15 10:58:24,083 - INFO - Getting token for trading symbol: SENSEX2591884000CE
2025-09-15 10:58:24,088 - INFO - Found token for SENSEX2591884000CE: 862433
2025-09-15 10:58:24,089 - INFO - Unsubscribed from previous: BFO|862115
2025-09-15 10:58:24,090 - INFO - Subscribed to live price feed via master account: BFO|862433
2025-09-15 10:58:24,090 - INFO - Auto-subscribed to SENSEX2591884000CE at price 6.65
2025-09-15 10:59:42,131 - INFO - Getting token and lot size for trading symbol: SENSEX2591884000CE
2025-09-15 10:59:42,135 - INFO - Found token and lot size for SENSEX2591884000CE: 862433, 20
2025-09-15 10:59:42,135 - INFO - Generated quantity options for lot size 20: ['20', '40', '60', '80', '100', '120', '140', '160', '180', '200']
2025-09-15 10:59:42,135 - INFO - Updated quantity options for SENSEX2591884000CE with lot size 20: ['20', '40', '60', '80', '100', '120', '140', '160', '180', '200']
2025-09-15 10:59:42,135 - INFO - Getting token and lot size for trading symbol: SENSEX2591884000CE
2025-09-15 10:59:42,137 - INFO - Found token and lot size for SENSEX2591884000CE: 862433, 20
2025-09-15 10:59:42,139 - INFO - Using same quantity for both accounts: 20 (lot size: 20)
2025-09-15 10:59:42,139 - INFO - Active accounts: [1, 2]
2025-09-15 10:59:42,139 - INFO - Placing buy orders for accounts: [1, 2]
2025-09-15 10:59:42,139 - INFO - Trading symbol: SENSEX2591884000CE, Price: 6.2
2025-09-15 10:59:42,139 - INFO - Quantities: [20, 20]
2025-09-15 10:59:42,140 - INFO - Account 1: API=True, Qty=20, Active=True
2025-09-15 10:59:42,140 - INFO - Placing order for account 1 with parameters: {'buy_or_sell': 'B', 'product_type': 'I', 'exchange': 'BFO', 'tradingsymbol': 'SENSEX2591884000CE', 'quantity': 20, 'discloseqty': 0, 'price_type': 'LMT', 'price': 6.2, 'trigger_price': None, 'retention': 'DAY', 'amo': 'NO', 'remarks': None}
2025-09-15 10:59:42,140 - INFO - Account 2: API=True, Qty=20, Active=True
2025-09-15 10:59:42,141 - INFO - API instance for account 1: True
2025-09-15 10:59:42,141 - INFO - Placing order for account 2 with parameters: {'buy_or_sell': 'B', 'product_type': 'I', 'exchange': 'BFO', 'tradingsymbol': 'SENSEX2591884000CE', 'quantity': 20, 'discloseqty': 0, 'price_type': 'LMT', 'price': 6.2, 'trigger_price': None, 'retention': 'DAY', 'amo': 'NO', 'remarks': None}
2025-09-15 10:59:42,143 - INFO - API instance for account 2: True
2025-09-15 10:59:42,949 - INFO - API response: {'request_time': '10:59:43 15-09-2025', 'stat': 'Ok', 'norenordno': '25091500168196'}
2025-09-15 10:59:42,949 - INFO - API response type: <class 'dict'>
2025-09-15 10:59:42,950 - INFO - New order received: 25091500168196
2025-09-15 10:59:42,950 - INFO - Order status debug - status: 'PENDING', reporttype: 'NewAck', trantype: 'B', price: '6.20'
2025-09-15 10:59:42,950 - INFO - Buy order placed successfully: {'request_time': '10:59:43 15-09-2025', 'stat': 'Ok', 'norenordno': '25091500168196'}
2025-09-15 10:59:42,955 - INFO - API response: {'request_time': '10:59:43 15-09-2025', 'stat': 'Ok', 'norenordno': '25091500168197'}
2025-09-15 10:59:42,957 - INFO - Order data saved to orders.csv
2025-09-15 10:59:42,957 - INFO - API response type: <class 'dict'>
2025-09-15 10:59:42,958 - INFO - Account 2 - B PENDING NewAck
2025-09-15 10:59:42,959 - INFO - New order received: 25091500168197
2025-09-15 10:59:42,959 - INFO - Order status debug - status: 'PENDING', reporttype: 'NewAck', trantype: 'B', price: '6.20'
2025-09-15 10:59:42,959 - INFO - Buy order placed successfully: {'request_time': '10:59:43 15-09-2025', 'stat': 'Ok', 'norenordno': '25091500168197'}
2025-09-15 10:59:42,966 - INFO - Order data saved to orders.csv
2025-09-15 10:59:42,967 - INFO - Account 1 - B PENDING NewAck
2025-09-15 10:59:42,968 - INFO - Cross-account coordination started
2025-09-15 10:59:42,970 - INFO - Cross-account coordination started for buy orders
2025-09-15 10:59:42,972 - INFO - Buy button disabled to prevent duplicate orders
2025-09-15 10:59:42,973 - INFO - Cancel Buy and Modify Buy buttons enabled after buy orders placed
2025-09-15 10:59:42,973 - INFO - Exit button kept disabled until buy orders are completed
2025-09-15 10:59:42,974 - INFO - Child order status updated: Buy Order PENDING @ 6.20
2025-09-15 10:59:42,974 - INFO - Master order status updated: Buy Order PENDING @ 6.20
2025-09-15 10:59:42,979 - INFO - Updating order 25091500168197
2025-09-15 10:59:42,979 - INFO - Order status debug - status: 'REJECTED', reporttype: 'Rejected', trantype: 'B', price: '6.20'
2025-09-15 10:59:42,980 - INFO - Updating order 25091500168196
2025-09-15 10:59:42,980 - INFO - Order status debug - status: 'REJECTED', reporttype: 'Rejected', trantype: 'B', price: '6.20'
2025-09-15 10:59:42,982 - ERROR - Error processing order update for account 1: Must have equal len keys and value when setting with an iterable
2025-09-15 10:59:42,985 - ERROR - Error processing order update for account 2: Must have equal len keys and value when setting with an iterable
2025-09-15 10:59:42,985 - INFO - Master order status updated: Order Rejected: RED:Block Type:NonSqroff Reason:MIS Intra-Day Orders are not allowed in BSE_FO[ FINV BFO I ]
2025-09-15 10:59:42,987 - INFO - Child order status updated: Order Rejected: RED:Block Type:NonSqroff Reason:MIS Intra-Day Orders are not allowed in BSE_FO[ FINV BFO I ]
2025-09-15 10:59:43,784 - INFO - PnL updated for account 1 (active): 0.0
2025-09-15 10:59:43,790 - INFO - PnL updated for account 2 (active): 0.0
2025-09-15 10:59:43,790 - INFO - Order state updated - Master: PENDING, Child: None
2025-09-15 10:59:43,792 - INFO - Order state updated - Master: PENDING, Child: PENDING
2025-09-15 10:59:43,792 - INFO - Checking coordination - Master: PENDING, Child: PENDING
2025-09-15 10:59:43,794 - INFO - Checking coordination - Master: PENDING, Child: PENDING
2025-09-15 11:00:18,971 - INFO - Getting token and lot size for trading symbol: SENSEX2591882300CE
2025-09-15 11:00:18,975 - INFO - Found token and lot size for SENSEX2591882300CE: 862241, 20
2025-09-15 11:00:18,976 - INFO - Generated quantity options for lot size 20: ['20', '40', '60', '80', '100', '120', '140', '160', '180', '200']
2025-09-15 11:00:18,976 - INFO - Updated quantity options for SENSEX2591882300CE with lot size 20: ['20', '40', '60', '80', '100', '120', '140', '160', '180', '200']
2025-09-15 11:00:18,977 - INFO - Getting token for trading symbol: SENSEX2591882300CE
2025-09-15 11:00:18,983 - INFO - Found token for SENSEX2591882300CE: 862241
2025-09-15 11:00:19,548 - INFO - Modify price fields cleared after auto-fetch
2025-09-15 11:00:19,549 - INFO - Getting token for trading symbol: SENSEX2591882300CE
2025-09-15 11:00:19,553 - INFO - Found token for SENSEX2591882300CE: 862241
2025-09-15 11:00:19,554 - INFO - Unsubscribed from previous: BFO|862433
2025-09-15 11:00:19,554 - INFO - Subscribed to live price feed via master account: BFO|862241
2025-09-15 11:00:19,555 - INFO - Auto-subscribed to SENSEX2591882300CE at price 139.3
2025-09-15 11:00:32,824 - INFO - Order 25091500168196 cancelled successfully
2025-09-15 11:00:32,836 - INFO - Updating order 25091500168196
2025-09-15 11:00:32,836 - INFO - Order status debug - status: 'REJECTED', reporttype: 'CancelRejected', trantype: 'B', price: '6.20'
2025-09-15 11:00:32,840 - ERROR - Error processing order update for account 2: Must have equal len keys and value when setting with an iterable
2025-09-15 11:00:32,902 - INFO - Order 25091500168197 cancelled successfully
2025-09-15 11:00:32,903 - INFO - Updating order 25091500168197
2025-09-15 11:00:32,903 - INFO - Order status debug - status: 'REJECTED', reporttype: 'CancelRejected', trantype: 'B', price: '6.20'
2025-09-15 11:00:32,909 - ERROR - Error processing order update for account 1: Must have equal len keys and value when setting with an iterable
2025-09-15 11:00:32,911 - INFO - Buy button re-enabled after cancelling buy orders
2025-09-15 11:00:32,913 - INFO - SL and Target monitoring reset and fields cleared
2025-09-15 11:00:32,915 - INFO - Child order status updated: Order Rejected: SAF:order is not open to cancel
2025-09-15 11:00:32,915 - INFO - Master order status updated: Order Rejected: SAF:order is not open to cancel
2025-09-15 11:00:35,813 - INFO - Getting token and lot size for trading symbol: SENSEX2591882300CE
2025-09-15 11:00:35,816 - INFO - Found token and lot size for SENSEX2591882300CE: 862241, 20
2025-09-15 11:00:35,816 - INFO - Generated quantity options for lot size 20: ['20', '40', '60', '80', '100', '120', '140', '160', '180', '200']
2025-09-15 11:00:35,817 - INFO - Updated quantity options for SENSEX2591882300CE with lot size 20: ['20', '40', '60', '80', '100', '120', '140', '160', '180', '200']
2025-09-15 11:00:35,817 - INFO - Getting token and lot size for trading symbol: SENSEX2591882300CE
2025-09-15 11:00:35,819 - INFO - Found token and lot size for SENSEX2591882300CE: 862241, 20
2025-09-15 11:00:35,819 - INFO - Using same quantity for both accounts: 20 (lot size: 20)
2025-09-15 11:00:35,819 - INFO - Active accounts: [1, 2]
2025-09-15 11:00:35,820 - INFO - Placing buy orders for accounts: [1, 2]
2025-09-15 11:00:35,820 - INFO - Trading symbol: SENSEX2591882300CE, Price: 120.0
2025-09-15 11:00:35,821 - INFO - Quantities: [20, 20]
2025-09-15 11:00:35,821 - INFO - Account 1: API=True, Qty=20, Active=True
2025-09-15 11:00:35,822 - INFO - Placing order for account 1 with parameters: {'buy_or_sell': 'B', 'product_type': 'I', 'exchange': 'BFO', 'tradingsymbol': 'SENSEX2591882300CE', 'quantity': 20, 'discloseqty': 0, 'price_type': 'LMT', 'price': 120.0, 'trigger_price': None, 'retention': 'DAY', 'amo': 'NO', 'remarks': None}
2025-09-15 11:00:35,822 - INFO - Account 2: API=True, Qty=20, Active=True
2025-09-15 11:00:35,823 - INFO - API instance for account 1: True
2025-09-15 11:00:35,824 - INFO - Placing order for account 2 with parameters: {'buy_or_sell': 'B', 'product_type': 'I', 'exchange': 'BFO', 'tradingsymbol': 'SENSEX2591882300CE', 'quantity': 20, 'discloseqty': 0, 'price_type': 'LMT', 'price': 120.0, 'trigger_price': None, 'retention': 'DAY', 'amo': 'NO', 'remarks': None}
2025-09-15 11:00:35,824 - INFO - API instance for account 2: True
2025-09-15 11:00:36,549 - INFO - API response: {'request_time': '11:00:36 15-09-2025', 'stat': 'Ok', 'norenordno': '25091500170171'}
2025-09-15 11:00:36,549 - INFO - API response type: <class 'dict'>
2025-09-15 11:00:36,560 - INFO - New order received: 25091500170171
2025-09-15 11:00:36,561 - INFO - Order status debug - status: 'PENDING', reporttype: 'NewAck', trantype: 'B', price: '120.00'
2025-09-15 11:00:36,561 - INFO - Buy order placed successfully: {'request_time': '11:00:36 15-09-2025', 'stat': 'Ok', 'norenordno': '25091500170171'}
2025-09-15 11:00:36,576 - INFO - Order data saved to orders.csv
2025-09-15 11:00:36,577 - INFO - Account 2 - B PENDING NewAck
2025-09-15 11:00:36,592 - INFO - API response: {'request_time': '11:00:37 15-09-2025', 'stat': 'Ok', 'norenordno': '25091500170173'}
2025-09-15 11:00:36,595 - INFO - API response type: <class 'dict'>
2025-09-15 11:00:36,596 - INFO - Buy order placed successfully: {'request_time': '11:00:37 15-09-2025', 'stat': 'Ok', 'norenordno': '25091500170173'}
2025-09-15 11:00:36,597 - INFO - Cross-account coordination started
2025-09-15 11:00:36,597 - INFO - Cross-account coordination started for buy orders
2025-09-15 11:00:36,599 - INFO - Buy button disabled to prevent duplicate orders
2025-09-15 11:00:36,602 - INFO - Cancel Buy and Modify Buy buttons enabled after buy orders placed
2025-09-15 11:00:36,604 - INFO - Exit button kept disabled until buy orders are completed
2025-09-15 11:00:36,605 - INFO - Child order status updated: Buy Order PENDING @ 120.00
2025-09-15 11:00:36,610 - INFO - New order received: 25091500170173
2025-09-15 11:00:36,611 - INFO - Order status debug - status: 'PENDING', reporttype: 'NewAck', trantype: 'B', price: '120.00'
2025-09-15 11:00:36,619 - INFO - Updating order 25091500170171
2025-09-15 11:00:36,625 - ERROR - Error processing order update for account 2: Must have equal len keys and value when setting with an iterable
2025-09-15 11:00:36,626 - INFO - Order status debug - status: 'REJECTED', reporttype: 'Rejected', trantype: 'B', price: '120.00'
2025-09-15 11:00:36,627 - INFO - Master order status updated: Buy Order PENDING @ 120.00
2025-09-15 11:00:36,631 - INFO - Order data saved to orders.csv
2025-09-15 11:00:36,632 - INFO - Child order status updated: Order Rejected: RED:Block Type:NonSqroff Reason:MIS Intra-Day Orders are not allowed in BSE_FO[ FINV BFO I ]
2025-09-15 11:00:36,632 - INFO - Account 1 - B PENDING NewAck
2025-09-15 11:00:36,634 - INFO - Updating order 25091500170173
2025-09-15 11:00:36,634 - INFO - Order status debug - status: 'REJECTED', reporttype: 'Rejected', trantype: 'B', price: '120.00'
2025-09-15 11:00:36,640 - ERROR - Error processing order update for account 1: Must have equal len keys and value when setting with an iterable
2025-09-15 11:00:36,642 - INFO - Master order status updated: Order Rejected: RED:Block Type:NonSqroff Reason:MIS Intra-Day Orders are not allowed in BSE_FO[ FINV BFO I ]
2025-09-15 11:00:37,323 - INFO - PnL updated for account 1 (active): 0.0
2025-09-15 11:00:37,324 - INFO - Order state updated - Master: PENDING, Child: None
2025-09-15 11:00:37,324 - INFO - Checking coordination - Master: PENDING, Child: None
2025-09-15 11:00:37,337 - INFO - PnL updated for account 2 (active): 0.0
2025-09-15 11:00:37,337 - INFO - Order state updated - Master: PENDING, Child: PENDING
2025-09-15 11:00:37,337 - INFO - Checking coordination - Master: PENDING, Child: PENDING
2025-09-15 11:01:03,327 - INFO - Order 25091500170171 cancelled successfully
2025-09-15 11:01:03,332 - INFO - Updating order 25091500170171
2025-09-15 11:01:03,332 - INFO - Order status debug - status: 'REJECTED', reporttype: 'CancelRejected', trantype: 'B', price: '120.00'
2025-09-15 11:01:03,335 - INFO - Order 25091500170173 cancelled successfully
2025-09-15 11:01:03,337 - ERROR - Error processing order update for account 2: Must have equal len keys and value when setting with an iterable
2025-09-15 11:01:03,338 - INFO - Updating order 25091500170173
2025-09-15 11:01:03,339 - INFO - Order status debug - status: 'REJECTED', reporttype: 'CancelRejected', trantype: 'B', price: '120.00'
2025-09-15 11:01:03,341 - ERROR - Error processing order update for account 1: Must have equal len keys and value when setting with an iterable
2025-09-15 11:01:03,342 - INFO - Buy button re-enabled after cancelling buy orders
2025-09-15 11:01:03,342 - INFO - SL and Target monitoring reset and fields cleared
2025-09-15 11:01:03,343 - INFO - Child order status updated: Order Rejected: SAF:order is not open to cancel
2025-09-15 11:01:03,343 - INFO - Master order status updated: Order Rejected: SAF:order is not open to cancel
2025-09-15 11:01:39,313 - INFO - New order received: 25091500170847
2025-09-15 11:01:39,313 - INFO - Order status debug - status: 'PENDING', reporttype: 'NewAck', trantype: 'B', price: '100.00'
2025-09-15 11:01:39,317 - INFO - Master order status updated: Buy Order PENDING @ 100.00
2025-09-15 11:01:39,325 - INFO - Order data saved to orders.csv
2025-09-15 11:01:39,328 - INFO - Updating order 25091500170847
2025-09-15 11:01:39,330 - INFO - Order status debug - status: 'REJECTED', reporttype: 'Rejected', trantype: 'B', price: '100.00'
2025-09-15 11:01:39,330 - INFO - Account 1 - B PENDING NewAck
2025-09-15 11:01:39,334 - ERROR - Error processing order update for account 1: Must have equal len keys and value when setting with an iterable
2025-09-15 11:01:39,337 - INFO - Master order status updated: Order Rejected: RED:Block Type:NonSqroff Reason:MIS Intra-Day Orders are not allowed in BSE_FO[ FINV BFO I ]
2025-09-15 11:01:40,304 - INFO - PnL updated for account 1 (active): 0.0
2025-09-15 11:01:40,304 - INFO - Order state updated - Master: PENDING, Child: PENDING
2025-09-15 11:01:40,304 - INFO - Checking coordination - Master: PENDING, Child: PENDING
2025-09-15 11:02:43,322 - INFO - New order received: 25091500171559
2025-09-15 11:02:43,322 - INFO - Order status debug - status: 'PENDING', reporttype: 'NewAck', trantype: 'B', price: '100.00'
2025-09-15 11:02:43,326 - INFO - Master order status updated: Buy Order PENDING @ 100.00
2025-09-15 11:02:43,330 - INFO - Updating order 25091500171559
2025-09-15 11:02:43,330 - INFO - Order data saved to orders.csv
2025-09-15 11:02:43,330 - INFO - Order status debug - status: 'REJECTED', reporttype: 'Rejected', trantype: 'B', price: '100.00'
2025-09-15 11:02:43,332 - ERROR - Error processing order update for account 1: Must have equal len keys and value when setting with an iterable
2025-09-15 11:02:43,333 - INFO - Account 1 - B PENDING NewAck
2025-09-15 11:02:43,333 - INFO - Master order status updated: Order Rejected: RED:RULE:{Allow CAC credit but disallow collateral and daylong cash for option buy}Shortfall:INR 1,672.78 Available:INR 327.22 for C-FA32246 [SHOONYA]
2025-09-15 11:02:44,319 - INFO - PnL updated for account 1 (active): 0.0
2025-09-15 11:02:44,319 - INFO - Order state updated - Master: PENDING, Child: PENDING
2025-09-15 11:02:44,319 - INFO - Checking coordination - Master: PENDING, Child: PENDING
2025-09-15 11:03:04,613 - INFO - Account 2 (KRATIK YADAV) blocked from sending orders - PnL monitoring continues
2025-09-15 11:03:04,614 - INFO - Child account blocked from sending orders - PnL monitoring continues
2025-09-15 11:08:01,712 - INFO - Downloading master files...
2025-09-15 11:08:01,712 - INFO - Finding expiry dates...
2025-09-15 11:08:01,816 - INFO - System initialization completed successfully
2025-09-15 11:08:02,241 - INFO - Generated fresh 2FA for account 1: 126131
2025-09-15 11:08:03,418 - INFO - PnL updated for account 1 (active): 0.0
2025-09-15 11:08:03,418 - INFO - Master account initialized successfully: ROOPAL SONI
2025-09-15 11:08:06,340 - INFO - Generated fresh 2FA for account 2: 163503
2025-09-15 11:08:06,937 - INFO - Child account logged in - Order blocking reset
2025-09-15 11:08:07,520 - INFO - PnL updated for account 2 (active): 0.0
2025-09-15 11:08:08,989 - INFO - Cleared option and strike selections - no active orders
2025-09-15 11:08:09,540 - INFO - Fetched SENSEX price: 81860.04
2025-09-15 11:08:09,540 - INFO - Updated strikes for SENSEX based on price 81860.04 and option None: [81200, 81300, 81400, 81500, 81600, 81700, 81800, 81900, 82000, 82100, 82200, 82300, 82400, 82500, 82600]
2025-09-15 11:08:18,990 - INFO - Fetched SENSEX price: 81859.22
2025-09-15 11:08:18,990 - INFO - Index LTP for SENSEX: 81859.22
2025-09-15 11:08:19,537 - INFO - Fetched SENSEX price: 81859.22
2025-09-15 11:08:19,539 - INFO - Updated strikes for SENSEX CE based on price 81859.22: [81700, 81800, 81900, 82000, 82100, 82200, 82300, 82400, 82500, 82600, 82700, 82800, 82900, 83000, 83100]
2025-09-15 11:08:24,237 - INFO - Getting token and lot size for trading symbol: SENSEX2591883100CE
2025-09-15 11:08:24,244 - INFO - Found token and lot size for SENSEX2591883100CE: 862526, 20
2025-09-15 11:08:24,245 - INFO - Generated quantity options for lot size 20: ['20', '40', '60', '80', '100', '120', '140', '160', '180', '200']
2025-09-15 11:08:24,245 - INFO - Updated quantity options for SENSEX2591883100CE with lot size 20: ['20', '40', '60', '80', '100', '120', '140', '160', '180', '200']
2025-09-15 11:08:24,246 - INFO - Getting token for trading symbol: SENSEX2591883100CE
2025-09-15 11:08:24,251 - INFO - Found token for SENSEX2591883100CE: 862526
2025-09-15 11:08:24,784 - INFO - Modify price fields cleared after auto-fetch
2025-09-15 11:08:24,784 - INFO - Getting token for trading symbol: SENSEX2591883100CE
2025-09-15 11:08:24,787 - INFO - Found token for SENSEX2591883100CE: 862526
2025-09-15 11:08:24,787 - INFO - Subscribed to live price feed via master account: BFO|862526
2025-09-15 11:08:24,788 - INFO - Auto-subscribed to SENSEX2591883100CE at price 23.4
2025-09-15 11:08:33,179 - INFO - Getting token and lot size for trading symbol: SENSEX259188310CE
2025-09-15 11:08:33,184 - ERROR - No token found for SENSEX259188310CE
2025-09-15 11:08:33,205 - INFO - Available SENSEX symbols (first 10): ['SENSEX5025SEP27800PE' 'SENSEX5025SEP27750PE' 'SENSEX5025SEP27700PE'
 'SENSEX5025SEP27650PE' 'SENSEX5025SEP27600PE' 'SENSEX5025SEP27550PE'
 'SENSEX5025SEP27500PE' 'SENSEX5025SEP27450PE' 'SENSEX5025SEP27400PE'
 'SENSEX5025SEP27350PE']
2025-09-15 11:08:33,205 - ERROR - Error in fallback conversion: time data '918' does not match format '%b'
2025-09-15 11:08:33,206 - WARNING - Lot size not found for SENSEX259188310CE, using default quantities
2025-09-15 11:08:33,206 - INFO - Getting token for trading symbol: SENSEX259188310CE
2025-09-15 11:08:33,211 - ERROR - No token found for SENSEX259188310CE
2025-09-15 11:08:33,232 - INFO - Available SENSEX symbols (first 10): ['SENSEX5025SEP27800PE' 'SENSEX5025SEP27750PE' 'SENSEX5025SEP27700PE'
 'SENSEX5025SEP27650PE' 'SENSEX5025SEP27600PE' 'SENSEX5025SEP27550PE'
 'SENSEX5025SEP27500PE' 'SENSEX5025SEP27450PE' 'SENSEX5025SEP27400PE'
 'SENSEX5025SEP27350PE']
2025-09-15 11:08:33,232 - ERROR - Error in fallback conversion: time data '918' does not match format '%b'
2025-09-15 11:08:33,233 - WARNING - Could not fetch price for SENSEX259188310CE
2025-09-15 11:08:33,358 - INFO - Getting token and lot size for trading symbol: SENSEX25918831CE
2025-09-15 11:08:33,361 - ERROR - No token found for SENSEX25918831CE
2025-09-15 11:08:33,390 - INFO - Available SENSEX symbols (first 10): ['SENSEX5025SEP27800PE' 'SENSEX5025SEP27750PE' 'SENSEX5025SEP27700PE'
 'SENSEX5025SEP27650PE' 'SENSEX5025SEP27600PE' 'SENSEX5025SEP27550PE'
 'SENSEX5025SEP27500PE' 'SENSEX5025SEP27450PE' 'SENSEX5025SEP27400PE'
 'SENSEX5025SEP27350PE']
2025-09-15 11:08:33,391 - ERROR - Error in fallback conversion: time data '918' does not match format '%b'
2025-09-15 11:08:33,391 - WARNING - Lot size not found for SENSEX25918831CE, using default quantities
2025-09-15 11:08:33,392 - INFO - Getting token for trading symbol: SENSEX25918831CE
2025-09-15 11:08:33,397 - ERROR - No token found for SENSEX25918831CE
2025-09-15 11:08:33,422 - INFO - Available SENSEX symbols (first 10): ['SENSEX5025SEP27800PE' 'SENSEX5025SEP27750PE' 'SENSEX5025SEP27700PE'
 'SENSEX5025SEP27650PE' 'SENSEX5025SEP27600PE' 'SENSEX5025SEP27550PE'
 'SENSEX5025SEP27500PE' 'SENSEX5025SEP27450PE' 'SENSEX5025SEP27400PE'
 'SENSEX5025SEP27350PE']
2025-09-15 11:08:33,424 - ERROR - Error in fallback conversion: time data '918' does not match format '%b'
2025-09-15 11:08:33,426 - WARNING - Could not fetch price for SENSEX25918831CE
2025-09-15 11:08:33,922 - INFO - Getting token and lot size for trading symbol: SENSEX2591883CE
2025-09-15 11:08:33,930 - ERROR - No token found for SENSEX2591883CE
2025-09-15 11:08:33,952 - INFO - Available SENSEX symbols (first 10): ['SENSEX5025SEP27800PE' 'SENSEX5025SEP27750PE' 'SENSEX5025SEP27700PE'
 'SENSEX5025SEP27650PE' 'SENSEX5025SEP27600PE' 'SENSEX5025SEP27550PE'
 'SENSEX5025SEP27500PE' 'SENSEX5025SEP27450PE' 'SENSEX5025SEP27400PE'
 'SENSEX5025SEP27350PE']
2025-09-15 11:08:33,953 - ERROR - Error in fallback conversion: time data '918' does not match format '%b'
2025-09-15 11:08:33,955 - WARNING - Lot size not found for SENSEX2591883CE, using default quantities
2025-09-15 11:08:33,956 - INFO - Getting token for trading symbol: SENSEX2591883CE
2025-09-15 11:08:33,961 - ERROR - No token found for SENSEX2591883CE
2025-09-15 11:08:33,981 - INFO - Available SENSEX symbols (first 10): ['SENSEX5025SEP27800PE' 'SENSEX5025SEP27750PE' 'SENSEX5025SEP27700PE'
 'SENSEX5025SEP27650PE' 'SENSEX5025SEP27600PE' 'SENSEX5025SEP27550PE'
 'SENSEX5025SEP27500PE' 'SENSEX5025SEP27450PE' 'SENSEX5025SEP27400PE'
 'SENSEX5025SEP27350PE']
2025-09-15 11:08:33,981 - ERROR - Error in fallback conversion: time data '918' does not match format '%b'
2025-09-15 11:08:33,981 - WARNING - Could not fetch price for SENSEX2591883CE
2025-09-15 11:08:34,933 - INFO - Getting token and lot size for trading symbol: SENSEX25918835CE
2025-09-15 11:08:34,939 - ERROR - No token found for SENSEX25918835CE
2025-09-15 11:08:34,961 - INFO - Available SENSEX symbols (first 10): ['SENSEX5025SEP27800PE' 'SENSEX5025SEP27750PE' 'SENSEX5025SEP27700PE'
 'SENSEX5025SEP27650PE' 'SENSEX5025SEP27600PE' 'SENSEX5025SEP27550PE'
 'SENSEX5025SEP27500PE' 'SENSEX5025SEP27450PE' 'SENSEX5025SEP27400PE'
 'SENSEX5025SEP27350PE']
2025-09-15 11:08:34,962 - ERROR - Error in fallback conversion: time data '918' does not match format '%b'
2025-09-15 11:08:34,962 - WARNING - Lot size not found for SENSEX25918835CE, using default quantities
2025-09-15 11:08:34,963 - INFO - Getting token for trading symbol: SENSEX25918835CE
2025-09-15 11:08:34,967 - ERROR - No token found for SENSEX25918835CE
2025-09-15 11:08:34,981 - INFO - Available SENSEX symbols (first 10): ['SENSEX5025SEP27800PE' 'SENSEX5025SEP27750PE' 'SENSEX5025SEP27700PE'
 'SENSEX5025SEP27650PE' 'SENSEX5025SEP27600PE' 'SENSEX5025SEP27550PE'
 'SENSEX5025SEP27500PE' 'SENSEX5025SEP27450PE' 'SENSEX5025SEP27400PE'
 'SENSEX5025SEP27350PE']
2025-09-15 11:08:34,981 - ERROR - Error in fallback conversion: time data '918' does not match format '%b'
2025-09-15 11:08:34,982 - WARNING - Could not fetch price for SENSEX25918835CE
2025-09-15 11:08:35,125 - INFO - Getting token and lot size for trading symbol: SENSEX259188350CE
2025-09-15 11:08:35,141 - ERROR - No token found for SENSEX259188350CE
2025-09-15 11:08:35,160 - INFO - Available SENSEX symbols (first 10): ['SENSEX5025SEP27800PE' 'SENSEX5025SEP27750PE' 'SENSEX5025SEP27700PE'
 'SENSEX5025SEP27650PE' 'SENSEX5025SEP27600PE' 'SENSEX5025SEP27550PE'
 'SENSEX5025SEP27500PE' 'SENSEX5025SEP27450PE' 'SENSEX5025SEP27400PE'
 'SENSEX5025SEP27350PE']
2025-09-15 11:08:35,161 - ERROR - Error in fallback conversion: time data '918' does not match format '%b'
2025-09-15 11:08:35,161 - WARNING - Lot size not found for SENSEX259188350CE, using default quantities
2025-09-15 11:08:35,162 - INFO - Getting token for trading symbol: SENSEX259188350CE
2025-09-15 11:08:35,165 - ERROR - No token found for SENSEX259188350CE
2025-09-15 11:08:35,189 - INFO - Available SENSEX symbols (first 10): ['SENSEX5025SEP27800PE' 'SENSEX5025SEP27750PE' 'SENSEX5025SEP27700PE'
 'SENSEX5025SEP27650PE' 'SENSEX5025SEP27600PE' 'SENSEX5025SEP27550PE'
 'SENSEX5025SEP27500PE' 'SENSEX5025SEP27450PE' 'SENSEX5025SEP27400PE'
 'SENSEX5025SEP27350PE']
2025-09-15 11:08:35,190 - ERROR - Error in fallback conversion: time data '918' does not match format '%b'
2025-09-15 11:08:35,191 - WARNING - Could not fetch price for SENSEX259188350CE
2025-09-15 11:08:35,296 - INFO - Getting token and lot size for trading symbol: SENSEX2591883500CE
2025-09-15 11:08:35,301 - INFO - Found token and lot size for SENSEX2591883500CE: 862061, 20
2025-09-15 11:08:35,302 - INFO - Generated quantity options for lot size 20: ['20', '40', '60', '80', '100', '120', '140', '160', '180', '200']
2025-09-15 11:08:35,303 - INFO - Updated quantity options for SENSEX2591883500CE with lot size 20: ['20', '40', '60', '80', '100', '120', '140', '160', '180', '200']
2025-09-15 11:08:35,303 - INFO - Getting token for trading symbol: SENSEX2591883500CE
2025-09-15 11:08:35,310 - INFO - Found token for SENSEX2591883500CE: 862061
2025-09-15 11:08:35,887 - INFO - Modify price fields cleared after auto-fetch
2025-09-15 11:08:35,887 - INFO - Getting token for trading symbol: SENSEX2591883500CE
2025-09-15 11:08:35,887 - INFO - Found token for SENSEX2591883500CE: 862061
2025-09-15 11:08:35,901 - INFO - Unsubscribed from previous: BFO|862526
2025-09-15 11:08:35,901 - INFO - Subscribed to live price feed via master account: BFO|862061
2025-09-15 11:08:35,901 - INFO - Auto-subscribed to SENSEX2591883500CE at price 11.0
2025-09-15 11:08:54,216 - INFO - Getting token and lot size for trading symbol: SENSEX2591883500CE
2025-09-15 11:08:54,226 - INFO - Found token and lot size for SENSEX2591883500CE: 862061, 20
2025-09-15 11:08:54,226 - INFO - Generated quantity options for lot size 20: ['20', '40', '60', '80', '100', '120', '140', '160', '180', '200']
2025-09-15 11:08:54,226 - INFO - Updated quantity options for SENSEX2591883500CE with lot size 20: ['20', '40', '60', '80', '100', '120', '140', '160', '180', '200']
2025-09-15 11:08:54,230 - INFO - Getting token and lot size for trading symbol: SENSEX2591883500CE
2025-09-15 11:08:54,235 - INFO - Found token and lot size for SENSEX2591883500CE: 862061, 20
2025-09-15 11:08:54,235 - INFO - Using same quantity for both accounts: 20 (lot size: 20)
2025-09-15 11:08:54,236 - INFO - Active accounts: [1, 2]
2025-09-15 11:08:54,237 - INFO - Placing buy orders for accounts: [1, 2]
2025-09-15 11:08:54,238 - INFO - Trading symbol: SENSEX2591883500CE, Price: 7.0
2025-09-15 11:08:54,238 - INFO - Quantities: [20, 20]
2025-09-15 11:08:54,239 - INFO - Account 1: API=True, Qty=20, Active=True
2025-09-15 11:08:54,243 - INFO - Placing order for account 1 with parameters: {'buy_or_sell': 'B', 'product_type': 'C', 'exchange': 'BFO', 'tradingsymbol': 'SENSEX2591883500CE', 'quantity': 20, 'discloseqty': 0, 'price_type': 'LMT', 'price': 7.0, 'trigger_price': None, 'retention': 'DAY', 'amo': 'NO', 'remarks': None}
2025-09-15 11:08:54,243 - INFO - Account 2: API=True, Qty=20, Active=True
2025-09-15 11:08:54,244 - INFO - API instance for account 1: True
2025-09-15 11:08:54,246 - INFO - Placing order for account 2 with parameters: {'buy_or_sell': 'B', 'product_type': 'C', 'exchange': 'BFO', 'tradingsymbol': 'SENSEX2591883500CE', 'quantity': 20, 'discloseqty': 0, 'price_type': 'LMT', 'price': 7.0, 'trigger_price': None, 'retention': 'DAY', 'amo': 'NO', 'remarks': None}
2025-09-15 11:08:54,247 - INFO - API instance for account 2: True
2025-09-15 11:08:54,908 - INFO - API response: {'request_time': '11:08:55 15-09-2025', 'stat': 'Ok', 'norenordno': '25091500175982'}
2025-09-15 11:08:54,909 - INFO - API response type: <class 'dict'>
2025-09-15 11:08:54,910 - INFO - Buy order placed successfully: {'request_time': '11:08:55 15-09-2025', 'stat': 'Ok', 'norenordno': '25091500175982'}
2025-09-15 11:08:54,911 - INFO - New order received: 25091500175982
2025-09-15 11:08:54,911 - INFO - Order status debug - status: 'REJECTED', reporttype: 'Rejected', trantype: 'B', price: '7.00'
2025-09-15 11:08:54,929 - INFO - API response: {'request_time': '11:08:55 15-09-2025', 'stat': 'Ok', 'norenordno': '25091500175985'}
2025-09-15 11:08:54,931 - INFO - New order received: 25091500175985
2025-09-15 11:08:54,932 - INFO - API response type: <class 'dict'>
2025-09-15 11:08:54,932 - INFO - Order status debug - status: 'REJECTED', reporttype: 'Rejected', trantype: 'B', price: '7.00'
2025-09-15 11:08:54,932 - INFO - Order data saved to orders.csv
2025-09-15 11:08:54,943 - INFO - Buy order placed successfully: {'request_time': '11:08:55 15-09-2025', 'stat': 'Ok', 'norenordno': '25091500175985'}
2025-09-15 11:08:54,945 - INFO - Account 1 - B REJECTED Rejected
2025-09-15 11:08:54,952 - INFO - Cross-account coordination started
2025-09-15 11:08:54,954 - INFO - Order data saved to orders.csv
2025-09-15 11:08:54,955 - INFO - Cross-account coordination started for buy orders
2025-09-15 11:08:54,958 - INFO - Account 2 - B REJECTED Rejected
2025-09-15 11:08:54,962 - INFO - Buy button disabled to prevent duplicate orders
2025-09-15 11:08:54,966 - INFO - Cancel Buy and Modify Buy buttons enabled after buy orders placed
2025-09-15 11:08:54,967 - INFO - Exit button kept disabled until buy orders are completed
2025-09-15 11:08:54,968 - INFO - Child order status updated: Order Rejected: ORA:Product CNC not enabled on exchange BFO
2025-09-15 11:08:54,969 - INFO - Master order status updated: Order Rejected: ORA:Product CNC not enabled on exchange BFO
2025-09-15 11:08:55,667 - INFO - PnL updated for account 1 (active): 0.0
2025-09-15 11:08:55,667 - INFO - Order state updated - Master: REJECTED, Child: None
2025-09-15 11:08:55,667 - INFO - Checking coordination - Master: REJECTED, Child: None
2025-09-15 11:08:55,748 - INFO - PnL updated for account 2 (active): 0.0
2025-09-15 11:08:55,749 - INFO - Order state updated - Master: REJECTED, Child: REJECTED
2025-09-15 11:08:55,750 - INFO - Checking coordination - Master: REJECTED, Child: REJECTED
2025-09-15 11:09:26,858 - INFO - Order 25091500175985 cancelled successfully
2025-09-15 11:09:26,868 - INFO - Order 25091500175982 cancelled successfully
2025-09-15 11:09:26,870 - INFO - Buy button re-enabled after cancelling buy orders
2025-09-15 11:09:26,870 - INFO - SL and Target monitoring reset and fields cleared
2025-09-15 11:11:38,017 - INFO - Downloading master files...
2025-09-15 11:11:38,017 - INFO - Finding expiry dates...
2025-09-15 11:11:38,140 - INFO - System initialization completed successfully
2025-09-15 11:11:38,660 - INFO - Generated fresh 2FA for account 1: 745364
2025-09-15 11:11:39,982 - INFO - PnL updated for account 1 (active): 0.0
2025-09-15 11:11:39,982 - INFO - Master account initialized successfully: ROOPAL SONI
2025-09-15 11:11:43,934 - INFO - Generated fresh 2FA for account 2: 081387
2025-09-15 11:11:44,517 - INFO - Child account logged in - Order blocking reset
2025-09-15 11:11:45,116 - INFO - PnL updated for account 2 (active): 0.0
2025-09-15 11:11:46,510 - INFO - Cleared option and strike selections - no active orders
2025-09-15 11:11:47,085 - INFO - Fetched SENSEX price: 81833.66
2025-09-15 11:11:47,086 - INFO - Updated strikes for SENSEX based on price 81833.66 and option None: [81100, 81200, 81300, 81400, 81500, 81600, 81700, 81800, 81900, 82000, 82100, 82200, 82300, 82400, 82500]
2025-09-15 11:11:50,372 - INFO - Fetched SENSEX price: 81834.13
2025-09-15 11:11:50,372 - INFO - Index LTP for SENSEX: 81834.13
2025-09-15 11:11:50,938 - INFO - Fetched SENSEX price: 81833.83
2025-09-15 11:11:50,939 - INFO - Updated strikes for SENSEX CE based on price 81833.83: [81600, 81700, 81800, 81900, 82000, 82100, 82200, 82300, 82400, 82500, 82600, 82700, 82800, 82900, 83000]
2025-09-15 11:11:58,718 - INFO - Getting token and lot size for trading symbol: SENSEX2591883000CE
2025-09-15 11:11:58,718 - INFO - Found token and lot size for SENSEX2591883000CE: 862115, 20
2025-09-15 11:11:58,718 - INFO - Generated quantity options for lot size 20: ['20', '40', '60', '80', '100', '120', '140', '160', '180', '200']
2025-09-15 11:11:58,718 - INFO - Updated quantity options for SENSEX2591883000CE with lot size 20: ['20', '40', '60', '80', '100', '120', '140', '160', '180', '200']
2025-09-15 11:11:58,718 - INFO - Getting token for trading symbol: SENSEX2591883000CE
2025-09-15 11:11:58,718 - INFO - Found token for SENSEX2591883000CE: 862115
2025-09-15 11:11:59,304 - INFO - Modify price fields cleared after auto-fetch
2025-09-15 11:11:59,305 - INFO - Getting token for trading symbol: SENSEX2591883000CE
2025-09-15 11:11:59,309 - INFO - Found token for SENSEX2591883000CE: 862115
2025-09-15 11:11:59,310 - INFO - Subscribed to live price feed via master account: BFO|862115
2025-09-15 11:11:59,310 - INFO - Auto-subscribed to SENSEX2591883000CE at price 28.6
2025-09-15 11:12:02,922 - INFO - Getting token and lot size for trading symbol: SENSEX259188300CE
2025-09-15 11:12:02,925 - ERROR - No token found for SENSEX259188300CE
2025-09-15 11:12:02,938 - INFO - Available SENSEX symbols (first 10): ['SENSEX5025SEP27800PE' 'SENSEX5025SEP27750PE' 'SENSEX5025SEP27700PE'
 'SENSEX5025SEP27650PE' 'SENSEX5025SEP27600PE' 'SENSEX5025SEP27550PE'
 'SENSEX5025SEP27500PE' 'SENSEX5025SEP27450PE' 'SENSEX5025SEP27400PE'
 'SENSEX5025SEP27350PE']
2025-09-15 11:12:02,938 - ERROR - Error in fallback conversion: time data '918' does not match format '%b'
2025-09-15 11:12:02,938 - WARNING - Lot size not found for SENSEX259188300CE, using default quantities
2025-09-15 11:12:02,939 - INFO - Getting token for trading symbol: SENSEX259188300CE
2025-09-15 11:12:02,944 - ERROR - No token found for SENSEX259188300CE
2025-09-15 11:12:02,954 - INFO - Available SENSEX symbols (first 10): ['SENSEX5025SEP27800PE' 'SENSEX5025SEP27750PE' 'SENSEX5025SEP27700PE'
 'SENSEX5025SEP27650PE' 'SENSEX5025SEP27600PE' 'SENSEX5025SEP27550PE'
 'SENSEX5025SEP27500PE' 'SENSEX5025SEP27450PE' 'SENSEX5025SEP27400PE'
 'SENSEX5025SEP27350PE']
2025-09-15 11:12:02,955 - ERROR - Error in fallback conversion: time data '918' does not match format '%b'
2025-09-15 11:12:02,955 - WARNING - Could not fetch price for SENSEX259188300CE
2025-09-15 11:12:03,104 - INFO - Getting token and lot size for trading symbol: SENSEX25918830CE
2025-09-15 11:12:03,110 - ERROR - No token found for SENSEX25918830CE
2025-09-15 11:12:03,133 - INFO - Available SENSEX symbols (first 10): ['SENSEX5025SEP27800PE' 'SENSEX5025SEP27750PE' 'SENSEX5025SEP27700PE'
 'SENSEX5025SEP27650PE' 'SENSEX5025SEP27600PE' 'SENSEX5025SEP27550PE'
 'SENSEX5025SEP27500PE' 'SENSEX5025SEP27450PE' 'SENSEX5025SEP27400PE'
 'SENSEX5025SEP27350PE']
2025-09-15 11:12:03,135 - ERROR - Error in fallback conversion: time data '918' does not match format '%b'
2025-09-15 11:12:03,136 - WARNING - Lot size not found for SENSEX25918830CE, using default quantities
2025-09-15 11:12:03,136 - INFO - Getting token for trading symbol: SENSEX25918830CE
2025-09-15 11:12:03,142 - ERROR - No token found for SENSEX25918830CE
2025-09-15 11:12:03,158 - INFO - Available SENSEX symbols (first 10): ['SENSEX5025SEP27800PE' 'SENSEX5025SEP27750PE' 'SENSEX5025SEP27700PE'
 'SENSEX5025SEP27650PE' 'SENSEX5025SEP27600PE' 'SENSEX5025SEP27550PE'
 'SENSEX5025SEP27500PE' 'SENSEX5025SEP27450PE' 'SENSEX5025SEP27400PE'
 'SENSEX5025SEP27350PE']
2025-09-15 11:12:03,159 - ERROR - Error in fallback conversion: time data '918' does not match format '%b'
2025-09-15 11:12:03,160 - WARNING - Could not fetch price for SENSEX25918830CE
2025-09-15 11:12:03,283 - INFO - Getting token and lot size for trading symbol: SENSEX2591883CE
2025-09-15 11:12:03,286 - ERROR - No token found for SENSEX2591883CE
2025-09-15 11:12:03,296 - INFO - Available SENSEX symbols (first 10): ['SENSEX5025SEP27800PE' 'SENSEX5025SEP27750PE' 'SENSEX5025SEP27700PE'
 'SENSEX5025SEP27650PE' 'SENSEX5025SEP27600PE' 'SENSEX5025SEP27550PE'
 'SENSEX5025SEP27500PE' 'SENSEX5025SEP27450PE' 'SENSEX5025SEP27400PE'
 'SENSEX5025SEP27350PE']
2025-09-15 11:12:03,296 - ERROR - Error in fallback conversion: time data '918' does not match format '%b'
2025-09-15 11:12:03,297 - WARNING - Lot size not found for SENSEX2591883CE, using default quantities
2025-09-15 11:12:03,297 - INFO - Getting token for trading symbol: SENSEX2591883CE
2025-09-15 11:12:03,301 - ERROR - No token found for SENSEX2591883CE
2025-09-15 11:12:03,311 - INFO - Available SENSEX symbols (first 10): ['SENSEX5025SEP27800PE' 'SENSEX5025SEP27750PE' 'SENSEX5025SEP27700PE'
 'SENSEX5025SEP27650PE' 'SENSEX5025SEP27600PE' 'SENSEX5025SEP27550PE'
 'SENSEX5025SEP27500PE' 'SENSEX5025SEP27450PE' 'SENSEX5025SEP27400PE'
 'SENSEX5025SEP27350PE']
2025-09-15 11:12:03,311 - ERROR - Error in fallback conversion: time data '918' does not match format '%b'
2025-09-15 11:12:03,311 - WARNING - Could not fetch price for SENSEX2591883CE
2025-09-15 11:12:03,462 - INFO - Getting token and lot size for trading symbol: SENSEX259188CE
2025-09-15 11:12:03,467 - ERROR - No token found for SENSEX259188CE
2025-09-15 11:12:03,490 - INFO - Available SENSEX symbols (first 10): ['SENSEX5025SEP27800PE' 'SENSEX5025SEP27750PE' 'SENSEX5025SEP27700PE'
 'SENSEX5025SEP27650PE' 'SENSEX5025SEP27600PE' 'SENSEX5025SEP27550PE'
 'SENSEX5025SEP27500PE' 'SENSEX5025SEP27450PE' 'SENSEX5025SEP27400PE'
 'SENSEX5025SEP27350PE']
2025-09-15 11:12:03,492 - ERROR - Error in fallback conversion: invalid literal for int() with base 10: '8C'
2025-09-15 11:12:03,493 - WARNING - Lot size not found for SENSEX259188CE, using default quantities
2025-09-15 11:12:03,494 - INFO - Getting token for trading symbol: SENSEX259188CE
2025-09-15 11:12:03,501 - ERROR - No token found for SENSEX259188CE
2025-09-15 11:12:03,526 - INFO - Available SENSEX symbols (first 10): ['SENSEX5025SEP27800PE' 'SENSEX5025SEP27750PE' 'SENSEX5025SEP27700PE'
 'SENSEX5025SEP27650PE' 'SENSEX5025SEP27600PE' 'SENSEX5025SEP27550PE'
 'SENSEX5025SEP27500PE' 'SENSEX5025SEP27450PE' 'SENSEX5025SEP27400PE'
 'SENSEX5025SEP27350PE']
2025-09-15 11:12:03,526 - ERROR - Error in fallback conversion: invalid literal for int() with base 10: '8C'
2025-09-15 11:12:03,527 - WARNING - Could not fetch price for SENSEX259188CE
2025-09-15 11:12:04,561 - INFO - Getting token and lot size for trading symbol: SENSEX2591884CE
2025-09-15 11:12:04,564 - ERROR - No token found for SENSEX2591884CE
2025-09-15 11:12:04,581 - INFO - Available SENSEX symbols (first 10): ['SENSEX5025SEP27800PE' 'SENSEX5025SEP27750PE' 'SENSEX5025SEP27700PE'
 'SENSEX5025SEP27650PE' 'SENSEX5025SEP27600PE' 'SENSEX5025SEP27550PE'
 'SENSEX5025SEP27500PE' 'SENSEX5025SEP27450PE' 'SENSEX5025SEP27400PE'
 'SENSEX5025SEP27350PE']
2025-09-15 11:12:04,582 - ERROR - Error in fallback conversion: time data '918' does not match format '%b'
2025-09-15 11:12:04,583 - WARNING - Lot size not found for SENSEX2591884CE, using default quantities
2025-09-15 11:12:04,583 - INFO - Getting token for trading symbol: SENSEX2591884CE
2025-09-15 11:12:04,588 - ERROR - No token found for SENSEX2591884CE
2025-09-15 11:12:04,629 - INFO - Available SENSEX symbols (first 10): ['SENSEX5025SEP27800PE' 'SENSEX5025SEP27750PE' 'SENSEX5025SEP27700PE'
 'SENSEX5025SEP27650PE' 'SENSEX5025SEP27600PE' 'SENSEX5025SEP27550PE'
 'SENSEX5025SEP27500PE' 'SENSEX5025SEP27450PE' 'SENSEX5025SEP27400PE'
 'SENSEX5025SEP27350PE']
2025-09-15 11:12:04,630 - ERROR - Error in fallback conversion: time data '918' does not match format '%b'
2025-09-15 11:12:04,631 - WARNING - Could not fetch price for SENSEX2591884CE
2025-09-15 11:12:04,787 - INFO - Getting token and lot size for trading symbol: SENSEX25918840CE
2025-09-15 11:12:04,789 - ERROR - No token found for SENSEX25918840CE
2025-09-15 11:12:04,805 - INFO - Available SENSEX symbols (first 10): ['SENSEX5025SEP27800PE' 'SENSEX5025SEP27750PE' 'SENSEX5025SEP27700PE'
 'SENSEX5025SEP27650PE' 'SENSEX5025SEP27600PE' 'SENSEX5025SEP27550PE'
 'SENSEX5025SEP27500PE' 'SENSEX5025SEP27450PE' 'SENSEX5025SEP27400PE'
 'SENSEX5025SEP27350PE']
2025-09-15 11:12:04,805 - ERROR - Error in fallback conversion: time data '918' does not match format '%b'
2025-09-15 11:12:04,805 - WARNING - Lot size not found for SENSEX25918840CE, using default quantities
2025-09-15 11:12:04,806 - INFO - Getting token for trading symbol: SENSEX25918840CE
2025-09-15 11:12:04,808 - ERROR - No token found for SENSEX25918840CE
2025-09-15 11:12:04,819 - INFO - Available SENSEX symbols (first 10): ['SENSEX5025SEP27800PE' 'SENSEX5025SEP27750PE' 'SENSEX5025SEP27700PE'
 'SENSEX5025SEP27650PE' 'SENSEX5025SEP27600PE' 'SENSEX5025SEP27550PE'
 'SENSEX5025SEP27500PE' 'SENSEX5025SEP27450PE' 'SENSEX5025SEP27400PE'
 'SENSEX5025SEP27350PE']
2025-09-15 11:12:04,820 - ERROR - Error in fallback conversion: time data '918' does not match format '%b'
2025-09-15 11:12:04,821 - WARNING - Could not fetch price for SENSEX25918840CE
2025-09-15 11:12:04,928 - INFO - Getting token and lot size for trading symbol: SENSEX259188400CE
2025-09-15 11:12:04,933 - ERROR - No token found for SENSEX259188400CE
2025-09-15 11:12:04,955 - INFO - Available SENSEX symbols (first 10): ['SENSEX5025SEP27800PE' 'SENSEX5025SEP27750PE' 'SENSEX5025SEP27700PE'
 'SENSEX5025SEP27650PE' 'SENSEX5025SEP27600PE' 'SENSEX5025SEP27550PE'
 'SENSEX5025SEP27500PE' 'SENSEX5025SEP27450PE' 'SENSEX5025SEP27400PE'
 'SENSEX5025SEP27350PE']
2025-09-15 11:12:04,956 - ERROR - Error in fallback conversion: time data '918' does not match format '%b'
2025-09-15 11:12:04,956 - WARNING - Lot size not found for SENSEX259188400CE, using default quantities
2025-09-15 11:12:04,956 - INFO - Getting token for trading symbol: SENSEX259188400CE
2025-09-15 11:12:04,961 - ERROR - No token found for SENSEX259188400CE
2025-09-15 11:12:04,975 - INFO - Available SENSEX symbols (first 10): ['SENSEX5025SEP27800PE' 'SENSEX5025SEP27750PE' 'SENSEX5025SEP27700PE'
 'SENSEX5025SEP27650PE' 'SENSEX5025SEP27600PE' 'SENSEX5025SEP27550PE'
 'SENSEX5025SEP27500PE' 'SENSEX5025SEP27450PE' 'SENSEX5025SEP27400PE'
 'SENSEX5025SEP27350PE']
2025-09-15 11:12:04,975 - ERROR - Error in fallback conversion: time data '918' does not match format '%b'
2025-09-15 11:12:04,976 - WARNING - Could not fetch price for SENSEX259188400CE
2025-09-15 11:12:05,105 - INFO - Getting token and lot size for trading symbol: SENSEX2591884000CE
2025-09-15 11:12:05,107 - INFO - Found token and lot size for SENSEX2591884000CE: 862433, 20
2025-09-15 11:12:05,108 - INFO - Generated quantity options for lot size 20: ['20', '40', '60', '80', '100', '120', '140', '160', '180', '200']
2025-09-15 11:12:05,108 - INFO - Updated quantity options for SENSEX2591884000CE with lot size 20: ['20', '40', '60', '80', '100', '120', '140', '160', '180', '200']
2025-09-15 11:12:05,109 - INFO - Getting token for trading symbol: SENSEX2591884000CE
2025-09-15 11:12:05,111 - INFO - Found token for SENSEX2591884000CE: 862433
2025-09-15 11:12:05,930 - INFO - Modify price fields cleared after auto-fetch
2025-09-15 11:12:05,930 - INFO - Getting token for trading symbol: SENSEX2591884000CE
2025-09-15 11:12:05,937 - INFO - Found token for SENSEX2591884000CE: 862433
2025-09-15 11:12:05,940 - INFO - Unsubscribed from previous: BFO|862115
2025-09-15 11:12:05,943 - INFO - Subscribed to live price feed via master account: BFO|862433
2025-09-15 11:12:05,944 - INFO - Auto-subscribed to SENSEX2591884000CE at price 6.55
2025-09-15 11:12:13,992 - INFO - Getting token and lot size for trading symbol: SENSEX2591884000CE
2025-09-15 11:12:13,994 - INFO - Found token and lot size for SENSEX2591884000CE: 862433, 20
2025-09-15 11:12:13,995 - INFO - Generated quantity options for lot size 20: ['20', '40', '60', '80', '100', '120', '140', '160', '180', '200']
2025-09-15 11:12:13,995 - INFO - Updated quantity options for SENSEX2591884000CE with lot size 20: ['20', '40', '60', '80', '100', '120', '140', '160', '180', '200']
2025-09-15 11:12:13,996 - INFO - Getting token and lot size for trading symbol: SENSEX2591884000CE
2025-09-15 11:12:13,998 - INFO - Found token and lot size for SENSEX2591884000CE: 862433, 20
2025-09-15 11:12:13,998 - INFO - Using same quantity for both accounts: 20 (lot size: 20)
2025-09-15 11:12:13,998 - INFO - Active accounts: [1, 2]
2025-09-15 11:12:13,999 - INFO - Placing buy orders for accounts: [1, 2]
2025-09-15 11:12:13,999 - INFO - Trading symbol: SENSEX2591884000CE, Price: 4.0
2025-09-15 11:12:13,999 - INFO - Quantities: [20, 20]
2025-09-15 11:12:14,000 - INFO - Account 1: API=True, Qty=20, Active=True
2025-09-15 11:12:14,001 - INFO - Placing order for account 1 with parameters: {'buy_or_sell': 'B', 'product_type': 'M', 'exchange': 'BFO', 'tradingsymbol': 'SENSEX2591884000CE', 'quantity': 20, 'discloseqty': 0, 'price_type': 'LMT', 'price': 4.0, 'trigger_price': None, 'retention': 'DAY', 'amo': 'NO', 'remarks': None}
2025-09-15 11:12:14,001 - INFO - Account 2: API=True, Qty=20, Active=True
2025-09-15 11:12:14,001 - INFO - API instance for account 1: True
2025-09-15 11:12:14,003 - INFO - Placing order for account 2 with parameters: {'buy_or_sell': 'B', 'product_type': 'M', 'exchange': 'BFO', 'tradingsymbol': 'SENSEX2591884000CE', 'quantity': 20, 'discloseqty': 0, 'price_type': 'LMT', 'price': 4.0, 'trigger_price': None, 'retention': 'DAY', 'amo': 'NO', 'remarks': None}
2025-09-15 11:12:14,006 - INFO - API instance for account 2: True
2025-09-15 11:12:14,774 - INFO - API response: {'request_time': '11:12:15 15-09-2025', 'stat': 'Ok', 'norenordno': '25091500178262'}
2025-09-15 11:12:14,775 - INFO - New order received: 25091500178262
2025-09-15 11:12:14,775 - INFO - Order status debug - status: 'PENDING', reporttype: 'NewAck', trantype: 'B', price: '4.00'
2025-09-15 11:12:14,775 - INFO - API response type: <class 'dict'>
2025-09-15 11:12:14,779 - INFO - Buy order placed successfully: {'request_time': '11:12:15 15-09-2025', 'stat': 'Ok', 'norenordno': '25091500178262'}
2025-09-15 11:12:14,784 - INFO - Order data saved to orders.csv
2025-09-15 11:12:14,784 - INFO - Account 2 - B PENDING NewAck
2025-09-15 11:12:14,788 - INFO - API response: {'request_time': '11:12:15 15-09-2025', 'stat': 'Ok', 'norenordno': '25091500178263'}
2025-09-15 11:12:14,792 - INFO - API response type: <class 'dict'>
2025-09-15 11:12:14,793 - INFO - Buy order placed successfully: {'request_time': '11:12:15 15-09-2025', 'stat': 'Ok', 'norenordno': '25091500178263'}
2025-09-15 11:12:14,795 - INFO - New order received: 25091500178263
2025-09-15 11:12:14,796 - INFO - Order status debug - status: 'PENDING', reporttype: 'NewAck', trantype: 'B', price: '4.00'
2025-09-15 11:12:14,796 - INFO - Cross-account coordination started
2025-09-15 11:12:14,799 - INFO - Cross-account coordination started for buy orders
2025-09-15 11:12:14,801 - INFO - Order data saved to orders.csv
2025-09-15 11:12:14,802 - INFO - Buy button disabled to prevent duplicate orders
2025-09-15 11:12:14,802 - INFO - Account 1 - B PENDING NewAck
2025-09-15 11:12:14,803 - INFO - Cancel Buy and Modify Buy buttons enabled after buy orders placed
2025-09-15 11:12:14,805 - INFO - Exit button kept disabled until buy orders are completed
2025-09-15 11:12:14,805 - INFO - Master order status updated: Buy Order PENDING @ 4.00
2025-09-15 11:12:14,806 - INFO - Child order status updated: Buy Order PENDING @ 4.00
2025-09-15 11:12:14,808 - INFO - Updating order 25091500178263
2025-09-15 11:12:14,809 - INFO - Order status debug - status: 'PENDING', reporttype: 'PendingNew', trantype: 'B', price: '4.00'
2025-09-15 11:12:14,812 - ERROR - Error processing order update for account 1: Must have equal len keys and value when setting with an iterable
2025-09-15 11:12:14,812 - INFO - Updating order 25091500178262
2025-09-15 11:12:14,812 - INFO - Order status debug - status: 'PENDING', reporttype: 'PendingNew', trantype: 'B', price: '4.00'
2025-09-15 11:12:14,813 - INFO - Master order status updated: Buy Order PENDING @ 4.00
2025-09-15 11:12:14,815 - ERROR - Error processing order update for account 2: Must have equal len keys and value when setting with an iterable
2025-09-15 11:12:14,815 - INFO - Child order status updated: Buy Order PENDING @ 4.00
2025-09-15 11:12:14,817 - INFO - Updating order 25091500178263
2025-09-15 11:12:14,817 - INFO - Order status debug - status: 'OPEN', reporttype: 'New', trantype: 'B', price: '4.00'
2025-09-15 11:12:14,817 - INFO - Updating order 25091500178262
2025-09-15 11:12:14,817 - INFO - Order status debug - status: 'OPEN', reporttype: 'New', trantype: 'B', price: '4.00'
2025-09-15 11:12:14,818 - ERROR - Error processing order update for account 1: Must have equal len keys and value when setting with an iterable
2025-09-15 11:12:14,820 - ERROR - Error processing order update for account 2: Must have equal len keys and value when setting with an iterable
2025-09-15 11:12:14,821 - INFO - Master order status updated: Buy Order Open @ 4.00
2025-09-15 11:12:14,823 - INFO - Child order status updated: Buy Order Open @ 4.00
2025-09-15 11:12:15,545 - INFO - PnL updated for account 2 (active): 0.0
2025-09-15 11:12:15,545 - INFO - Order state updated - Master: None, Child: PENDING
2025-09-15 11:12:15,545 - INFO - Checking coordination - Master: None, Child: PENDING
2025-09-15 11:12:15,571 - INFO - PnL updated for account 1 (active): 0.0
2025-09-15 11:12:15,571 - INFO - Order state updated - Master: PENDING, Child: PENDING
2025-09-15 11:12:15,571 - INFO - Checking coordination - Master: PENDING, Child: PENDING
2025-09-15 11:13:47,826 - INFO - Getting token and lot size for trading symbol: SENSEX2591884000CE
2025-09-15 11:13:47,826 - INFO - Found token and lot size for SENSEX2591884000CE: 862433, 20
2025-09-15 11:13:47,826 - INFO - Generated quantity options for lot size 20: ['20', '40', '60', '80', '100', '120', '140', '160', '180', '200']
2025-09-15 11:13:47,826 - INFO - Updated quantity options for SENSEX2591884000CE with lot size 20: ['20', '40', '60', '80', '100', '120', '140', '160', '180', '200']
2025-09-15 11:13:47,826 - INFO - Modify Buy box populated with current LTP: 6.50
2025-09-15 11:13:52,629 - INFO - Getting token and lot size for trading symbol: SENSEX2591884000CE
2025-09-15 11:13:52,629 - INFO - Found token and lot size for SENSEX2591884000CE: 862433, 20
2025-09-15 11:13:52,644 - INFO - Generated quantity options for lot size 20: ['20', '40', '60', '80', '100', '120', '140', '160', '180', '200']
2025-09-15 11:13:52,644 - INFO - Updated quantity options for SENSEX2591884000CE with lot size 20: ['20', '40', '60', '80', '100', '120', '140', '160', '180', '200']
2025-09-15 11:13:52,646 - INFO - Getting token and lot size for trading symbol: SENSEX2591884000CE
2025-09-15 11:13:52,653 - INFO - Found token and lot size for SENSEX2591884000CE: 862433, 20
2025-09-15 11:13:52,653 - INFO - Using same quantity for both accounts: 20 (lot size: 20)
2025-09-15 11:13:53,349 - INFO - Order 25091500178263 modified successfully
2025-09-15 11:13:53,350 - INFO - Updating order 25091500178263
2025-09-15 11:13:53,350 - INFO - Order status debug - status: 'PENDING', reporttype: 'ModAck', trantype: 'B', price: '6.50'
2025-09-15 11:13:53,350 - ERROR - Error processing order update for account 1: Must have equal len keys and value when setting with an iterable
2025-09-15 11:13:53,377 - INFO - Order 25091500178262 modified successfully
2025-09-15 11:13:53,381 - INFO - Updating order 25091500178262
2025-09-15 11:13:53,382 - INFO - Order status debug - status: 'PENDING', reporttype: 'ModAck', trantype: 'B', price: '6.50'
2025-09-15 11:13:53,387 - ERROR - Error processing order update for account 2: Must have equal len keys and value when setting with an iterable
2025-09-15 11:13:53,389 - INFO - Master order status updated: Buy Order PENDING @ 6.50
2025-09-15 11:13:53,389 - INFO - Child order status updated: Buy Order PENDING @ 6.50
2025-09-15 11:13:53,395 - INFO - Updating order 25091500178263
2025-09-15 11:13:53,395 - INFO - Order status debug - status: 'PENDING', reporttype: 'PendingReplace', trantype: 'B', price: '6.50'
2025-09-15 11:13:53,396 - INFO - Updating order 25091500178262
2025-09-15 11:13:53,399 - ERROR - Error processing order update for account 1: Must have equal len keys and value when setting with an iterable
2025-09-15 11:13:53,400 - INFO - Order status debug - status: 'PENDING', reporttype: 'PendingReplace', trantype: 'B', price: '6.50'
2025-09-15 11:13:53,406 - ERROR - Error processing order update for account 2: Must have equal len keys and value when setting with an iterable
2025-09-15 11:13:53,407 - INFO - Master order status updated: Buy Order PENDING @ 6.50
2025-09-15 11:13:53,408 - INFO - Child order status updated: Buy Order PENDING @ 6.50
2025-09-15 11:13:53,412 - INFO - Updating order 25091500178263
2025-09-15 11:13:53,412 - INFO - Order status debug - status: 'OPEN', reporttype: 'Replaced', trantype: 'B', price: '6.50'
2025-09-15 11:13:53,413 - INFO - Updating order 25091500178262
2025-09-15 11:13:53,414 - INFO - Order status debug - status: 'OPEN', reporttype: 'Replaced', trantype: 'B', price: '6.50'
2025-09-15 11:13:53,415 - ERROR - Error processing order update for account 1: Must have equal len keys and value when setting with an iterable
2025-09-15 11:13:53,418 - ERROR - Error processing order update for account 2: Must have equal len keys and value when setting with an iterable
2025-09-15 11:13:53,418 - INFO - Master order status updated: Buy Order OPEN @ 6.50
2025-09-15 11:13:53,419 - INFO - Child order status updated: Buy Order OPEN @ 6.50
2025-09-15 11:14:07,460 - INFO - Order 25091500178263 cancelled successfully
2025-09-15 11:14:07,461 - INFO - Updating order 25091500178263
2025-09-15 11:14:07,461 - INFO - Order status debug - status: 'PENDING', reporttype: 'PendingCancel', trantype: 'B', price: '6.50'
2025-09-15 11:14:07,463 - ERROR - Error processing order update for account 1: Must have equal len keys and value when setting with an iterable
2025-09-15 11:14:07,475 - INFO - Order 25091500178262 cancelled successfully
2025-09-15 11:14:07,476 - INFO - Updating order 25091500178262
2025-09-15 11:14:07,476 - INFO - Order status debug - status: 'PENDING', reporttype: 'PendingCancel', trantype: 'B', price: '6.50'
2025-09-15 11:14:07,479 - ERROR - Error processing order update for account 2: Must have equal len keys and value when setting with an iterable
2025-09-15 11:14:07,486 - INFO - Buy button re-enabled after cancelling buy orders
2025-09-15 11:14:07,487 - INFO - SL and Target monitoring reset and fields cleared
2025-09-15 11:14:07,488 - INFO - Master order status updated: Buy Order PENDING @ 6.50
2025-09-15 11:14:07,488 - INFO - Child order status updated: Buy Order PENDING @ 6.50
2025-09-15 11:14:07,491 - INFO - Updating order 25091500178263
2025-09-15 11:14:07,493 - INFO - Order status debug - status: 'CANCELED', reporttype: 'Canceled', trantype: 'B', price: '6.50'
2025-09-15 11:14:07,494 - INFO - Updating order 25091500178262
2025-09-15 11:14:07,495 - INFO - Order status debug - status: 'CANCELED', reporttype: 'Canceled', trantype: 'B', price: '6.50'
2025-09-15 11:14:07,496 - ERROR - Error processing order update for account 1: Must have equal len keys and value when setting with an iterable
2025-09-15 11:14:07,501 - ERROR - Error processing order update for account 2: Must have equal len keys and value when setting with an iterable
2025-09-15 11:14:07,504 - INFO - Master order status updated: Buy Order CANCELED @ 6.50
2025-09-15 11:14:07,505 - INFO - Child order status updated: Buy Order CANCELED @ 6.50
2025-09-15 11:14:13,343 - INFO - Fetched NIFTY price: 25077.2
2025-09-15 11:14:13,344 - INFO - Updated strikes for NIFTY CE based on price 25077.2: [25000, 25050, 25100, 25150, 25200, 25250, 25300, 25350, 25400, 25450, 25500, 25550, 25600, 25650, 25700]
2025-09-15 11:14:13,344 - INFO - Getting token and lot size for trading symbol: NIFTY16SEP25C84000
2025-09-15 11:14:13,349 - ERROR - No token found for NIFTY16SEP25C84000
2025-09-15 11:14:13,366 - INFO - Available NFO symbols (first 10): ['ZYDUSLIFE30SEP25P1360' 'ZYDUSLIFE30SEP25C1360' 'ZYDUSLIFE30SEP25P1320'
 'ZYDUSLIFE30SEP25C1320' 'ZYDUSLIFE30SEP25P1280' 'ZYDUSLIFE30SEP25C1280'
 'ZYDUSLIFE30SEP25P1260' 'ZYDUSLIFE30SEP25C1260' 'ZYDUSLIFE30SEP25P1240'
 'ZYDUSLIFE30SEP25C1240']
2025-09-15 11:14:13,369 - WARNING - Lot size not found for NIFTY16SEP25C84000, using default quantities
2025-09-15 11:14:13,963 - INFO - Fetched NIFTY price: 25077.7
2025-09-15 11:14:13,965 - INFO - Updated strikes for NIFTY based on price 25077.7 and option CE: [25000, 25050, 25100, 25150, 25200, 25250, 25300, 25350, 25400, 25450, 25500, 25550, 25600, 25650, 25700]
2025-09-15 11:14:18,909 - INFO - Fetched NIFTY price: 25075.9
2025-09-15 11:14:18,910 - INFO - Index LTP for NIFTY: 25075.9
2025-09-15 11:14:19,491 - INFO - Fetched NIFTY price: 25075.85
2025-09-15 11:14:19,492 - INFO - Updated strikes for NIFTY PE based on price 25075.85: [24500, 24550, 24600, 24650, 24700, 24750, 24800, 24850, 24900, 24950, 25000, 25050, 25100, 25150, 25200]
2025-09-15 11:14:19,492 - INFO - Getting token and lot size for trading symbol: NIFTY16SEP25P84000
2025-09-15 11:14:19,499 - ERROR - No token found for NIFTY16SEP25P84000
2025-09-15 11:14:19,508 - INFO - Available NFO symbols (first 10): ['ZYDUSLIFE30SEP25P1360' 'ZYDUSLIFE30SEP25C1360' 'ZYDUSLIFE30SEP25P1320'
 'ZYDUSLIFE30SEP25C1320' 'ZYDUSLIFE30SEP25P1280' 'ZYDUSLIFE30SEP25C1280'
 'ZYDUSLIFE30SEP25P1260' 'ZYDUSLIFE30SEP25C1260' 'ZYDUSLIFE30SEP25P1240'
 'ZYDUSLIFE30SEP25C1240']
2025-09-15 11:14:19,509 - WARNING - Lot size not found for NIFTY16SEP25P84000, using default quantities
2025-09-15 11:14:23,098 - INFO - Fetched NIFTY price: 25076.45
2025-09-15 11:14:23,098 - INFO - Index LTP for NIFTY: 25076.45
2025-09-15 11:14:23,669 - INFO - Fetched NIFTY price: 25076.0
2025-09-15 11:14:23,670 - INFO - Updated strikes for NIFTY CE based on price 25076.0: [25000, 25050, 25100, 25150, 25200, 25250, 25300, 25350, 25400, 25450, 25500, 25550, 25600, 25650, 25700]
2025-09-15 11:14:23,671 - INFO - Getting token and lot size for trading symbol: NIFTY16SEP25C84000
2025-09-15 11:14:23,680 - ERROR - No token found for NIFTY16SEP25C84000
2025-09-15 11:14:23,695 - INFO - Available NFO symbols (first 10): ['ZYDUSLIFE30SEP25P1360' 'ZYDUSLIFE30SEP25C1360' 'ZYDUSLIFE30SEP25P1320'
 'ZYDUSLIFE30SEP25C1320' 'ZYDUSLIFE30SEP25P1280' 'ZYDUSLIFE30SEP25C1280'
 'ZYDUSLIFE30SEP25P1260' 'ZYDUSLIFE30SEP25C1260' 'ZYDUSLIFE30SEP25P1240'
 'ZYDUSLIFE30SEP25C1240']
2025-09-15 11:14:23,698 - WARNING - Lot size not found for NIFTY16SEP25C84000, using default quantities
2025-09-15 11:15:10,298 - INFO - Getting token and lot size for trading symbol: NIFTY16SEP25C25700
2025-09-15 11:15:10,306 - INFO - Found NFO token and lot size for NIFTY16SEP25C25700: 44836, 75
2025-09-15 11:15:10,306 - INFO - Generated quantity options for lot size 75: ['75', '150', '225', '300', '375', '450', '525', '600', '675', '750']
2025-09-15 11:15:10,307 - INFO - Updated quantity options for NIFTY16SEP25C25700 with lot size 75: ['75', '150', '225', '300', '375', '450', '525', '600', '675', '750']
2025-09-15 11:15:10,308 - INFO - Getting token for trading symbol: NIFTY16SEP25C25700
2025-09-15 11:15:10,316 - INFO - Found NFO token for NIFTY16SEP25C25700: 44836
2025-09-15 11:15:10,934 - INFO - Modify price fields cleared after auto-fetch
2025-09-15 11:15:10,935 - INFO - Getting token for trading symbol: NIFTY16SEP25C25700
2025-09-15 11:15:10,939 - INFO - Found NFO token for NIFTY16SEP25C25700: 44836
2025-09-15 11:15:10,940 - INFO - Unsubscribed from previous: BFO|862433
2025-09-15 11:15:10,940 - INFO - Subscribed to live price feed via master account: NFO|44836
2025-09-15 11:15:10,940 - INFO - Auto-subscribed to NIFTY16SEP25C25700 at price 1.15
2025-09-15 11:15:14,795 - INFO - Getting token and lot size for trading symbol: NIFTY16SEP25C25500
2025-09-15 11:15:14,803 - INFO - Found NFO token and lot size for NIFTY16SEP25C25500: 44828, 75
2025-09-15 11:15:14,804 - INFO - Generated quantity options for lot size 75: ['75', '150', '225', '300', '375', '450', '525', '600', '675', '750']
2025-09-15 11:15:14,805 - INFO - Updated quantity options for NIFTY16SEP25C25500 with lot size 75: ['75', '150', '225', '300', '375', '450', '525', '600', '675', '750']
2025-09-15 11:15:14,805 - INFO - Getting token for trading symbol: NIFTY16SEP25C25500
2025-09-15 11:15:14,812 - INFO - Found NFO token for NIFTY16SEP25C25500: 44828
2025-09-15 11:15:15,349 - INFO - Modify price fields cleared after auto-fetch
2025-09-15 11:15:15,349 - INFO - Getting token for trading symbol: NIFTY16SEP25C25500
2025-09-15 11:15:15,356 - INFO - Found NFO token for NIFTY16SEP25C25500: 44828
2025-09-15 11:15:15,356 - INFO - Unsubscribed from previous: NFO|44836
2025-09-15 11:15:15,356 - INFO - Subscribed to live price feed via master account: NFO|44828
2025-09-15 11:15:15,356 - INFO - Auto-subscribed to NIFTY16SEP25C25500 at price 1.7
2025-09-15 11:15:32,338 - INFO - Getting token and lot size for trading symbol: NIFTY16SEP25C25500
2025-09-15 11:15:32,349 - INFO - Found NFO token and lot size for NIFTY16SEP25C25500: 44828, 75
2025-09-15 11:15:32,349 - INFO - Generated quantity options for lot size 75: ['75', '150', '225', '300', '375', '450', '525', '600', '675', '750']
2025-09-15 11:15:32,349 - INFO - Updated quantity options for NIFTY16SEP25C25500 with lot size 75: ['75', '150', '225', '300', '375', '450', '525', '600', '675', '750']
2025-09-15 11:15:32,352 - INFO - Getting token and lot size for trading symbol: NIFTY16SEP25C25500
2025-09-15 11:15:32,357 - INFO - Found NFO token and lot size for NIFTY16SEP25C25500: 44828, 75
2025-09-15 11:15:32,360 - INFO - Using same quantity for both accounts: 75 (lot size: 75)
2025-09-15 11:15:32,360 - INFO - Active accounts: [1, 2]
2025-09-15 11:15:32,360 - INFO - Placing buy orders for accounts: [1, 2]
2025-09-15 11:15:32,360 - INFO - Trading symbol: NIFTY16SEP25C25500, Price: 1.5
2025-09-15 11:15:32,362 - INFO - Quantities: [75, 75]
2025-09-15 11:15:32,362 - INFO - Account 1: API=True, Qty=75, Active=True
2025-09-15 11:15:32,365 - INFO - Placing order for account 1 with parameters: {'buy_or_sell': 'B', 'product_type': 'I', 'exchange': 'NFO', 'tradingsymbol': 'NIFTY16SEP25C25500', 'quantity': 75, 'discloseqty': 0, 'price_type': 'LMT', 'price': 1.5, 'trigger_price': None, 'retention': 'DAY', 'amo': 'NO', 'remarks': None}
2025-09-15 11:15:32,365 - INFO - Account 2: API=True, Qty=75, Active=True
2025-09-15 11:15:32,365 - INFO - API instance for account 1: True
2025-09-15 11:15:32,367 - INFO - Placing order for account 2 with parameters: {'buy_or_sell': 'B', 'product_type': 'I', 'exchange': 'NFO', 'tradingsymbol': 'NIFTY16SEP25C25500', 'quantity': 75, 'discloseqty': 0, 'price_type': 'LMT', 'price': 1.5, 'trigger_price': None, 'retention': 'DAY', 'amo': 'NO', 'remarks': None}
2025-09-15 11:15:32,369 - INFO - API instance for account 2: True
2025-09-15 11:15:33,270 - INFO - API response: {'request_time': '11:15:33 15-09-2025', 'stat': 'Ok', 'norenordno': '25091500180356'}
2025-09-15 11:15:33,273 - INFO - API response: {'request_time': '11:15:33 15-09-2025', 'stat': 'Ok', 'norenordno': '25091500180357'}
2025-09-15 11:15:33,273 - INFO - API response type: <class 'dict'>
2025-09-15 11:15:33,274 - INFO - API response type: <class 'dict'>
2025-09-15 11:15:33,276 - INFO - New order received: 25091500180356
2025-09-15 11:15:33,277 - INFO - Order status debug - status: 'PENDING', reporttype: 'NewAck', trantype: 'B', price: '1.50'
2025-09-15 11:15:33,277 - INFO - Buy order placed successfully: {'request_time': '11:15:33 15-09-2025', 'stat': 'Ok', 'norenordno': '25091500180356'}
2025-09-15 11:15:33,279 - INFO - Buy order placed successfully: {'request_time': '11:15:33 15-09-2025', 'stat': 'Ok', 'norenordno': '25091500180357'}
2025-09-15 11:15:33,280 - INFO - New order received: 25091500180357
2025-09-15 11:15:33,281 - INFO - Order status debug - status: 'PENDING', reporttype: 'NewAck', trantype: 'B', price: '1.50'
2025-09-15 11:15:33,297 - INFO - Cross-account coordination started
2025-09-15 11:15:33,308 - INFO - Order data saved to orders.csv
2025-09-15 11:15:33,308 - INFO - Cross-account coordination started for buy orders
2025-09-15 11:15:33,310 - INFO - Account 1 - B PENDING NewAck
2025-09-15 11:15:33,318 - INFO - Order data saved to orders.csv
2025-09-15 11:15:33,320 - INFO - Buy button disabled to prevent duplicate orders
2025-09-15 11:15:33,322 - INFO - Account 2 - B PENDING NewAck
2025-09-15 11:15:33,327 - INFO - Cancel Buy and Modify Buy buttons enabled after buy orders placed
2025-09-15 11:15:33,329 - INFO - Exit button kept disabled until buy orders are completed
2025-09-15 11:15:33,332 - INFO - Master order status updated: Buy Order PENDING @ 1.50
2025-09-15 11:15:33,332 - INFO - Child order status updated: Buy Order PENDING @ 1.50
2025-09-15 11:15:33,339 - INFO - Updating order 25091500180356
2025-09-15 11:15:33,339 - INFO - Order status debug - status: 'PENDING', reporttype: 'PendingNew', trantype: 'B', price: '1.50'
2025-09-15 11:15:33,341 - INFO - Updating order 25091500180357
2025-09-15 11:15:33,344 - ERROR - Error processing order update for account 1: Must have equal len keys and value when setting with an iterable
2025-09-15 11:15:33,345 - INFO - Order status debug - status: 'PENDING', reporttype: 'PendingNew', trantype: 'B', price: '1.50'
2025-09-15 11:15:33,350 - ERROR - Error processing order update for account 2: Must have equal len keys and value when setting with an iterable
2025-09-15 11:15:33,357 - INFO - Master order status updated: Buy Order PENDING @ 1.50
2025-09-15 11:15:33,357 - INFO - Child order status updated: Buy Order PENDING @ 1.50
2025-09-15 11:15:33,396 - INFO - Updating order 25091500180357
2025-09-15 11:15:33,396 - INFO - Order status debug - status: 'OPEN', reporttype: 'New', trantype: 'B', price: '1.50'
2025-09-15 11:15:33,397 - INFO - Updating order 25091500180356
2025-09-15 11:15:33,398 - ERROR - Error processing order update for account 2: Must have equal len keys and value when setting with an iterable
2025-09-15 11:15:33,398 - INFO - Order status debug - status: 'OPEN', reporttype: 'New', trantype: 'B', price: '1.50'
2025-09-15 11:15:33,401 - ERROR - Error processing order update for account 1: Must have equal len keys and value when setting with an iterable
2025-09-15 11:15:33,403 - INFO - Child order status updated: Buy Order Open @ 1.50
2025-09-15 11:15:33,403 - INFO - Master order status updated: Buy Order Open @ 1.50
2025-09-15 11:15:34,086 - INFO - PnL updated for account 1 (active): 0.0
2025-09-15 11:15:34,086 - INFO - Order state updated - Master: PENDING, Child: None
2025-09-15 11:15:34,086 - INFO - Checking coordination - Master: PENDING, Child: None
2025-09-15 11:15:34,208 - INFO - PnL updated for account 2 (active): 0.0
2025-09-15 11:15:34,208 - INFO - Order state updated - Master: PENDING, Child: PENDING
2025-09-15 11:15:34,209 - INFO - Checking coordination - Master: PENDING, Child: PENDING
2025-09-15 11:15:38,427 - INFO - Getting token and lot size for trading symbol: NIFTY16SEP25C25500
2025-09-15 11:15:38,438 - INFO - Found NFO token and lot size for NIFTY16SEP25C25500: 44828, 75
2025-09-15 11:15:38,438 - INFO - Generated quantity options for lot size 75: ['75', '150', '225', '300', '375', '450', '525', '600', '675', '750']
2025-09-15 11:15:38,438 - INFO - Updated quantity options for NIFTY16SEP25C25500 with lot size 75: ['75', '150', '225', '300', '375', '450', '525', '600', '675', '750']
2025-09-15 11:15:38,438 - INFO - Modify Buy box populated with current LTP: 1.70
2025-09-15 11:15:43,654 - INFO - Getting token and lot size for trading symbol: NIFTY16SEP25C25500
2025-09-15 11:15:43,659 - INFO - Found NFO token and lot size for NIFTY16SEP25C25500: 44828, 75
2025-09-15 11:15:43,659 - INFO - Generated quantity options for lot size 75: ['75', '150', '225', '300', '375', '450', '525', '600', '675', '750']
2025-09-15 11:15:43,660 - INFO - Updated quantity options for NIFTY16SEP25C25500 with lot size 75: ['75', '150', '225', '300', '375', '450', '525', '600', '675', '750']
2025-09-15 11:15:43,660 - INFO - Getting token and lot size for trading symbol: NIFTY16SEP25C25500
2025-09-15 11:15:43,664 - INFO - Found NFO token and lot size for NIFTY16SEP25C25500: 44828, 75
2025-09-15 11:15:43,664 - INFO - Using same quantity for both accounts: 75 (lot size: 75)
2025-09-15 11:15:44,290 - INFO - Order 25091500180356 modified successfully
2025-09-15 11:15:44,341 - INFO - Order 25091500180357 modified successfully
2025-09-15 11:15:44,345 - INFO - Updating order 25091500180357
2025-09-15 11:15:44,346 - INFO - Order status debug - status: 'PENDING', reporttype: 'ModAck', trantype: 'B', price: '1.65'
2025-09-15 11:15:44,347 - ERROR - Error processing order update for account 2: Must have equal len keys and value when setting with an iterable
2025-09-15 11:15:44,350 - INFO - Child order status updated: Buy Order PENDING @ 1.65
2025-09-15 11:15:44,351 - INFO - Updating order 25091500180356
2025-09-15 11:15:44,351 - INFO - Order status debug - status: 'PENDING', reporttype: 'ModAck', trantype: 'B', price: '1.65'
2025-09-15 11:15:44,353 - ERROR - Error processing order update for account 1: Must have equal len keys and value when setting with an iterable
2025-09-15 11:15:44,354 - INFO - Updating order 25091500180357
2025-09-15 11:15:44,354 - INFO - Order status debug - status: 'PENDING', reporttype: 'PendingReplace', trantype: 'B', price: '1.65'
2025-09-15 11:15:44,354 - INFO - Master order status updated: Buy Order PENDING @ 1.65
2025-09-15 11:15:44,355 - ERROR - Error processing order update for account 2: Must have equal len keys and value when setting with an iterable
2025-09-15 11:15:44,355 - INFO - Child order status updated: Buy Order PENDING @ 1.65
2025-09-15 11:15:44,358 - INFO - Updating order 25091500180356
2025-09-15 11:15:44,358 - INFO - Order status debug - status: 'PENDING', reporttype: 'PendingReplace', trantype: 'B', price: '1.65'
2025-09-15 11:15:44,360 - ERROR - Error processing order update for account 1: Must have equal len keys and value when setting with an iterable
2025-09-15 11:15:44,361 - INFO - Master order status updated: Buy Order PENDING @ 1.65
2025-09-15 11:15:44,366 - INFO - Updating order 25091500180356
2025-09-15 11:15:44,366 - INFO - Order status debug - status: 'OPEN', reporttype: 'Replaced', trantype: 'B', price: '1.65'
2025-09-15 11:15:44,370 - ERROR - Error processing order update for account 1: Must have equal len keys and value when setting with an iterable
2025-09-15 11:15:44,371 - INFO - Master order status updated: Buy Order OPEN @ 1.65
2025-09-15 11:15:44,373 - INFO - Updating order 25091500180357
2025-09-15 11:15:44,373 - INFO - Order status debug - status: 'OPEN', reporttype: 'Replaced', trantype: 'B', price: '1.65'
2025-09-15 11:15:44,375 - ERROR - Error processing order update for account 2: Must have equal len keys and value when setting with an iterable
2025-09-15 11:15:44,375 - INFO - Child order status updated: Buy Order OPEN @ 1.65
2025-09-15 11:18:44,834 - INFO - Order 25091500180356 cancelled successfully
2025-09-15 11:18:44,865 - INFO - Order 25091500180357 cancelled successfully
2025-09-15 11:18:44,866 - INFO - Updating order 25091500180357
2025-09-15 11:18:44,866 - INFO - Order status debug - status: 'PENDING', reporttype: 'PendingCancel', trantype: 'B', price: '1.65'
2025-09-15 11:18:44,867 - ERROR - Error processing order update for account 2: Must have equal len keys and value when setting with an iterable
2025-09-15 11:18:44,869 - INFO - Buy button re-enabled after cancelling buy orders
2025-09-15 11:18:44,870 - INFO - SL and Target monitoring reset and fields cleared
2025-09-15 11:18:44,872 - INFO - Child order status updated: Buy Order PENDING @ 1.65
2025-09-15 11:18:44,874 - INFO - Updating order 25091500180356
2025-09-15 11:18:44,874 - INFO - Order status debug - status: 'PENDING', reporttype: 'PendingCancel', trantype: 'B', price: '1.65'
2025-09-15 11:18:44,879 - ERROR - Error processing order update for account 1: Must have equal len keys and value when setting with an iterable
2025-09-15 11:18:44,885 - INFO - Master order status updated: Buy Order PENDING @ 1.65
2025-09-15 11:18:44,888 - INFO - Updating order 25091500180356
2025-09-15 11:18:44,888 - INFO - Order status debug - status: 'CANCELED', reporttype: 'Canceled', trantype: 'B', price: '1.65'
2025-09-15 11:18:44,890 - ERROR - Error processing order update for account 1: Must have equal len keys and value when setting with an iterable
2025-09-15 11:18:44,891 - INFO - Master order status updated: Buy Order CANCELED @ 1.65
2025-09-15 11:18:44,892 - INFO - Updating order 25091500180357
2025-09-15 11:18:44,893 - INFO - Order status debug - status: 'CANCELED', reporttype: 'Canceled', trantype: 'B', price: '1.65'
2025-09-15 11:18:44,898 - ERROR - Error processing order update for account 2: Must have equal len keys and value when setting with an iterable
2025-09-15 11:18:44,901 - INFO - Child order status updated: Buy Order CANCELED @ 1.65
2025-09-15 11:18:53,912 - INFO - Fetched NIFTY price: 25071.5
2025-09-15 11:18:53,913 - INFO - Index LTP for NIFTY: 25071.5
2025-09-15 11:18:54,500 - INFO - Fetched NIFTY price: 25071.5
2025-09-15 11:18:54,501 - INFO - Updated strikes for NIFTY PE based on price 25071.5: [24450, 24500, 24550, 24600, 24650, 24700, 24750, 24800, 24850, 24900, 24950, 25000, 25050, 25100, 25150]
2025-09-15 11:18:54,501 - INFO - Getting token and lot size for trading symbol: NIFTY16SEP25P25500
2025-09-15 11:18:54,506 - INFO - Found NFO token and lot size for NIFTY16SEP25P25500: 44829, 75
2025-09-15 11:18:54,506 - INFO - Generated quantity options for lot size 75: ['75', '150', '225', '300', '375', '450', '525', '600', '675', '750']
2025-09-15 11:18:54,507 - INFO - Updated quantity options for NIFTY16SEP25P25500 with lot size 75: ['75', '150', '225', '300', '375', '450', '525', '600', '675', '750']
2025-09-15 11:19:07,917 - INFO - Getting token and lot size for trading symbol: NIFTY16SEP25P24450
2025-09-15 11:19:07,925 - INFO - Found NFO token and lot size for NIFTY16SEP25P24450: 44575, 75
2025-09-15 11:19:07,926 - INFO - Generated quantity options for lot size 75: ['75', '150', '225', '300', '375', '450', '525', '600', '675', '750']
2025-09-15 11:19:07,926 - INFO - Updated quantity options for NIFTY16SEP25P24450 with lot size 75: ['75', '150', '225', '300', '375', '450', '525', '600', '675', '750']
2025-09-15 11:19:07,927 - INFO - Getting token for trading symbol: NIFTY16SEP25P24450
2025-09-15 11:19:07,936 - INFO - Found NFO token for NIFTY16SEP25P24450: 44575
2025-09-15 11:19:08,518 - INFO - Modify price fields cleared after auto-fetch
2025-09-15 11:19:08,519 - INFO - Getting token for trading symbol: NIFTY16SEP25P24450
2025-09-15 11:19:08,525 - INFO - Found NFO token for NIFTY16SEP25P24450: 44575
2025-09-15 11:19:08,526 - INFO - Unsubscribed from previous: NFO|44828
2025-09-15 11:19:08,527 - INFO - Subscribed to live price feed via master account: NFO|44575
2025-09-15 11:19:08,527 - INFO - Auto-subscribed to NIFTY16SEP25P24450 at price 1.85
2025-09-15 11:19:13,405 - INFO - Getting token and lot size for trading symbol: NIFTY16SEP25P24500
2025-09-15 11:19:13,414 - INFO - Found NFO token and lot size for NIFTY16SEP25P24500: 44581, 75
2025-09-15 11:19:13,415 - INFO - Generated quantity options for lot size 75: ['75', '150', '225', '300', '375', '450', '525', '600', '675', '750']
2025-09-15 11:19:13,416 - INFO - Updated quantity options for NIFTY16SEP25P24500 with lot size 75: ['75', '150', '225', '300', '375', '450', '525', '600', '675', '750']
2025-09-15 11:19:13,416 - INFO - Getting token for trading symbol: NIFTY16SEP25P24500
2025-09-15 11:19:13,424 - INFO - Found NFO token for NIFTY16SEP25P24500: 44581
2025-09-15 11:19:14,240 - INFO - Modify price fields cleared after auto-fetch
2025-09-15 11:19:14,240 - INFO - Getting token for trading symbol: NIFTY16SEP25P24500
2025-09-15 11:19:14,254 - INFO - Found NFO token for NIFTY16SEP25P24500: 44581
2025-09-15 11:19:14,256 - INFO - Unsubscribed from previous: NFO|44575
2025-09-15 11:19:14,257 - INFO - Subscribed to live price feed via master account: NFO|44581
2025-09-15 11:19:14,258 - INFO - Auto-subscribed to NIFTY16SEP25P24500 at price 2.0
2025-09-15 11:19:40,533 - INFO - Getting token and lot size for trading symbol: NIFTY16SEP25P24500
2025-09-15 11:19:40,543 - INFO - Found NFO token and lot size for NIFTY16SEP25P24500: 44581, 75
2025-09-15 11:19:40,544 - INFO - Generated quantity options for lot size 75: ['75', '150', '225', '300', '375', '450', '525', '600', '675', '750']
2025-09-15 11:19:40,546 - INFO - Updated quantity options for NIFTY16SEP25P24500 with lot size 75: ['75', '150', '225', '300', '375', '450', '525', '600', '675', '750']
2025-09-15 11:19:40,546 - INFO - Getting token and lot size for trading symbol: NIFTY16SEP25P24500
2025-09-15 11:19:40,552 - INFO - Found NFO token and lot size for NIFTY16SEP25P24500: 44581, 75
2025-09-15 11:19:40,552 - INFO - Using same quantity for both accounts: 75 (lot size: 75)
2025-09-15 11:19:40,552 - INFO - Active accounts: [1, 2]
2025-09-15 11:19:40,557 - INFO - Placing buy orders for accounts: [1, 2]
2025-09-15 11:19:40,558 - INFO - Trading symbol: NIFTY16SEP25P24500, Price: 1.9
2025-09-15 11:19:40,559 - INFO - Quantities: [75, 75]
2025-09-15 11:19:40,559 - INFO - Account 1: API=True, Qty=75, Active=True
2025-09-15 11:19:40,561 - INFO - Placing order for account 1 with parameters: {'buy_or_sell': 'B', 'product_type': 'I', 'exchange': 'NFO', 'tradingsymbol': 'NIFTY16SEP25P24500', 'quantity': 75, 'discloseqty': 0, 'price_type': 'LMT', 'price': 1.9, 'trigger_price': None, 'retention': 'DAY', 'amo': 'NO', 'remarks': None}
2025-09-15 11:19:40,561 - INFO - Account 2: API=True, Qty=75, Active=True
2025-09-15 11:19:40,561 - INFO - API instance for account 1: True
2025-09-15 11:19:40,563 - INFO - Placing order for account 2 with parameters: {'buy_or_sell': 'B', 'product_type': 'I', 'exchange': 'NFO', 'tradingsymbol': 'NIFTY16SEP25P24500', 'quantity': 75, 'discloseqty': 0, 'price_type': 'LMT', 'price': 1.9, 'trigger_price': None, 'retention': 'DAY', 'amo': 'NO', 'remarks': None}
2025-09-15 11:19:40,565 - INFO - API instance for account 2: True
2025-09-15 11:19:41,302 - INFO - API response: {'request_time': '11:19:41 15-09-2025', 'stat': 'Ok', 'norenordno': '25091500183317'}
2025-09-15 11:19:41,303 - INFO - API response type: <class 'dict'>
2025-09-15 11:19:41,303 - INFO - Buy order placed successfully: {'request_time': '11:19:41 15-09-2025', 'stat': 'Ok', 'norenordno': '25091500183317'}
2025-09-15 11:19:41,304 - INFO - New order received: 25091500183317
2025-09-15 11:19:41,304 - INFO - Order status debug - status: 'PENDING', reporttype: 'NewAck', trantype: 'B', price: '1.90'
2025-09-15 11:19:41,307 - INFO - Order data saved to orders.csv
2025-09-15 11:19:41,308 - INFO - Account 2 - B PENDING NewAck
2025-09-15 11:19:41,309 - INFO - API response: {'request_time': '11:19:41 15-09-2025', 'stat': 'Ok', 'norenordno': '25091500183318'}
2025-09-15 11:19:41,311 - INFO - API response type: <class 'dict'>
2025-09-15 11:19:41,312 - INFO - Buy order placed successfully: {'request_time': '11:19:41 15-09-2025', 'stat': 'Ok', 'norenordno': '25091500183318'}
2025-09-15 11:19:41,312 - INFO - New order received: 25091500183318
2025-09-15 11:19:41,312 - INFO - Order status debug - status: 'PENDING', reporttype: 'NewAck', trantype: 'B', price: '1.90'
2025-09-15 11:19:41,313 - INFO - Cross-account coordination started
2025-09-15 11:19:41,319 - INFO - Order data saved to orders.csv
2025-09-15 11:19:41,320 - INFO - Cross-account coordination started for buy orders
2025-09-15 11:19:41,321 - INFO - Account 1 - B PENDING NewAck
2025-09-15 11:19:41,325 - INFO - Buy button disabled to prevent duplicate orders
2025-09-15 11:19:41,327 - INFO - Cancel Buy and Modify Buy buttons enabled after buy orders placed
2025-09-15 11:19:41,328 - INFO - Exit button kept disabled until buy orders are completed
2025-09-15 11:19:41,328 - INFO - Child order status updated: Buy Order PENDING @ 1.90
2025-09-15 11:19:41,329 - INFO - Master order status updated: Buy Order PENDING @ 1.90
2025-09-15 11:19:41,335 - INFO - Updating order 25091500183318
2025-09-15 11:19:41,336 - INFO - Order status debug - status: 'PENDING', reporttype: 'PendingNew', trantype: 'B', price: '1.90'
2025-09-15 11:19:41,336 - INFO - Updating order 25091500183317
2025-09-15 11:19:41,338 - ERROR - Error processing order update for account 1: Must have equal len keys and value when setting with an iterable
2025-09-15 11:19:41,339 - INFO - Order status debug - status: 'PENDING', reporttype: 'PendingNew', trantype: 'B', price: '1.90'
2025-09-15 11:19:41,344 - ERROR - Error processing order update for account 2: Must have equal len keys and value when setting with an iterable
2025-09-15 11:19:41,345 - INFO - Master order status updated: Buy Order PENDING @ 1.90
2025-09-15 11:19:41,345 - INFO - Child order status updated: Buy Order PENDING @ 1.90
2025-09-15 11:19:41,349 - INFO - Updating order 25091500183317
2025-09-15 11:19:41,351 - INFO - Order status debug - status: 'OPEN', reporttype: 'New', trantype: 'B', price: '1.90'
2025-09-15 11:19:41,355 - ERROR - Error processing order update for account 2: Must have equal len keys and value when setting with an iterable
2025-09-15 11:19:41,355 - INFO - Updating order 25091500183318
2025-09-15 11:19:41,355 - INFO - Order status debug - status: 'OPEN', reporttype: 'New', trantype: 'B', price: '1.90'
2025-09-15 11:19:41,357 - ERROR - Error processing order update for account 1: Must have equal len keys and value when setting with an iterable
2025-09-15 11:19:41,358 - INFO - Child order status updated: Buy Order Open @ 1.90
2025-09-15 11:19:41,358 - INFO - Master order status updated: Buy Order Open @ 1.90
2025-09-15 11:19:42,111 - INFO - PnL updated for account 2 (active): 0.0
2025-09-15 11:19:42,111 - INFO - Order state updated - Master: None, Child: PENDING
2025-09-15 11:19:42,111 - INFO - Checking coordination - Master: None, Child: PENDING
2025-09-15 11:19:42,128 - INFO - PnL updated for account 1 (active): 0.0
2025-09-15 11:19:42,128 - INFO - Order state updated - Master: PENDING, Child: PENDING
2025-09-15 11:19:42,128 - INFO - Checking coordination - Master: PENDING, Child: PENDING
2025-09-15 11:19:44,249 - INFO - Getting token and lot size for trading symbol: NIFTY16SEP25P24500
2025-09-15 11:19:44,256 - INFO - Found NFO token and lot size for NIFTY16SEP25P24500: 44581, 75
2025-09-15 11:19:44,258 - INFO - Generated quantity options for lot size 75: ['75', '150', '225', '300', '375', '450', '525', '600', '675', '750']
2025-09-15 11:19:44,259 - INFO - Updated quantity options for NIFTY16SEP25P24500 with lot size 75: ['75', '150', '225', '300', '375', '450', '525', '600', '675', '750']
2025-09-15 11:19:44,260 - INFO - Modify Buy box populated with current LTP: 2.00
2025-09-15 11:19:51,161 - INFO - Getting token and lot size for trading symbol: NIFTY16SEP25P24500
2025-09-15 11:19:51,171 - INFO - Found NFO token and lot size for NIFTY16SEP25P24500: 44581, 75
2025-09-15 11:19:51,171 - INFO - Generated quantity options for lot size 75: ['75', '150', '225', '300', '375', '450', '525', '600', '675', '750']
2025-09-15 11:19:51,172 - INFO - Updated quantity options for NIFTY16SEP25P24500 with lot size 75: ['75', '150', '225', '300', '375', '450', '525', '600', '675', '750']
2025-09-15 11:19:51,173 - INFO - Getting token and lot size for trading symbol: NIFTY16SEP25P24500
2025-09-15 11:19:51,181 - INFO - Found NFO token and lot size for NIFTY16SEP25P24500: 44581, 75
2025-09-15 11:19:51,181 - INFO - Using same quantity for both accounts: 75 (lot size: 75)
2025-09-15 11:19:51,905 - INFO - Order 25091500183318 modified successfully
2025-09-15 11:19:51,938 - INFO - Order 25091500183317 modified successfully
2025-09-15 11:19:51,939 - INFO - Updating order 25091500183317
2025-09-15 11:19:51,939 - INFO - Order status debug - status: 'PENDING', reporttype: 'ModAck', trantype: 'B', price: '1.95'
2025-09-15 11:19:51,941 - ERROR - Error processing order update for account 2: Must have equal len keys and value when setting with an iterable
2025-09-15 11:19:51,945 - INFO - Child order status updated: Buy Order PENDING @ 1.95
2025-09-15 11:19:51,946 - INFO - Updating order 25091500183318
2025-09-15 11:19:51,946 - INFO - Order status debug - status: 'PENDING', reporttype: 'ModAck', trantype: 'B', price: '1.95'
2025-09-15 11:19:51,953 - ERROR - Error processing order update for account 1: Must have equal len keys and value when setting with an iterable
2025-09-15 11:19:51,953 - INFO - Updating order 25091500183317
2025-09-15 11:19:51,954 - INFO - Order status debug - status: 'PENDING', reporttype: 'PendingReplace', trantype: 'B', price: '1.95'
2025-09-15 11:19:51,955 - INFO - Master order status updated: Buy Order PENDING @ 1.95
2025-09-15 11:19:51,957 - ERROR - Error processing order update for account 2: Must have equal len keys and value when setting with an iterable
2025-09-15 11:19:51,958 - INFO - Child order status updated: Buy Order PENDING @ 1.95
2025-09-15 11:19:51,959 - INFO - Updating order 25091500183318
2025-09-15 11:19:51,959 - INFO - Order status debug - status: 'PENDING', reporttype: 'PendingReplace', trantype: 'B', price: '1.95'
2025-09-15 11:19:51,961 - ERROR - Error processing order update for account 1: Must have equal len keys and value when setting with an iterable
2025-09-15 11:19:51,963 - INFO - Master order status updated: Buy Order PENDING @ 1.95
2025-09-15 11:19:51,965 - INFO - Updating order 25091500183318
2025-09-15 11:19:51,965 - INFO - Order status debug - status: 'OPEN', reporttype: 'Replaced', trantype: 'B', price: '1.95'
2025-09-15 11:19:51,965 - INFO - Updating order 25091500183317
2025-09-15 11:19:51,970 - ERROR - Error processing order update for account 1: Must have equal len keys and value when setting with an iterable
2025-09-15 11:19:51,970 - INFO - Order status debug - status: 'OPEN', reporttype: 'Replaced', trantype: 'B', price: '1.95'
2025-09-15 11:19:51,970 - INFO - Master order status updated: Buy Order OPEN @ 1.95
2025-09-15 11:19:51,972 - ERROR - Error processing order update for account 2: Must have equal len keys and value when setting with an iterable
2025-09-15 11:19:51,973 - INFO - Child order status updated: Buy Order OPEN @ 1.95
2025-09-15 11:20:50,762 - INFO - Getting token and lot size for trading symbol: NIFTY16SEP25P24500
2025-09-15 11:20:50,768 - INFO - Found NFO token and lot size for NIFTY16SEP25P24500: 44581, 75
2025-09-15 11:20:50,768 - INFO - Generated quantity options for lot size 75: ['75', '150', '225', '300', '375', '450', '525', '600', '675', '750']
2025-09-15 11:20:50,769 - INFO - Updated quantity options for NIFTY16SEP25P24500 with lot size 75: ['75', '150', '225', '300', '375', '450', '525', '600', '675', '750']
2025-09-15 11:20:50,769 - INFO - Getting token and lot size for trading symbol: NIFTY16SEP25P24500
2025-09-15 11:20:50,773 - INFO - Found NFO token and lot size for NIFTY16SEP25P24500: 44581, 75
2025-09-15 11:20:50,774 - INFO - Using same quantity for both accounts: 75 (lot size: 75)
2025-09-15 11:20:51,507 - INFO - Order 25091500183318 modified successfully
2025-09-15 11:20:51,507 - INFO - Updating order 25091500183318
2025-09-15 11:20:51,508 - INFO - Order status debug - status: 'PENDING', reporttype: 'ModAck', trantype: 'B', price: '2.00'
2025-09-15 11:20:51,511 - ERROR - Error processing order update for account 1: Must have equal len keys and value when setting with an iterable
2025-09-15 11:20:51,541 - INFO - Order 25091500183317 modified successfully
2025-09-15 11:20:51,544 - INFO - Updating order 25091500183317
2025-09-15 11:20:51,545 - INFO - Order status debug - status: 'PENDING', reporttype: 'ModAck', trantype: 'B', price: '2.00'
2025-09-15 11:20:51,550 - ERROR - Error processing order update for account 2: Must have equal len keys and value when setting with an iterable
2025-09-15 11:20:51,552 - INFO - Master order status updated: Buy Order PENDING @ 2.00
2025-09-15 11:20:51,559 - INFO - Child order status updated: Buy Order PENDING @ 2.00
2025-09-15 11:20:51,562 - INFO - Updating order 25091500183318
2025-09-15 11:20:51,562 - INFO - Order status debug - status: 'PENDING', reporttype: 'PendingReplace', trantype: 'B', price: '2.00'
2025-09-15 11:20:51,567 - ERROR - Error processing order update for account 1: Must have equal len keys and value when setting with an iterable
2025-09-15 11:20:51,571 - INFO - Updating order 25091500183317
2025-09-15 11:20:51,573 - INFO - Order status debug - status: 'PENDING', reporttype: 'PendingReplace', trantype: 'B', price: '2.00'
2025-09-15 11:20:51,579 - ERROR - Error processing order update for account 2: Must have equal len keys and value when setting with an iterable
2025-09-15 11:20:51,586 - INFO - Master order status updated: Buy Order PENDING @ 2.00
2025-09-15 11:20:51,586 - INFO - Child order status updated: Buy Order PENDING @ 2.00
2025-09-15 11:20:51,593 - INFO - Updating order 25091500183318
2025-09-15 11:20:51,593 - INFO - Order status debug - status: 'OPEN', reporttype: 'Replaced', trantype: 'B', price: '2.00'
2025-09-15 11:20:51,593 - INFO - Updating order 25091500183317
2025-09-15 11:20:51,594 - INFO - Order status debug - status: 'OPEN', reporttype: 'Replaced', trantype: 'B', price: '2.00'
2025-09-15 11:20:51,601 - ERROR - Error processing order update for account 1: Must have equal len keys and value when setting with an iterable
2025-09-15 11:20:51,605 - ERROR - Error processing order update for account 2: Must have equal len keys and value when setting with an iterable
2025-09-15 11:20:51,605 - INFO - Master order status updated: Buy Order OPEN @ 2.00
2025-09-15 11:20:51,607 - INFO - Child order status updated: Buy Order OPEN @ 2.00
2025-09-15 11:21:43,039 - INFO - Order 25091500183318 cancelled successfully
2025-09-15 11:21:43,040 - INFO - Updating order 25091500183318
2025-09-15 11:21:43,040 - INFO - Order status debug - status: 'PENDING', reporttype: 'PendingCancel', trantype: 'B', price: '2.00'
2025-09-15 11:21:43,041 - ERROR - Error processing order update for account 1: Must have equal len keys and value when setting with an iterable
2025-09-15 11:21:43,085 - INFO - Order 25091500183317 cancelled successfully
2025-09-15 11:21:43,085 - INFO - Updating order 25091500183317
2025-09-15 11:21:43,085 - INFO - Order status debug - status: 'PENDING', reporttype: 'PendingCancel', trantype: 'B', price: '2.00'
2025-09-15 11:21:43,087 - ERROR - Error processing order update for account 2: Must have equal len keys and value when setting with an iterable
2025-09-15 11:21:43,088 - INFO - Buy button re-enabled after cancelling buy orders
2025-09-15 11:21:43,089 - INFO - SL and Target monitoring reset and fields cleared
2025-09-15 11:21:43,090 - INFO - Master order status updated: Buy Order PENDING @ 2.00
2025-09-15 11:21:43,091 - INFO - Child order status updated: Buy Order PENDING @ 2.00
2025-09-15 11:21:43,092 - INFO - Updating order 25091500183318
2025-09-15 11:21:43,092 - INFO - Order status debug - status: 'CANCELED', reporttype: 'Canceled', trantype: 'B', price: '2.00'
2025-09-15 11:21:43,095 - ERROR - Error processing order update for account 1: Must have equal len keys and value when setting with an iterable
2025-09-15 11:21:43,096 - INFO - Master order status updated: Buy Order CANCELED @ 2.00
2025-09-15 11:21:43,112 - INFO - Updating order 25091500183317
2025-09-15 11:21:43,113 - INFO - Order status debug - status: 'CANCELED', reporttype: 'Canceled', trantype: 'B', price: '2.00'
2025-09-15 11:21:43,115 - ERROR - Error processing order update for account 2: Must have equal len keys and value when setting with an iterable
2025-09-15 11:21:43,116 - INFO - Child order status updated: Buy Order CANCELED @ 2.00
2025-09-15 11:22:02,498 - INFO - Getting token and lot size for trading symbol: NIFTY16SEP25P24700
2025-09-15 11:22:02,504 - INFO - Found NFO token and lot size for NIFTY16SEP25P24700: 44631, 75
2025-09-15 11:22:02,504 - INFO - Generated quantity options for lot size 75: ['75', '150', '225', '300', '375', '450', '525', '600', '675', '750']
2025-09-15 11:22:02,504 - INFO - Updated quantity options for NIFTY16SEP25P24700 with lot size 75: ['75', '150', '225', '300', '375', '450', '525', '600', '675', '750']
2025-09-15 11:22:02,504 - INFO - Getting token for trading symbol: NIFTY16SEP25P24700
2025-09-15 11:22:02,508 - INFO - Found NFO token for NIFTY16SEP25P24700: 44631
2025-09-15 11:22:03,070 - INFO - Modify price fields cleared after auto-fetch
2025-09-15 11:22:03,071 - INFO - Getting token for trading symbol: NIFTY16SEP25P24700
2025-09-15 11:22:03,079 - INFO - Found NFO token for NIFTY16SEP25P24700: 44631
2025-09-15 11:22:03,080 - INFO - Unsubscribed from previous: NFO|44581
2025-09-15 11:22:03,081 - INFO - Subscribed to live price feed via master account: NFO|44631
2025-09-15 11:22:03,082 - INFO - Auto-subscribed to NIFTY16SEP25P24700 at price 3.2
2025-09-15 11:22:08,864 - INFO - Getting token and lot size for trading symbol: NIFTY16SEP25P24800
2025-09-15 11:22:08,872 - INFO - Found NFO token and lot size for NIFTY16SEP25P24800: 44639, 75
2025-09-15 11:22:08,873 - INFO - Generated quantity options for lot size 75: ['75', '150', '225', '300', '375', '450', '525', '600', '675', '750']
2025-09-15 11:22:08,873 - INFO - Updated quantity options for NIFTY16SEP25P24800 with lot size 75: ['75', '150', '225', '300', '375', '450', '525', '600', '675', '750']
2025-09-15 11:22:08,874 - INFO - Getting token for trading symbol: NIFTY16SEP25P24800
2025-09-15 11:22:08,881 - INFO - Found NFO token for NIFTY16SEP25P24800: 44639
2025-09-15 11:22:09,563 - INFO - Modify price fields cleared after auto-fetch
2025-09-15 11:22:09,564 - INFO - Getting token for trading symbol: NIFTY16SEP25P24800
2025-09-15 11:22:09,572 - INFO - Found NFO token for NIFTY16SEP25P24800: 44639
2025-09-15 11:22:09,573 - INFO - Unsubscribed from previous: NFO|44631
2025-09-15 11:22:09,574 - INFO - Subscribed to live price feed via master account: NFO|44639
2025-09-15 11:22:09,574 - INFO - Auto-subscribed to NIFTY16SEP25P24800 at price 4.95
2025-09-15 14:20:09,009 - INFO - Downloading master files...
2025-09-15 14:20:09,011 - INFO - Finding expiry dates...
2025-09-15 14:20:09,182 - INFO - System initialization completed successfully
2025-09-15 14:20:10,617 - INFO - Generated fresh 2FA for account 1: 338557
2025-09-15 14:20:11,932 - INFO - PnL updated for account 1 (active): 0.0
2025-09-15 14:20:11,933 - INFO - Master account initialized successfully: ROOPAL SONI
2025-09-15 14:20:15,068 - INFO - Generated fresh 2FA for account 2: 114977
2025-09-15 14:20:15,651 - INFO - Child account logged in - Order blocking reset
2025-09-15 14:20:16,271 - INFO - PnL updated for account 2 (active): 0.0
2025-09-15 14:20:18,891 - INFO - Cleared option and strike selections - no active orders
2025-09-15 14:20:19,448 - INFO - Fetched NIFTY price: 25072.95
2025-09-15 14:20:19,449 - INFO - Updated strikes for NIFTY based on price 25072.95 and option None: [24700, 24750, 24800, 24850, 24900, 24950, 25000, 25050, 25100, 25150, 25200, 25250, 25300, 25350, 25400]
2025-09-15 14:20:26,612 - INFO - Fetched NIFTY price: 25073.05
2025-09-15 14:20:26,613 - INFO - Index LTP for NIFTY: 25073.05
2025-09-15 14:20:27,276 - INFO - Fetched NIFTY price: 25073.95
2025-09-15 14:20:27,277 - INFO - Updated strikes for NIFTY PE based on price 25073.95: [24450, 24500, 24550, 24600, 24650, 24700, 24750, 24800, 24850, 24900, 24950, 25000, 25050, 25100, 25150]
2025-09-15 14:20:36,670 - INFO - Getting token and lot size for trading symbol: NIFTY16SEP25P25150
2025-09-15 14:20:36,703 - INFO - Found NFO token and lot size for NIFTY16SEP25P25150: 44729, 75
2025-09-15 14:20:36,703 - INFO - Generated quantity options for lot size 75: ['75', '150', '225', '300', '375', '450', '525', '600', '675', '750']
2025-09-15 14:20:36,705 - INFO - Updated quantity options for NIFTY16SEP25P25150 with lot size 75: ['75', '150', '225', '300', '375', '450', '525', '600', '675', '750']
2025-09-15 14:20:36,706 - INFO - Getting token for trading symbol: NIFTY16SEP25P25150
2025-09-15 14:20:36,715 - INFO - Found NFO token for NIFTY16SEP25P25150: 44729
2025-09-15 14:20:37,276 - INFO - Modify price fields cleared after auto-fetch
2025-09-15 14:20:37,276 - INFO - Getting token for trading symbol: NIFTY16SEP25P25150
2025-09-15 14:20:37,283 - INFO - Found NFO token for NIFTY16SEP25P25150: 44729
2025-09-15 14:20:37,284 - INFO - Subscribed to live price feed via master account: NFO|44729
2025-09-15 14:20:37,284 - INFO - Auto-subscribed to NIFTY16SEP25P25150 at price 84.2
2025-09-15 14:20:44,653 - INFO - Getting token and lot size for trading symbol: NIFTY16SEP25P24450
2025-09-15 14:20:44,663 - INFO - Found NFO token and lot size for NIFTY16SEP25P24450: 44575, 75
2025-09-15 14:20:44,664 - INFO - Generated quantity options for lot size 75: ['75', '150', '225', '300', '375', '450', '525', '600', '675', '750']
2025-09-15 14:20:44,665 - INFO - Updated quantity options for NIFTY16SEP25P24450 with lot size 75: ['75', '150', '225', '300', '375', '450', '525', '600', '675', '750']
2025-09-15 14:20:44,665 - INFO - Getting token for trading symbol: NIFTY16SEP25P24450
2025-09-15 14:20:44,673 - INFO - Found NFO token for NIFTY16SEP25P24450: 44575
2025-09-15 14:20:45,254 - INFO - Modify price fields cleared after auto-fetch
2025-09-15 14:20:45,254 - INFO - Getting token for trading symbol: NIFTY16SEP25P24450
2025-09-15 14:20:45,263 - INFO - Found NFO token for NIFTY16SEP25P24450: 44575
2025-09-15 14:20:45,264 - INFO - Unsubscribed from previous: NFO|44729
2025-09-15 14:20:45,264 - INFO - Subscribed to live price feed via master account: NFO|44575
2025-09-15 14:20:45,265 - INFO - Auto-subscribed to NIFTY16SEP25P24450 at price 1.7
2025-09-15 14:20:47,918 - INFO - Getting token and lot size for trading symbol: NIFTY16SEP25P24500
2025-09-15 14:20:47,926 - INFO - Found NFO token and lot size for NIFTY16SEP25P24500: 44581, 75
2025-09-15 14:20:47,927 - INFO - Generated quantity options for lot size 75: ['75', '150', '225', '300', '375', '450', '525', '600', '675', '750']
2025-09-15 14:20:47,928 - INFO - Updated quantity options for NIFTY16SEP25P24500 with lot size 75: ['75', '150', '225', '300', '375', '450', '525', '600', '675', '750']
2025-09-15 14:20:47,928 - INFO - Getting token for trading symbol: NIFTY16SEP25P24500
2025-09-15 14:20:47,938 - INFO - Found NFO token for NIFTY16SEP25P24500: 44581
2025-09-15 14:20:48,555 - INFO - Modify price fields cleared after auto-fetch
2025-09-15 14:20:48,556 - INFO - Getting token for trading symbol: NIFTY16SEP25P24500
2025-09-15 14:20:48,564 - INFO - Found NFO token for NIFTY16SEP25P24500: 44581
2025-09-15 14:20:48,565 - INFO - Unsubscribed from previous: NFO|44575
2025-09-15 14:20:48,566 - INFO - Subscribed to live price feed via master account: NFO|44581
2025-09-15 14:20:48,566 - INFO - Auto-subscribed to NIFTY16SEP25P24500 at price 1.8
2025-09-15 14:20:53,391 - INFO - Getting token and lot size for trading symbol: NIFTY16SEP25P24700
2025-09-15 14:20:53,399 - INFO - Found NFO token and lot size for NIFTY16SEP25P24700: 44631, 75
2025-09-15 14:20:53,400 - INFO - Generated quantity options for lot size 75: ['75', '150', '225', '300', '375', '450', '525', '600', '675', '750']
2025-09-15 14:20:53,400 - INFO - Updated quantity options for NIFTY16SEP25P24700 with lot size 75: ['75', '150', '225', '300', '375', '450', '525', '600', '675', '750']
2025-09-15 14:20:53,402 - INFO - Getting token for trading symbol: NIFTY16SEP25P24700
2025-09-15 14:20:53,408 - INFO - Found NFO token for NIFTY16SEP25P24700: 44631
2025-09-15 14:20:54,250 - INFO - Modify price fields cleared after auto-fetch
2025-09-15 14:20:54,252 - INFO - Getting token for trading symbol: NIFTY16SEP25P24700
2025-09-15 14:20:54,264 - INFO - Found NFO token for NIFTY16SEP25P24700: 44631
2025-09-15 14:20:54,265 - INFO - Unsubscribed from previous: NFO|44581
2025-09-15 14:20:54,266 - INFO - Subscribed to live price feed via master account: NFO|44631
2025-09-15 14:20:54,267 - INFO - Auto-subscribed to NIFTY16SEP25P24700 at price 2.65
2025-09-15 14:20:57,409 - INFO - Getting token and lot size for trading symbol: NIFTY16SEP25P24800
2025-09-15 14:20:57,415 - INFO - Found NFO token and lot size for NIFTY16SEP25P24800: 44639, 75
2025-09-15 14:20:57,415 - INFO - Generated quantity options for lot size 75: ['75', '150', '225', '300', '375', '450', '525', '600', '675', '750']
2025-09-15 14:20:57,415 - INFO - Updated quantity options for NIFTY16SEP25P24800 with lot size 75: ['75', '150', '225', '300', '375', '450', '525', '600', '675', '750']
2025-09-15 14:20:57,416 - INFO - Getting token for trading symbol: NIFTY16SEP25P24800
2025-09-15 14:20:57,421 - INFO - Found NFO token for NIFTY16SEP25P24800: 44639
2025-09-15 14:20:58,034 - INFO - Modify price fields cleared after auto-fetch
2025-09-15 14:20:58,035 - INFO - Getting token for trading symbol: NIFTY16SEP25P24800
2025-09-15 14:20:58,043 - INFO - Found NFO token for NIFTY16SEP25P24800: 44639
2025-09-15 14:20:58,044 - INFO - Unsubscribed from previous: NFO|44631
2025-09-15 14:20:58,045 - INFO - Subscribed to live price feed via master account: NFO|44639
2025-09-15 14:20:58,046 - INFO - Auto-subscribed to NIFTY16SEP25P24800 at price 4.2
2025-09-15 14:21:16,785 - INFO - Getting token and lot size for trading symbol: NIFTY16SEP25P24800
2025-09-15 14:21:16,794 - INFO - Found NFO token and lot size for NIFTY16SEP25P24800: 44639, 75
2025-09-15 14:21:16,795 - INFO - Generated quantity options for lot size 75: ['75', '150', '225', '300', '375', '450', '525', '600', '675', '750']
2025-09-15 14:21:16,796 - INFO - Updated quantity options for NIFTY16SEP25P24800 with lot size 75: ['75', '150', '225', '300', '375', '450', '525', '600', '675', '750']
2025-09-15 14:21:16,797 - INFO - Getting token and lot size for trading symbol: NIFTY16SEP25P24800
2025-09-15 14:21:16,806 - INFO - Found NFO token and lot size for NIFTY16SEP25P24800: 44639, 75
2025-09-15 14:21:16,807 - INFO - Using same quantity for both accounts: 75 (lot size: 75)
2025-09-15 14:21:16,807 - INFO - Active accounts: [1, 2]
2025-09-15 14:21:16,808 - INFO - Placing buy orders for accounts: [1, 2]
2025-09-15 14:21:16,809 - INFO - Trading symbol: NIFTY16SEP25P24800, Price: 4.0
2025-09-15 14:21:16,809 - INFO - Quantities: [75, 75]
2025-09-15 14:21:16,810 - INFO - Account 1: API=True, Qty=75, Active=True
2025-09-15 14:21:16,811 - INFO - Placing order for account 1 with parameters: {'buy_or_sell': 'B', 'product_type': 'I', 'exchange': 'NFO', 'tradingsymbol': 'NIFTY16SEP25P24800', 'quantity': 75, 'discloseqty': 0, 'price_type': 'LMT', 'price': 4.0, 'trigger_price': None, 'retention': 'DAY', 'amo': 'NO', 'remarks': None}
2025-09-15 14:21:16,812 - INFO - Account 2: API=True, Qty=75, Active=True
2025-09-15 14:21:16,812 - INFO - API instance for account 1: True
2025-09-15 14:21:16,813 - INFO - Placing order for account 2 with parameters: {'buy_or_sell': 'B', 'product_type': 'I', 'exchange': 'NFO', 'tradingsymbol': 'NIFTY16SEP25P24800', 'quantity': 75, 'discloseqty': 0, 'price_type': 'LMT', 'price': 4.0, 'trigger_price': None, 'retention': 'DAY', 'amo': 'NO', 'remarks': None}
2025-09-15 14:21:16,818 - INFO - API instance for account 2: True
2025-09-15 14:21:17,521 - INFO - API response: {'request_time': '14:21:18 15-09-2025', 'stat': 'Ok', 'norenordno': '25091500315114'}
2025-09-15 14:21:17,521 - INFO - API response type: <class 'dict'>
2025-09-15 14:21:17,521 - INFO - Buy order placed successfully: {'request_time': '14:21:18 15-09-2025', 'stat': 'Ok', 'norenordno': '25091500315114'}
2025-09-15 14:21:17,521 - INFO - New order received: 25091500315114
2025-09-15 14:21:17,521 - INFO - Order status debug - status: 'PENDING', reporttype: 'NewAck', trantype: 'B', price: '4.00'
2025-09-15 14:21:17,583 - INFO - API response: {'request_time': '14:21:18 15-09-2025', 'stat': 'Ok', 'norenordno': '25091500315115'}
2025-09-15 14:21:17,583 - INFO - API response type: <class 'dict'>
2025-09-15 14:21:17,585 - INFO - Order data saved to orders.csv
2025-09-15 14:21:17,586 - INFO - Buy order placed successfully: {'request_time': '14:21:18 15-09-2025', 'stat': 'Ok', 'norenordno': '25091500315115'}
2025-09-15 14:21:17,587 - INFO - New order received: 25091500315115
2025-09-15 14:21:17,588 - INFO - Account 1 - B PENDING NewAck
2025-09-15 14:21:17,588 - INFO - Order status debug - status: 'PENDING', reporttype: 'NewAck', trantype: 'B', price: '4.00'
2025-09-15 14:21:17,591 - INFO - Cross-account coordination started
2025-09-15 14:21:17,604 - INFO - Cross-account coordination started for buy orders
2025-09-15 14:21:17,610 - INFO - Order data saved to orders.csv
2025-09-15 14:21:17,611 - INFO - Account 2 - B PENDING NewAck
2025-09-15 14:21:17,613 - INFO - Buy button disabled to prevent duplicate orders
2025-09-15 14:21:17,615 - INFO - Cancel Buy and Modify Buy buttons enabled after buy orders placed
2025-09-15 14:21:17,617 - INFO - Exit button kept disabled until buy orders are completed
2025-09-15 14:21:17,617 - INFO - Master order status updated: Buy Order PENDING @ 4.00
2025-09-15 14:21:17,617 - INFO - Child order status updated: Buy Order PENDING @ 4.00
2025-09-15 14:21:17,619 - INFO - Updating order 25091500315114
2025-09-15 14:21:17,621 - INFO - Order status debug - status: 'PENDING', reporttype: 'PendingNew', trantype: 'B', price: '4.00'
2025-09-15 14:21:17,623 - ERROR - Error processing order update for account 1: Must have equal len keys and value when setting with an iterable
2025-09-15 14:21:17,623 - INFO - Updating order 25091500315115
2025-09-15 14:21:17,623 - INFO - Order status debug - status: 'PENDING', reporttype: 'PendingNew', trantype: 'B', price: '4.00'
2025-09-15 14:21:17,624 - INFO - Master order status updated: Buy Order PENDING @ 4.00
2025-09-15 14:21:17,626 - ERROR - Error processing order update for account 2: Must have equal len keys and value when setting with an iterable
2025-09-15 14:21:17,627 - INFO - Child order status updated: Buy Order PENDING @ 4.00
2025-09-15 14:21:17,629 - INFO - Updating order 25091500315114
2025-09-15 14:21:17,630 - INFO - Order status debug - status: 'OPEN', reporttype: 'New', trantype: 'B', price: '4.00'
2025-09-15 14:21:17,630 - INFO - Updating order 25091500315115
2025-09-15 14:21:17,630 - INFO - Order status debug - status: 'OPEN', reporttype: 'New', trantype: 'B', price: '4.00'
2025-09-15 14:21:17,631 - ERROR - Error processing order update for account 1: Must have equal len keys and value when setting with an iterable
2025-09-15 14:21:17,633 - ERROR - Error processing order update for account 2: Must have equal len keys and value when setting with an iterable
2025-09-15 14:21:17,634 - INFO - Master order status updated: Buy Order Open @ 4.00
2025-09-15 14:21:17,634 - INFO - Child order status updated: Buy Order Open @ 4.00
2025-09-15 14:21:18,373 - INFO - PnL updated for account 1 (active): 0.0
2025-09-15 14:21:18,374 - INFO - Order state updated - Master: PENDING, Child: None
2025-09-15 14:21:18,374 - INFO - Checking coordination - Master: PENDING, Child: None
2025-09-15 14:21:18,411 - INFO - PnL updated for account 2 (active): 0.0
2025-09-15 14:21:18,411 - INFO - Order state updated - Master: PENDING, Child: PENDING
2025-09-15 14:21:18,411 - INFO - Checking coordination - Master: PENDING, Child: PENDING
2025-09-15 14:21:23,678 - INFO - Getting token and lot size for trading symbol: NIFTY16SEP25P24800
2025-09-15 14:21:23,683 - INFO - Found NFO token and lot size for NIFTY16SEP25P24800: 44639, 75
2025-09-15 14:21:23,684 - INFO - Generated quantity options for lot size 75: ['75', '150', '225', '300', '375', '450', '525', '600', '675', '750']
2025-09-15 14:21:23,685 - INFO - Updated quantity options for NIFTY16SEP25P24800 with lot size 75: ['75', '150', '225', '300', '375', '450', '525', '600', '675', '750']
2025-09-15 14:21:23,686 - INFO - Modify Buy box populated with current LTP: 4.25
2025-09-15 14:21:29,385 - INFO - Getting token and lot size for trading symbol: NIFTY16SEP25P24800
2025-09-15 14:21:29,389 - INFO - Found NFO token and lot size for NIFTY16SEP25P24800: 44639, 75
2025-09-15 14:21:29,390 - INFO - Generated quantity options for lot size 75: ['75', '150', '225', '300', '375', '450', '525', '600', '675', '750']
2025-09-15 14:21:29,391 - INFO - Updated quantity options for NIFTY16SEP25P24800 with lot size 75: ['75', '150', '225', '300', '375', '450', '525', '600', '675', '750']
2025-09-15 14:21:29,391 - INFO - Getting token and lot size for trading symbol: NIFTY16SEP25P24800
2025-09-15 14:21:29,397 - INFO - Found NFO token and lot size for NIFTY16SEP25P24800: 44639, 75
2025-09-15 14:21:29,397 - INFO - Using same quantity for both accounts: 75 (lot size: 75)
2025-09-15 14:21:30,104 - INFO - Order 25091500315114 modified successfully
2025-09-15 14:21:30,105 - INFO - Updating order 25091500315114
2025-09-15 14:21:30,106 - INFO - Order status debug - status: 'PENDING', reporttype: 'ModAck', trantype: 'B', price: '4.20'
2025-09-15 14:21:30,108 - ERROR - Error processing order update for account 1: Must have equal len keys and value when setting with an iterable
2025-09-15 14:21:30,153 - INFO - Order 25091500315115 modified successfully
2025-09-15 14:21:30,154 - INFO - Updating order 25091500315115
2025-09-15 14:21:30,154 - INFO - Order status debug - status: 'PENDING', reporttype: 'ModAck', trantype: 'B', price: '4.20'
2025-09-15 14:21:30,163 - ERROR - Error processing order update for account 2: Must have equal len keys and value when setting with an iterable
2025-09-15 14:21:30,166 - INFO - Master order status updated: Buy Order PENDING @ 4.20
2025-09-15 14:21:30,166 - INFO - Child order status updated: Buy Order PENDING @ 4.20
2025-09-15 14:21:30,170 - INFO - Updating order 25091500315114
2025-09-15 14:21:30,170 - INFO - Order status debug - status: 'PENDING', reporttype: 'PendingReplace', trantype: 'B', price: '4.20'
2025-09-15 14:21:30,175 - ERROR - Error processing order update for account 1: Must have equal len keys and value when setting with an iterable
2025-09-15 14:21:30,179 - INFO - Updating order 25091500315115
2025-09-15 14:21:30,185 - ERROR - Error processing order update for account 2: Must have equal len keys and value when setting with an iterable
2025-09-15 14:21:30,187 - INFO - Order status debug - status: 'PENDING', reporttype: 'PendingReplace', trantype: 'B', price: '4.20'
2025-09-15 14:21:30,187 - INFO - Master order status updated: Buy Order PENDING @ 4.20
2025-09-15 14:21:30,190 - INFO - Child order status updated: Buy Order PENDING @ 4.20
2025-09-15 14:21:30,190 - INFO - Updating order 25091500315114
2025-09-15 14:21:30,190 - INFO - Order status debug - status: 'OPEN', reporttype: 'Replaced', trantype: 'B', price: '4.20'
2025-09-15 14:21:30,194 - ERROR - Error processing order update for account 1: Must have equal len keys and value when setting with an iterable
2025-09-15 14:21:30,197 - INFO - Updating order 25091500315115
2025-09-15 14:21:30,198 - INFO - Order status debug - status: 'OPEN', reporttype: 'Replaced', trantype: 'B', price: '4.20'
2025-09-15 14:21:30,201 - ERROR - Error processing order update for account 2: Must have equal len keys and value when setting with an iterable
2025-09-15 14:21:30,201 - INFO - Master order status updated: Buy Order OPEN @ 4.20
2025-09-15 14:21:30,202 - INFO - Child order status updated: Buy Order OPEN @ 4.20
2025-09-15 14:21:34,333 - INFO - Updating order 25091500315115
2025-09-15 14:21:34,333 - INFO - Updating order 25091500315114
2025-09-15 14:21:34,334 - INFO - Order status debug - status: 'COMPLETE', reporttype: 'Fill', trantype: 'B', price: '4.20'
2025-09-15 14:21:34,334 - INFO - Order status debug - status: 'COMPLETE', reporttype: 'Fill', trantype: 'B', price: '4.20'
2025-09-15 14:21:34,335 - ERROR - Error processing order update for account 2: Must have equal len keys and value when setting with an iterable
2025-09-15 14:21:34,336 - ERROR - Error processing order update for account 1: Must have equal len keys and value when setting with an iterable
2025-09-15 14:21:34,336 - INFO - Buy order completed for account 2: NIFTY16SEP25P24800 @ 4.2
2025-09-15 14:21:34,337 - INFO - Buy order completed for account 1: NIFTY16SEP25P24800 @ 4.2
2025-09-15 14:21:34,345 - INFO - Exit button enabled after buy order completion
2025-09-15 14:21:34,346 - INFO - Exit button enabled after buy order completion
2025-09-15 14:21:35,083 - INFO - PnL updated for account 2 (active): 0.0
2025-09-15 14:21:35,084 - INFO - Child order status updated: Buy Order Complete @ 4.20
2025-09-15 14:21:35,087 - INFO - PnL updated for account 1 (active): 0.0
2025-09-15 14:21:35,088 - INFO - Master order status updated: Buy Order Complete @ 4.20
2025-09-15 14:21:55,350 - INFO - SL monitoring activated at 4.31
2025-09-15 14:21:55,350 - INFO - SL price suggested and monitoring started: 4.31 (buy orders are filled)
2025-09-15 14:22:04,457 - INFO - Target monitoring activated at 4.49
2025-09-15 14:22:04,458 - INFO - Target price suggested and monitoring started: 4.49 (buy orders are filled)
2025-09-15 14:22:05,813 - WARNING - TARGET REACHED! Current: 4.5, Target: 4.49
2025-09-15 14:22:05,813 - INFO - Executing Target exit at limit price. Current: 4.5
2025-09-15 14:22:05,813 - INFO - Target monitoring stopped
2025-09-15 14:22:05,813 - INFO - Getting token and lot size for trading symbol: NIFTY16SEP25P24800
2025-09-15 14:22:05,813 - INFO - Found NFO token and lot size for NIFTY16SEP25P24800: 44639, 75
2025-09-15 14:22:05,813 - INFO - Generated quantity options for lot size 75: ['75', '150', '225', '300', '375', '450', '525', '600', '675', '750']
2025-09-15 14:22:05,828 - INFO - Updated quantity options for NIFTY16SEP25P24800 with lot size 75: ['75', '150', '225', '300', '375', '450', '525', '600', '675', '750']
2025-09-15 14:22:05,839 - INFO - Getting token and lot size for trading symbol: NIFTY16SEP25P24800
2025-09-15 14:22:05,845 - INFO - Found NFO token and lot size for NIFTY16SEP25P24800: 44639, 75
2025-09-15 14:22:05,845 - INFO - Using same quantity for both accounts: 75 (lot size: 75)
2025-09-15 14:22:05,845 - INFO - Active accounts for exit: [1, 2]
2025-09-15 14:22:05,846 - INFO - Placing exit orders for accounts: [1, 2]
2025-09-15 14:22:05,846 - INFO - Trading symbol: NIFTY16SEP25P24800, Price: 4.5
2025-09-15 14:22:05,847 - INFO - Quantities: [75, 75]
2025-09-15 14:22:06,598 - INFO - Exit order placed successfully: {'request_time': '14:22:07 15-09-2025', 'stat': 'Ok', 'norenordno': '25091500315732'}
2025-09-15 14:22:06,642 - INFO - Exit order placed successfully: {'request_time': '14:22:07 15-09-2025', 'stat': 'Ok', 'norenordno': '25091500315733'}
2025-09-15 14:22:06,645 - INFO - New order received: 25091500315733
2025-09-15 14:22:06,646 - INFO - Order status debug - status: 'PENDING', reporttype: 'NewAck', trantype: 'S', price: '4.50'
2025-09-15 14:22:06,658 - INFO - Child order status updated: Sell Order PENDING @ 4.50
2025-09-15 14:22:06,666 - INFO - Order data saved to orders.csv
2025-09-15 14:22:06,672 - INFO - Account 2 - S PENDING NewAck
2025-09-15 14:22:06,674 - INFO - Updating order 25091500315733
2025-09-15 14:22:06,674 - INFO - Order status debug - status: 'PENDING', reporttype: 'PendingNew', trantype: 'S', price: '4.50'
2025-09-15 14:22:06,680 - ERROR - Error processing order update for account 2: Must have equal len keys and value when setting with an iterable
2025-09-15 14:22:06,683 - INFO - Exit button disabled to prevent duplicate orders
2025-09-15 14:22:06,693 - INFO - Child order status updated: Sell Order PENDING @ 4.50
2025-09-15 14:22:06,696 - INFO - Updating order 25091500315733
2025-09-15 14:22:06,697 - INFO - Order status debug - status: 'OPEN', reporttype: 'New', trantype: 'S', price: '4.50'
2025-09-15 14:22:06,699 - ERROR - Error processing order update for account 2: Must have equal len keys and value when setting with an iterable
2025-09-15 14:22:06,699 - INFO - Cancel Exit and Modify Exit buttons enabled after exit orders placed
2025-09-15 14:22:06,701 - INFO - Child order status updated: Sell Order Open @ 4.50
2025-09-15 14:22:06,704 - INFO - New order received: 25091500315732
2025-09-15 14:22:06,705 - INFO - Order status debug - status: 'PENDING', reporttype: 'NewAck', trantype: 'S', price: '4.50'
2025-09-15 14:22:06,713 - INFO - Master order status updated: Sell Order PENDING @ 4.50
2025-09-15 14:22:06,719 - INFO - Order data saved to orders.csv
2025-09-15 14:22:06,722 - INFO - Account 1 - S PENDING NewAck
2025-09-15 14:22:06,723 - INFO - Updating order 25091500315732
2025-09-15 14:22:06,724 - INFO - Order status debug - status: 'PENDING', reporttype: 'PendingNew', trantype: 'S', price: '4.50'
2025-09-15 14:22:06,729 - ERROR - Error processing order update for account 1: Must have equal len keys and value when setting with an iterable
2025-09-15 14:22:06,731 - INFO - Master order status updated: Sell Order PENDING @ 4.50
2025-09-15 14:22:06,732 - INFO - Updating order 25091500315732
2025-09-15 14:22:06,733 - INFO - Order status debug - status: 'OPEN', reporttype: 'New', trantype: 'S', price: '4.50'
2025-09-15 14:22:06,736 - ERROR - Error processing order update for account 1: Must have equal len keys and value when setting with an iterable
2025-09-15 14:22:06,738 - INFO - Master order status updated: Sell Order Open @ 4.50
2025-09-15 14:22:07,597 - INFO - PnL updated for account 2 (active): 22.5
2025-09-15 14:22:07,597 - INFO - Order state updated - Master: PENDING, Child: PENDING
2025-09-15 14:22:07,597 - INFO - Checking coordination - Master: PENDING, Child: PENDING
2025-09-15 14:22:07,616 - INFO - PnL updated for account 1 (active): 22.5
2025-09-15 14:22:07,617 - INFO - Order state updated - Master: PENDING, Child: PENDING
2025-09-15 14:22:07,617 - INFO - Checking coordination - Master: PENDING, Child: PENDING
2025-09-15 14:22:08,182 - INFO - Updating order 25091500315732
2025-09-15 14:22:08,182 - INFO - Order status debug - status: 'COMPLETE', reporttype: 'Fill', trantype: 'S', price: '4.50'
2025-09-15 14:22:08,183 - INFO - Updating order 25091500315733
2025-09-15 14:22:08,184 - INFO - Order status debug - status: 'COMPLETE', reporttype: 'Fill', trantype: 'S', price: '4.50'
2025-09-15 14:22:08,185 - ERROR - Error processing order update for account 1: Must have equal len keys and value when setting with an iterable
2025-09-15 14:22:08,185 - INFO - Sell order completed for account 1: NIFTY16SEP25P24800 @ 4.5
2025-09-15 14:22:08,186 - ERROR - Error processing order update for account 2: Must have equal len keys and value when setting with an iterable
2025-09-15 14:22:08,186 - INFO - Sell order completed for account 2: NIFTY16SEP25P24800 @ 4.5
2025-09-15 14:22:08,189 - INFO - SL monitoring stopped
2025-09-15 14:22:08,194 - INFO - SL and Target monitoring reset and fields cleared
2025-09-15 14:22:08,195 - INFO - SL and Target monitoring reset after sell order completion
2025-09-15 14:22:08,195 - INFO - SL and Target monitoring reset and fields cleared
2025-09-15 14:22:08,198 - INFO - SL and Target monitoring reset after sell order completion
2025-09-15 14:22:08,956 - INFO - PnL updated for account 2 (active): 22.5
2025-09-15 14:22:08,956 - INFO - Master sell complete check: False (status: Sell Order Open @ 4.50)
2025-09-15 14:22:08,956 - INFO - PnL updated for account 1 (active): 22.5
2025-09-15 14:22:08,956 - INFO - Child sell complete check: False (status: Sell Order Open @ 4.50)
2025-09-15 14:22:08,956 - INFO - Master sell complete check: False (status: Sell Order Open @ 4.50)
2025-09-15 14:22:08,970 - INFO - Child order status updated: Sell Order Complete @ 4.50
2025-09-15 14:22:08,971 - INFO - Child sell complete check: True (status: Sell Order Complete @ 4.50)
2025-09-15 14:22:08,975 - INFO - Master order status updated: Sell Order Complete @ 4.50
2025-09-15 14:23:06,839 - INFO - Downloading master files...
2025-09-15 14:23:06,844 - INFO - Finding expiry dates...
2025-09-15 14:23:06,955 - INFO - System initialization completed successfully
2025-09-15 14:23:07,609 - INFO - Generated fresh 2FA for account 1: 939006
2025-09-15 14:23:08,967 - INFO - PnL updated for account 1 (active): 22.5
2025-09-15 14:23:08,967 - INFO - Master account initialized successfully: ROOPAL SONI
2025-09-15 14:23:18,011 - INFO - Generated fresh 2FA for account 2: 909082
2025-09-15 14:23:21,300 - INFO - Child account logged in - Order blocking reset
2025-09-15 14:23:22,871 - INFO - PnL updated for account 2 (active): 22.5
2025-09-15 14:23:32,051 - INFO - Cleared option and strike selections - no active orders
2025-09-15 14:23:35,572 - INFO - Fetched NIFTY price: 25068.05
2025-09-15 14:23:35,572 - INFO - Updated strikes for NIFTY based on price 25068.05 and option None: [24700, 24750, 24800, 24850, 24900, 24950, 25000, 25050, 25100, 25150, 25200, 25250, 25300, 25350, 25400]
2025-09-15 14:23:40,498 - INFO - Fetched NIFTY price: 25067.75
2025-09-15 14:23:40,499 - INFO - Index LTP for NIFTY: 25067.75
2025-09-15 14:23:41,533 - INFO - Fetched NIFTY price: 25067.1
2025-09-15 14:23:41,535 - INFO - Updated strikes for NIFTY PE based on price 25067.1: [24450, 24500, 24550, 24600, 24650, 24700, 24750, 24800, 24850, 24900, 24950, 25000, 25050, 25100, 25150]
2025-09-15 14:26:14,324 - INFO - Starting master file download in background...
2025-09-15 14:26:14,324 - INFO - Finding expiry dates...
2025-09-15 14:26:14,442 - INFO - System initialization completed (downloads in background)
2025-09-15 14:26:14,926 - INFO - Generated fresh 2FA for account 1: 913911
2025-09-15 14:26:16,301 - INFO - PnL updated for account 1 (active): 22.5
2025-09-15 14:26:16,304 - INFO - Master account initialized successfully: ROOPAL SONI
2025-09-15 14:26:20,189 - INFO - Cleared option and strike selections - no active orders
2025-09-15 14:26:26,011 - INFO - Fetched SENSEX price: 81805.65
2025-09-15 14:26:26,013 - INFO - Updated strikes for SENSEX based on price 81805.65 and option None: [81100, 81200, 81300, 81400, 81500, 81600, 81700, 81800, 81900, 82000, 82100, 82200, 82300, 82400, 82500]
2025-09-15 14:29:08,524 - INFO - Application interrupted by user
2025-09-15 14:29:12,228 - INFO - Starting master file download in background...
2025-09-15 14:29:12,228 - INFO - Finding expiry dates (with caching)...
2025-09-15 14:29:12,352 - INFO - System initialization completed (downloads in background)
2025-09-15 14:29:12,770 - INFO - Generated fresh 2FA for account 1: 370782
2025-09-15 14:29:14,219 - INFO - PnL updated for account 1 (active): 22.5
2025-09-15 14:29:14,219 - INFO - Master account initialized successfully: ROOPAL SONI
2025-09-15 14:29:15,676 - INFO - Generated fresh 2FA for account 2: 363479
2025-09-15 14:29:16,344 - INFO - Child account logged in - Order blocking reset
2025-09-15 14:29:16,999 - INFO - PnL updated for account 2 (active): 22.5
2025-09-15 14:29:19,226 - INFO - Cleared option and strike selections - no active orders
2025-09-15 14:29:19,886 - INFO - Fetched NIFTY price: 25073.25
2025-09-15 14:29:19,886 - INFO - Updated strikes for NIFTY based on price 25073.25 and option None: [24700, 24750, 24800, 24850, 24900, 24950, 25000, 25050, 25100, 25150, 25200, 25250, 25300, 25350, 25400]
2025-09-15 14:29:22,085 - INFO - Cleared option and strike selections - no active orders
2025-09-15 14:29:22,753 - INFO - Fetched SENSEX price: 81803.11
2025-09-15 14:29:22,753 - INFO - Updated strikes for SENSEX based on price 81803.11 and option None: [81100, 81200, 81300, 81400, 81500, 81600, 81700, 81800, 81900, 82000, 82100, 82200, 82300, 82400, 82500]
2025-09-15 14:29:24,834 - INFO - Cleared option and strike selections - no active orders
2025-09-15 14:29:25,494 - INFO - Fetched BANKNIFTY price: 54935.55
2025-09-15 14:29:25,502 - INFO - Updated strikes for BANKNIFTY based on price 54935.55 and option None: [54200, 54300, 54400, 54500, 54600, 54700, 54800, 54900, 55000, 55100, 55200, 55300, 55400, 55500, 55600]
2025-09-15 14:29:27,881 - INFO - Cleared option and strike selections - no active orders
2025-09-15 14:29:28,581 - INFO - Fetched NIFTY price: 25073.15
2025-09-15 14:29:28,581 - INFO - Updated strikes for NIFTY based on price 25073.15 and option None: [24700, 24750, 24800, 24850, 24900, 24950, 25000, 25050, 25100, 25150, 25200, 25250, 25300, 25350, 25400]
2025-09-15 14:29:31,364 - INFO - Fetched NIFTY price: 25072.85
2025-09-15 14:29:31,364 - INFO - Index LTP for NIFTY: 25072.85
2025-09-15 14:29:32,040 - INFO - Fetched NIFTY price: 25074.25
2025-09-15 14:29:32,040 - INFO - Updated strikes for NIFTY CE based on price 25074.25: [24950, 25000, 25050, 25100, 25150, 25200, 25250, 25300, 25350, 25400, 25450, 25500, 25550, 25600, 25650]
2025-09-15 14:29:41,568 - INFO - Fetched NIFTY price: 25073.7
2025-09-15 14:29:41,568 - INFO - Index LTP for NIFTY: 25073.7
2025-09-15 14:29:42,263 - INFO - Fetched NIFTY price: 25074.2
2025-09-15 14:29:42,263 - INFO - Updated strikes for NIFTY PE based on price 25074.2: [24450, 24500, 24550, 24600, 24650, 24700, 24750, 24800, 24850, 24900, 24950, 25000, 25050, 25100, 25150]
2025-09-15 14:29:45,448 - INFO - Getting token and lot size for trading symbol: NIFTY16SEP25P24800
2025-09-15 14:29:45,453 - INFO - Found NFO token and lot size for NIFTY16SEP25P24800: 44639, 75
2025-09-15 14:29:45,457 - INFO - Generated quantity options for lot size 75: ['75', '150', '225', '300', '375', '450', '525', '600', '675', '750']
2025-09-15 14:29:45,457 - INFO - Updated quantity options for NIFTY16SEP25P24800 with lot size 75: ['75', '150', '225', '300', '375', '450', '525', '600', '675', '750']
2025-09-15 14:29:45,457 - INFO - Getting token for trading symbol: NIFTY16SEP25P24800
2025-09-15 14:29:45,463 - INFO - Found NFO token for NIFTY16SEP25P24800: 44639
2025-09-15 14:29:46,138 - INFO - Modify price fields cleared after auto-fetch
2025-09-15 14:29:46,138 - INFO - Getting token for trading symbol: NIFTY16SEP25P24800
2025-09-15 14:29:46,139 - INFO - Found NFO token for NIFTY16SEP25P24800: 44639
2025-09-15 14:29:46,139 - INFO - Subscribed to live price feed via master account: NFO|44639
2025-09-15 14:29:46,139 - INFO - Auto-subscribed to NIFTY16SEP25P24800 at price 4.05
2025-09-15 14:29:58,997 - INFO - Getting token and lot size for trading symbol: NIFTY16SEP25P24800
2025-09-15 14:29:59,005 - INFO - Found NFO token and lot size for NIFTY16SEP25P24800: 44639, 75
2025-09-15 14:29:59,005 - INFO - Generated quantity options for lot size 75: ['75', '150', '225', '300', '375', '450', '525', '600', '675', '750']
2025-09-15 14:29:59,005 - INFO - Updated quantity options for NIFTY16SEP25P24800 with lot size 75: ['75', '150', '225', '300', '375', '450', '525', '600', '675', '750']
2025-09-15 14:29:59,009 - INFO - Getting token and lot size for trading symbol: NIFTY16SEP25P24800
2025-09-15 14:29:59,013 - INFO - Found NFO token and lot size for NIFTY16SEP25P24800: 44639, 75
2025-09-15 14:29:59,015 - INFO - Using same quantity for both accounts: 75 (lot size: 75)
2025-09-15 14:29:59,015 - INFO - Active accounts: [1, 2]
2025-09-15 14:29:59,016 - INFO - Placing buy orders for accounts: [1, 2]
2025-09-15 14:29:59,016 - INFO - Trading symbol: NIFTY16SEP25P24800, Price: 4.0
2025-09-15 14:29:59,017 - INFO - Quantities: [75, 75]
2025-09-15 14:29:59,017 - INFO - Account 1: API=True, Qty=75, Active=True
2025-09-15 14:29:59,018 - INFO - Placing order for account 1 with parameters: {'buy_or_sell': 'B', 'product_type': 'I', 'exchange': 'NFO', 'tradingsymbol': 'NIFTY16SEP25P24800', 'quantity': 75, 'discloseqty': 0, 'price_type': 'LMT', 'price': 4.0, 'trigger_price': None, 'retention': 'DAY', 'amo': 'NO', 'remarks': None}
2025-09-15 14:29:59,018 - INFO - Account 2: API=True, Qty=75, Active=True
2025-09-15 14:29:59,019 - INFO - API instance for account 1: True
2025-09-15 14:29:59,025 - INFO - Placing order for account 2 with parameters: {'buy_or_sell': 'B', 'product_type': 'I', 'exchange': 'NFO', 'tradingsymbol': 'NIFTY16SEP25P24800', 'quantity': 75, 'discloseqty': 0, 'price_type': 'LMT', 'price': 4.0, 'trigger_price': None, 'retention': 'DAY', 'amo': 'NO', 'remarks': None}
2025-09-15 14:29:59,030 - INFO - API instance for account 2: True
2025-09-15 14:29:59,866 - INFO - API response: {'request_time': '14:30:00 15-09-2025', 'stat': 'Ok', 'norenordno': '25091500321110'}
2025-09-15 14:29:59,866 - INFO - API response type: <class 'dict'>
2025-09-15 14:29:59,882 - INFO - Order status debug - status: 'PENDING', reporttype: 'NewAck', trantype: 'B', price: '4.00'
2025-09-15 14:29:59,882 - INFO - Buy order placed successfully: {'request_time': '14:30:00 15-09-2025', 'stat': 'Ok', 'norenordno': '25091500321110'}
2025-09-15 14:29:59,883 - INFO - New order received: 25091500321110
2025-09-15 14:29:59,905 - INFO - API response: {'request_time': '14:30:00 15-09-2025', 'stat': 'Ok', 'norenordno': '25091500321111'}
2025-09-15 14:29:59,907 - INFO - API response type: <class 'dict'>
2025-09-15 14:29:59,909 - INFO - Buy order placed successfully: {'request_time': '14:30:00 15-09-2025', 'stat': 'Ok', 'norenordno': '25091500321111'}
2025-09-15 14:29:59,911 - INFO - New order received: 25091500321111
2025-09-15 14:29:59,911 - INFO - Order data saved to orders.csv
2025-09-15 14:29:59,911 - INFO - Order status debug - status: 'PENDING', reporttype: 'NewAck', trantype: 'B', price: '4.00'
2025-09-15 14:29:59,913 - INFO - Cross-account coordination started
2025-09-15 14:29:59,919 - INFO - Order data saved to orders.csv
2025-09-15 14:29:59,919 - INFO - Account 2 - B PENDING NewAck
2025-09-15 14:29:59,919 - INFO - Cross-account coordination started for buy orders
2025-09-15 14:29:59,921 - INFO - Account 1 - B PENDING NewAck
2025-09-15 14:29:59,924 - INFO - Buy button disabled to prevent duplicate orders
2025-09-15 14:29:59,929 - INFO - Cancel Buy and Modify Buy buttons enabled after buy orders placed
2025-09-15 14:29:59,931 - INFO - Exit button kept disabled until buy orders are completed
2025-09-15 14:29:59,932 - INFO - Child order status updated: Buy Order PENDING @ 4.00
2025-09-15 14:29:59,932 - INFO - Master order status updated: Buy Order PENDING @ 4.00
2025-09-15 14:29:59,935 - INFO - Updating order 25091500321110
2025-09-15 14:29:59,935 - INFO - Order status debug - status: 'PENDING', reporttype: 'PendingNew', trantype: 'B', price: '4.00'
2025-09-15 14:29:59,935 - INFO - Updating order 25091500321111
2025-09-15 14:29:59,935 - INFO - Order status debug - status: 'PENDING', reporttype: 'PendingNew', trantype: 'B', price: '4.00'
2025-09-15 14:29:59,938 - ERROR - Error processing order update for account 2: Must have equal len keys and value when setting with an iterable
2025-09-15 14:29:59,939 - INFO - Child order status updated: Buy Order PENDING @ 4.00
2025-09-15 14:29:59,940 - ERROR - Error processing order update for account 1: Must have equal len keys and value when setting with an iterable
2025-09-15 14:29:59,941 - INFO - Master order status updated: Buy Order PENDING @ 4.00
2025-09-15 14:29:59,948 - INFO - Updating order 25091500321110
2025-09-15 14:29:59,950 - INFO - Order status debug - status: 'OPEN', reporttype: 'New', trantype: 'B', price: '4.00'
2025-09-15 14:29:59,951 - ERROR - Error processing order update for account 2: Must have equal len keys and value when setting with an iterable
2025-09-15 14:29:59,953 - INFO - Updating order 25091500321111
2025-09-15 14:29:59,953 - INFO - Order status debug - status: 'OPEN', reporttype: 'New', trantype: 'B', price: '4.00'
2025-09-15 14:29:59,953 - INFO - Child order status updated: Buy Order Open @ 4.00
2025-09-15 14:29:59,955 - ERROR - Error processing order update for account 1: Must have equal len keys and value when setting with an iterable
2025-09-15 14:29:59,956 - INFO - Master order status updated: Buy Order Open @ 4.00
2025-09-15 14:30:00,798 - INFO - PnL updated for account 2 (active): 22.5
2025-09-15 14:30:00,798 - INFO - Order state updated - Master: None, Child: PENDING
2025-09-15 14:30:00,803 - INFO - Checking coordination - Master: None, Child: PENDING
2025-09-15 14:30:00,829 - INFO - PnL updated for account 1 (active): 22.5
2025-09-15 14:30:00,829 - INFO - Order state updated - Master: PENDING, Child: PENDING
2025-09-15 14:30:00,829 - INFO - Checking coordination - Master: PENDING, Child: PENDING
2025-09-15 14:30:09,907 - INFO - Getting token and lot size for trading symbol: NIFTY16SEP25P24800
2025-09-15 14:30:09,920 - INFO - Found NFO token and lot size for NIFTY16SEP25P24800: 44639, 75
2025-09-15 14:30:09,920 - INFO - Generated quantity options for lot size 75: ['75', '150', '225', '300', '375', '450', '525', '600', '675', '750']
2025-09-15 14:30:09,920 - INFO - Updated quantity options for NIFTY16SEP25P24800 with lot size 75: ['75', '150', '225', '300', '375', '450', '525', '600', '675', '750']
2025-09-15 14:30:09,920 - INFO - Modify Buy box populated with current LTP: 4.10
2025-09-15 14:30:13,463 - INFO - Getting token and lot size for trading symbol: NIFTY16SEP25P24800
2025-09-15 14:30:13,463 - INFO - Found NFO token and lot size for NIFTY16SEP25P24800: 44639, 75
2025-09-15 14:30:13,463 - INFO - Generated quantity options for lot size 75: ['75', '150', '225', '300', '375', '450', '525', '600', '675', '750']
2025-09-15 14:30:13,463 - INFO - Updated quantity options for NIFTY16SEP25P24800 with lot size 75: ['75', '150', '225', '300', '375', '450', '525', '600', '675', '750']
2025-09-15 14:30:13,463 - INFO - Getting token and lot size for trading symbol: NIFTY16SEP25P24800
2025-09-15 14:30:13,472 - INFO - Found NFO token and lot size for NIFTY16SEP25P24800: 44639, 75
2025-09-15 14:30:13,478 - INFO - Using same quantity for both accounts: 75 (lot size: 75)
2025-09-15 14:30:14,866 - INFO - Order 25091500321110 modified successfully
2025-09-15 14:30:14,867 - INFO - Updating order 25091500321110
2025-09-15 14:30:14,868 - INFO - Order status debug - status: 'PENDING', reporttype: 'ModAck', trantype: 'B', price: '3.90'
2025-09-15 14:30:14,868 - ERROR - Error processing order update for account 2: Must have equal len keys and value when setting with an iterable
2025-09-15 14:30:14,882 - INFO - Order 25091500321111 modified successfully
2025-09-15 14:30:14,885 - INFO - Child order status updated: Buy Order PENDING @ 3.90
2025-09-15 14:30:14,888 - INFO - Updating order 25091500321110
2025-09-15 14:30:14,888 - INFO - Order status debug - status: 'PENDING', reporttype: 'PendingReplace', trantype: 'B', price: '3.90'
2025-09-15 14:30:14,889 - INFO - Updating order 25091500321111
2025-09-15 14:30:14,889 - INFO - Order status debug - status: 'PENDING', reporttype: 'ModAck', trantype: 'B', price: '3.90'
2025-09-15 14:30:14,889 - ERROR - Error processing order update for account 2: Must have equal len keys and value when setting with an iterable
2025-09-15 14:30:14,889 - INFO - Child order status updated: Buy Order PENDING @ 3.90
2025-09-15 14:30:14,897 - ERROR - Error processing order update for account 1: Must have equal len keys and value when setting with an iterable
2025-09-15 14:30:14,901 - INFO - Master order status updated: Buy Order PENDING @ 3.90
2025-09-15 14:30:14,901 - INFO - Updating order 25091500321110
2025-09-15 14:30:14,903 - INFO - Order status debug - status: 'OPEN', reporttype: 'Replaced', trantype: 'B', price: '3.90'
2025-09-15 14:30:14,906 - ERROR - Error processing order update for account 2: Must have equal len keys and value when setting with an iterable
2025-09-15 14:30:14,908 - INFO - Updating order 25091500321111
2025-09-15 14:30:14,908 - INFO - Order status debug - status: 'PENDING', reporttype: 'PendingReplace', trantype: 'B', price: '3.90'
2025-09-15 14:30:14,908 - INFO - Child order status updated: Buy Order OPEN @ 3.90
2025-09-15 14:30:14,912 - ERROR - Error processing order update for account 1: Must have equal len keys and value when setting with an iterable
2025-09-15 14:30:14,915 - INFO - Master order status updated: Buy Order PENDING @ 3.90
2025-09-15 14:30:14,921 - INFO - Updating order 25091500321111
2025-09-15 14:30:14,921 - INFO - Order status debug - status: 'OPEN', reporttype: 'Replaced', trantype: 'B', price: '3.90'
2025-09-15 14:30:14,927 - ERROR - Error processing order update for account 1: Must have equal len keys and value when setting with an iterable
2025-09-15 14:30:14,930 - INFO - Master order status updated: Buy Order OPEN @ 3.90
2025-09-15 14:30:26,279 - INFO - Getting token and lot size for trading symbol: NIFTY16SEP25P24800
2025-09-15 14:30:26,279 - INFO - Found NFO token and lot size for NIFTY16SEP25P24800: 44639, 75
2025-09-15 14:30:26,287 - INFO - Generated quantity options for lot size 75: ['75', '150', '225', '300', '375', '450', '525', '600', '675', '750']
2025-09-15 14:30:26,288 - INFO - Updated quantity options for NIFTY16SEP25P24800 with lot size 75: ['75', '150', '225', '300', '375', '450', '525', '600', '675', '750']
2025-09-15 14:30:26,289 - INFO - Getting token and lot size for trading symbol: NIFTY16SEP25P24800
2025-09-15 14:30:26,295 - INFO - Found NFO token and lot size for NIFTY16SEP25P24800: 44639, 75
2025-09-15 14:30:26,297 - INFO - Using same quantity for both accounts: 75 (lot size: 75)
2025-09-15 14:30:30,122 - INFO - Order 25091500321110 modified successfully
2025-09-15 14:30:30,122 - INFO - Updating order 25091500321110
2025-09-15 14:30:30,122 - INFO - Order status debug - status: 'PENDING', reporttype: 'ModAck', trantype: 'B', price: '4.00'
2025-09-15 14:30:30,137 - ERROR - Error processing order update for account 2: Must have equal len keys and value when setting with an iterable
2025-09-15 14:30:30,189 - INFO - Order 25091500321111 modified successfully
2025-09-15 14:30:30,191 - INFO - Child order status updated: Buy Order PENDING @ 4.00
2025-09-15 14:30:30,196 - INFO - Updating order 25091500321110
2025-09-15 14:30:30,198 - INFO - Order status debug - status: 'PENDING', reporttype: 'PendingReplace', trantype: 'B', price: '4.00'
2025-09-15 14:30:30,198 - ERROR - Error processing order update for account 2: Must have equal len keys and value when setting with an iterable
2025-09-15 14:30:30,208 - INFO - Child order status updated: Buy Order PENDING @ 4.00
2025-09-15 14:30:30,215 - INFO - Updating order 25091500321110
2025-09-15 14:30:30,215 - INFO - Order status debug - status: 'OPEN', reporttype: 'Replaced', trantype: 'B', price: '4.00'
2025-09-15 14:30:30,220 - ERROR - Error processing order update for account 2: Must have equal len keys and value when setting with an iterable
2025-09-15 14:30:30,220 - INFO - Child order status updated: Buy Order OPEN @ 4.00
2025-09-15 14:30:30,233 - INFO - Updating order 25091500321111
2025-09-15 14:30:30,233 - INFO - Order status debug - status: 'PENDING', reporttype: 'ModAck', trantype: 'B', price: '4.00'
2025-09-15 14:30:30,240 - ERROR - Error processing order update for account 1: Must have equal len keys and value when setting with an iterable
2025-09-15 14:30:30,240 - INFO - Master order status updated: Buy Order PENDING @ 4.00
2025-09-15 14:30:30,240 - INFO - Updating order 25091500321111
2025-09-15 14:30:30,240 - INFO - Order status debug - status: 'PENDING', reporttype: 'PendingReplace', trantype: 'B', price: '4.00'
2025-09-15 14:30:30,245 - ERROR - Error processing order update for account 1: Must have equal len keys and value when setting with an iterable
2025-09-15 14:30:30,245 - INFO - Master order status updated: Buy Order PENDING @ 4.00
2025-09-15 14:30:30,250 - INFO - Updating order 25091500321111
2025-09-15 14:30:30,250 - INFO - Order status debug - status: 'OPEN', reporttype: 'Replaced', trantype: 'B', price: '4.00'
2025-09-15 14:30:30,252 - ERROR - Error processing order update for account 1: Must have equal len keys and value when setting with an iterable
2025-09-15 14:30:30,252 - INFO - Master order status updated: Buy Order OPEN @ 4.00
2025-09-15 14:30:48,001 - INFO - SL price suggested: 4.06 (1% below LTP: 4.1)
2025-09-15 14:30:57,272 - INFO - SL price set to: 3.5 (monitoring will start after buy order is filled)
2025-09-15 14:31:01,432 - INFO - Target price suggested: 4.09 (1% above LTP: 4.05)
2025-09-15 14:31:05,499 - INFO - Target price set to: 4.7 (monitoring will start after buy order is filled)
2025-09-15 14:31:22,429 - INFO - Updating order 25091500321111
2025-09-15 14:31:22,429 - INFO - Order status debug - status: 'COMPLETE', reporttype: 'Fill', trantype: 'B', price: '4.00'
2025-09-15 14:31:22,429 - INFO - Updating order 25091500321110
2025-09-15 14:31:22,429 - INFO - Order status debug - status: 'COMPLETE', reporttype: 'Fill', trantype: 'B', price: '4.00'
2025-09-15 14:31:22,431 - ERROR - Error processing order update for account 1: Must have equal len keys and value when setting with an iterable
2025-09-15 14:31:22,431 - INFO - Buy order completed for account 1: NIFTY16SEP25P24800 @ 4.0
2025-09-15 14:31:22,431 - ERROR - Error processing order update for account 2: Must have equal len keys and value when setting with an iterable
2025-09-15 14:31:22,431 - INFO - Buy order completed for account 2: NIFTY16SEP25P24800 @ 4.0
2025-09-15 14:31:22,431 - INFO - SL monitoring activated at 3.5
2025-09-15 14:31:22,436 - INFO - SL monitoring started at: 3.5
2025-09-15 14:31:22,437 - INFO - SL monitoring activated at 3.5
2025-09-15 14:31:22,438 - INFO - SL monitoring started at: 3.5
2025-09-15 14:31:22,438 - INFO - Target monitoring activated at 4.7
2025-09-15 14:31:22,439 - INFO - Target monitoring activated at 4.7
2025-09-15 14:31:22,439 - INFO - Target monitoring started at: 4.7
2025-09-15 14:31:22,439 - INFO - Target monitoring started at: 4.7
2025-09-15 14:31:22,445 - INFO - Exit button enabled after buy order completion
2025-09-15 14:31:22,445 - INFO - Exit button enabled after buy order completion
2025-09-15 14:31:23,427 - INFO - PnL updated for account 1 (active): 26.25
2025-09-15 14:31:23,427 - INFO - Master order status updated: Buy Order Complete @ 4.00
2025-09-15 14:31:23,452 - INFO - PnL updated for account 2 (active): 26.25
2025-09-15 14:31:23,460 - INFO - Child order status updated: Buy Order Complete @ 4.00
2025-09-15 14:31:49,541 - INFO - Trailing configured - Percent trail: 0.5 (Ready for target activation)
2025-09-15 14:32:52,238 - INFO - Target monitoring activated at 4.2
2025-09-15 14:32:52,238 - INFO - Target price set and monitoring started: 4.2 (buy orders are filled)
2025-09-15 14:33:12,470 - INFO - SL monitoring activated at 3.8
2025-09-15 14:33:12,470 - INFO - SL price set and monitoring started: 3.8 (buy orders are filled)
2025-09-15 14:33:29,726 - INFO - Trailing disabled
2025-09-15 14:33:30,579 - INFO - Trailing configured - Point trail: 0.05 (Ready for target activation)
2025-09-15 14:33:52,303 - INFO - Getting token and lot size for trading symbol: NIFTY16SEP25P24800
2025-09-15 14:33:52,320 - INFO - Found NFO token and lot size for NIFTY16SEP25P24800: 44639, 75
2025-09-15 14:33:52,320 - INFO - Generated quantity options for lot size 75: ['75', '150', '225', '300', '375', '450', '525', '600', '675', '750']
2025-09-15 14:33:52,320 - INFO - Updated quantity options for NIFTY16SEP25P24800 with lot size 75: ['75', '150', '225', '300', '375', '450', '525', '600', '675', '750']
2025-09-15 14:33:52,320 - INFO - Exit price box populated with current LTP: 3.90
2025-09-15 14:34:00,907 - INFO - Getting token and lot size for trading symbol: NIFTY16SEP25P24800
2025-09-15 14:34:00,917 - INFO - Found NFO token and lot size for NIFTY16SEP25P24800: 44639, 75
2025-09-15 14:34:00,917 - INFO - Generated quantity options for lot size 75: ['75', '150', '225', '300', '375', '450', '525', '600', '675', '750']
2025-09-15 14:34:00,922 - INFO - Updated quantity options for NIFTY16SEP25P24800 with lot size 75: ['75', '150', '225', '300', '375', '450', '525', '600', '675', '750']
2025-09-15 14:34:00,923 - INFO - Getting token and lot size for trading symbol: NIFTY16SEP25P24800
2025-09-15 14:34:00,929 - INFO - Found NFO token and lot size for NIFTY16SEP25P24800: 44639, 75
2025-09-15 14:34:00,929 - INFO - Using same quantity for both accounts: 75 (lot size: 75)
2025-09-15 14:34:00,931 - INFO - Active accounts for exit: [1, 2]
2025-09-15 14:34:00,931 - INFO - Placing exit orders for accounts: [1, 2]
2025-09-15 14:34:00,931 - INFO - Trading symbol: NIFTY16SEP25P24800, Price: 4.2
2025-09-15 14:34:00,933 - INFO - Quantities: [75, 75]
2025-09-15 14:34:01,992 - INFO - Exit order placed successfully: {'request_time': '14:34:02 15-09-2025', 'stat': 'Ok', 'norenordno': '25091500324380'}
2025-09-15 14:34:02,098 - INFO - Exit order placed successfully: {'request_time': '14:34:02 15-09-2025', 'stat': 'Ok', 'norenordno': '25091500324381'}
2025-09-15 14:34:02,102 - INFO - New order received: 25091500324381
2025-09-15 14:34:02,102 - INFO - Order status debug - status: 'PENDING', reporttype: 'NewAck', trantype: 'S', price: '4.20'
2025-09-15 14:34:02,118 - INFO - Exit button disabled to prevent duplicate orders
2025-09-15 14:34:02,124 - INFO - Cancel Exit and Modify Exit buttons enabled after exit orders placed
2025-09-15 14:34:02,124 - INFO - Order data saved to orders.csv
2025-09-15 14:34:02,126 - INFO - Account 2 - S PENDING NewAck
2025-09-15 14:34:02,129 - INFO - Child order status updated: Sell Order PENDING @ 4.20
2025-09-15 14:34:02,136 - INFO - New order received: 25091500324380
2025-09-15 14:34:02,136 - INFO - Order status debug - status: 'PENDING', reporttype: 'NewAck', trantype: 'S', price: '4.20'
2025-09-15 14:34:02,144 - INFO - Updating order 25091500324381
2025-09-15 14:34:02,144 - INFO - Order status debug - status: 'PENDING', reporttype: 'PendingNew', trantype: 'S', price: '4.20'
2025-09-15 14:34:02,151 - ERROR - Error processing order update for account 2: Must have equal len keys and value when setting with an iterable
2025-09-15 14:34:02,153 - INFO - Master order status updated: Sell Order PENDING @ 4.20
2025-09-15 14:34:02,157 - INFO - Child order status updated: Sell Order PENDING @ 4.20
2025-09-15 14:34:02,159 - INFO - Order data saved to orders.csv
2025-09-15 14:34:02,161 - INFO - Account 1 - S PENDING NewAck
2025-09-15 14:34:02,163 - INFO - Updating order 25091500324381
2025-09-15 14:34:02,163 - INFO - Order status debug - status: 'OPEN', reporttype: 'New', trantype: 'S', price: '4.20'
2025-09-15 14:34:02,163 - INFO - Updating order 25091500324380
2025-09-15 14:34:02,165 - INFO - Order status debug - status: 'PENDING', reporttype: 'PendingNew', trantype: 'S', price: '4.20'
2025-09-15 14:34:02,168 - ERROR - Error processing order update for account 2: Must have equal len keys and value when setting with an iterable
2025-09-15 14:34:02,170 - INFO - Child order status updated: Sell Order Open @ 4.20
2025-09-15 14:34:02,174 - ERROR - Error processing order update for account 1: Must have equal len keys and value when setting with an iterable
2025-09-15 14:34:02,175 - INFO - Master order status updated: Sell Order PENDING @ 4.20
2025-09-15 14:34:02,175 - INFO - Updating order 25091500324380
2025-09-15 14:34:02,175 - INFO - Order status debug - status: 'OPEN', reporttype: 'New', trantype: 'S', price: '4.20'
2025-09-15 14:34:02,175 - ERROR - Error processing order update for account 1: Must have equal len keys and value when setting with an iterable
2025-09-15 14:34:02,175 - INFO - Master order status updated: Sell Order Open @ 4.20
2025-09-15 14:34:03,394 - INFO - PnL updated for account 2 (active): 22.5
2025-09-15 14:34:03,394 - INFO - Order state updated - Master: PENDING, Child: PENDING
2025-09-15 14:34:03,396 - INFO - Checking coordination - Master: PENDING, Child: PENDING
2025-09-15 14:34:03,402 - INFO - PnL updated for account 1 (active): 22.5
2025-09-15 14:34:03,403 - INFO - Order state updated - Master: PENDING, Child: PENDING
2025-09-15 14:34:03,403 - INFO - Checking coordination - Master: PENDING, Child: PENDING
2025-09-15 14:35:05,357 - INFO - Exiting child orders at market price
2025-09-15 14:35:07,555 - ERROR - Error in exit_child_orders_market: 'list' object has no attribute 'get'
2025-09-15 14:37:03,861 - WARNING - TARGET REACHED! Current: 4.2, Target: 4.2
2025-09-15 14:37:03,861 - INFO - Target monitoring stopped
2025-09-15 14:37:03,886 - INFO - Trailing mode started at 4.2, initial stop: 4.15
2025-09-15 14:37:04,159 - WARNING - TRAILING STOP HIT! Current: 4.15, Stop: 4.15
2025-09-15 14:37:04,160 - INFO - Executing trailing stop exit at 4.15
2025-09-15 14:37:04,180 - INFO - Getting token and lot size for trading symbol: NIFTY16SEP25P24800
2025-09-15 14:37:04,195 - INFO - Found NFO token and lot size for NIFTY16SEP25P24800: 44639, 75
2025-09-15 14:37:04,197 - INFO - Generated quantity options for lot size 75: ['75', '150', '225', '300', '375', '450', '525', '600', '675', '750']
2025-09-15 14:37:04,228 - INFO - Updated quantity options for NIFTY16SEP25P24800 with lot size 75: ['75', '150', '225', '300', '375', '450', '525', '600', '675', '750']
2025-09-15 14:37:04,235 - INFO - Getting token and lot size for trading symbol: NIFTY16SEP25P24800
2025-09-15 14:37:04,246 - INFO - Found NFO token and lot size for NIFTY16SEP25P24800: 44639, 75
2025-09-15 14:37:04,246 - INFO - Using same quantity for both accounts: 75 (lot size: 75)
2025-09-15 14:37:04,247 - INFO - Active accounts for exit: [1, 2]
2025-09-15 14:37:04,247 - INFO - Placing exit orders for accounts: [1, 2]
2025-09-15 14:37:04,247 - INFO - Trading symbol: NIFTY16SEP25P24800, Price: 4.15
2025-09-15 14:37:04,247 - INFO - Quantities: [75, 75]
2025-09-15 14:37:05,411 - INFO - Exit order placed successfully: {'request_time': '14:37:06 15-09-2025', 'stat': 'Ok', 'norenordno': '25091500326213'}
2025-09-15 14:37:05,414 - INFO - New order received: 25091500326213
2025-09-15 14:37:05,414 - INFO - Order status debug - status: 'PENDING', reporttype: 'NewAck', trantype: 'S', price: '4.15'
2025-09-15 14:37:05,418 - INFO - Child order status updated: Sell Order PENDING @ 4.15
2025-09-15 14:37:05,426 - INFO - Order data saved to orders.csv
2025-09-15 14:37:05,428 - INFO - Account 2 - S PENDING NewAck
2025-09-15 14:37:05,429 - INFO - Updating order 25091500326213
2025-09-15 14:37:05,429 - INFO - Order status debug - status: 'REJECTED', reporttype: 'Rejected', trantype: 'S', price: '4.15'
2025-09-15 14:37:05,432 - ERROR - Error processing order update for account 2: Must have equal len keys and value when setting with an iterable
2025-09-15 14:37:05,434 - INFO - Child order status updated: Order Rejected: RED:Margin Shortfall:INR 1,99,285.32 Available:INR 417.89 for C-FA42242 [SHOONYA]
2025-09-15 14:37:05,445 - INFO - Exit order placed successfully: {'request_time': '14:37:06 15-09-2025', 'stat': 'Ok', 'norenordno': '25091500326214'}
2025-09-15 14:37:05,458 - INFO - Exit button disabled to prevent duplicate orders
2025-09-15 14:37:05,462 - INFO - Cancel Exit and Modify Exit buttons enabled after exit orders placed
2025-09-15 14:37:05,465 - INFO - New order received: 25091500326214
2025-09-15 14:37:05,465 - INFO - Order status debug - status: 'PENDING', reporttype: 'NewAck', trantype: 'S', price: '4.15'
2025-09-15 14:37:05,474 - INFO - Order data saved to orders.csv
2025-09-15 14:37:05,474 - INFO - Account 1 - S PENDING NewAck
2025-09-15 14:37:05,479 - INFO - Master order status updated: Sell Order PENDING @ 4.15
2025-09-15 14:37:05,483 - INFO - Updating order 25091500326214
2025-09-15 14:37:05,483 - INFO - Order status debug - status: 'REJECTED', reporttype: 'Rejected', trantype: 'S', price: '4.15'
2025-09-15 14:37:05,489 - ERROR - Error processing order update for account 1: Must have equal len keys and value when setting with an iterable
2025-09-15 14:37:05,518 - INFO - Master order status updated: Order Rejected: RED:RULE:{Check CASH Ratio}Shortfall:INR 99,524.39 Available:INR 327.22 for C-FA32246 [SHOONYA]
2025-09-15 14:37:06,457 - INFO - PnL updated for account 2 (active): 33.75
2025-09-15 14:37:06,457 - INFO - Order state updated - Master: PENDING, Child: PENDING
2025-09-15 14:37:06,460 - INFO - Checking coordination - Master: PENDING, Child: PENDING
2025-09-15 14:37:06,489 - INFO - PnL updated for account 1 (active): 33.75
2025-09-15 14:37:06,489 - INFO - Order state updated - Master: PENDING, Child: PENDING
2025-09-15 14:37:06,489 - INFO - Checking coordination - Master: PENDING, Child: PENDING
2025-09-15 14:37:32,789 - INFO - Updating order 25091500324381
2025-09-15 14:37:32,789 - INFO - Order status debug - status: 'COMPLETE', reporttype: 'Fill', trantype: 'S', price: '4.20'
2025-09-15 14:37:32,789 - INFO - Updating order 25091500324380
2025-09-15 14:37:32,789 - INFO - Order status debug - status: 'COMPLETE', reporttype: 'Fill', trantype: 'S', price: '4.20'
2025-09-15 14:37:32,789 - ERROR - Error processing order update for account 2: Must have equal len keys and value when setting with an iterable
2025-09-15 14:37:32,789 - INFO - Sell order completed for account 2: NIFTY16SEP25P24800 @ 4.2
2025-09-15 14:37:32,802 - ERROR - Error processing order update for account 1: Must have equal len keys and value when setting with an iterable
2025-09-15 14:37:32,802 - INFO - Sell order completed for account 1: NIFTY16SEP25P24800 @ 4.2
2025-09-15 14:37:32,805 - INFO - SL monitoring stopped
2025-09-15 14:37:32,815 - INFO - SL and Target monitoring reset and fields cleared
2025-09-15 14:37:32,816 - INFO - SL and Target monitoring reset and fields cleared
2025-09-15 14:37:32,817 - INFO - SL and Target monitoring reset after sell order completion
2025-09-15 14:37:32,818 - INFO - SL and Target monitoring reset after sell order completion
2025-09-15 14:37:33,986 - INFO - PnL updated for account 1 (active): 37.5
2025-09-15 14:37:34,007 - INFO - Master sell complete check: False (status: Order Rejected: RED:RULE:{Check CASH Ratio}Shortfall:INR 99,524.39 Available:INR 327.22 for C-FA32246 [SHOONYA])
2025-09-15 14:37:34,008 - INFO - PnL updated for account 2 (active): 37.5
2025-09-15 14:37:34,008 - INFO - Child sell complete check: False (status: Exit Orders Placed - Waiting for Status)
2025-09-15 14:37:34,018 - INFO - Master sell complete check: False (status: Order Rejected: RED:RULE:{Check CASH Ratio}Shortfall:INR 99,524.39 Available:INR 327.22 for C-FA32246 [SHOONYA])
2025-09-15 14:37:34,018 - INFO - Master order status updated: Sell Order Complete @ 4.20
2025-09-15 14:37:34,022 - INFO - Child sell complete check: False (status: Exit Orders Placed - Waiting for Status)
2025-09-15 14:37:34,022 - INFO - Child order status updated: Sell Order Complete @ 4.20
