2025-09-21 10:43:05,002 - INFO - Starting master file download in background...
2025-09-21 10:43:05,008 - INFO - Finding expiry dates (with caching)...
2025-09-21 10:43:05,521 - INFO - System initialization completed (downloads in background)
2025-09-21 10:43:05,536 - INFO - Loaded settings from config/settings.json: {'child_default_lots': 1, 'default_sl_points': 20.0, 'default_target_points': 40.0}
2025-09-21 10:43:05,536 - INFO - Loaded settings: {'child_default_lots': 1, 'default_sl_points': 20.0, 'default_target_points': 40.0}
2025-09-21 10:43:06,730 - INFO - Loaded account states from account_states.csv
2025-09-21 10:43:06,746 - INFO - Updated Master (ID: 1) order status to 'ready': Account unblocked on startup
2025-09-21 10:43:06,746 - INFO - Account 1 unblocked on startup - ready for orders
2025-09-21 10:43:06,753 - INFO - Updated Child (ID: 2) order status to 'ready': Account unblocked on startup
2025-09-21 10:43:06,754 - INFO - Account 2 unblocked on startup - ready for orders
2025-09-21 10:43:06,754 - INFO - Account states initialized - CSV reset on startup
2025-09-21 10:43:07,206 - INFO - Deleted old master file: BFO_symbols.txt_2025-09-18.txt
2025-09-21 10:43:07,212 - INFO - Deleted old master file: NFO_symbols.txt_2025-09-18.txt
2025-09-21 10:43:07,216 - INFO - Deleted old master file: NSE_symbols.txt_2025-09-18.txt
2025-09-21 10:43:07,223 - INFO - Deleted old master file: MCX_symbols.txt_2025-09-18.txt
2025-09-21 10:43:07,226 - INFO - Cleanup completed: 4 old master files deleted
2025-09-21 10:43:07,226 - INFO - Calculating expiry dates for all indices...
2025-09-21 10:43:07,308 - INFO - SENSEX - Current: 25-Sep-2025, Next: 01-Oct-2025
2025-09-21 10:43:07,683 - INFO - NIFTY - Current: 23-Sep-2025, Next: 30-Sep-2025
2025-09-21 10:43:07,865 - INFO - BANKNIFTY - Current: 30-Sep-2025, Next: 28-Oct-2025
2025-09-21 10:43:07,865 - INFO - Expiry dates saved to data\expiry_dates.csv
2025-09-21 10:43:07,882 - INFO - SENSEX - Current expiry: 25-Sep-2025
2025-09-21 10:43:07,882 - INFO - SENSEX - Next expiry: 01-Oct-2025
2025-09-21 10:43:08,336 - INFO - Generated fresh 2FA for account 1: 816138
2025-09-21 10:43:10,483 - INFO - PnL calculated for account 1 (active): 0.0
2025-09-21 10:43:10,487 - INFO - Master account initialized successfully: ROOPAL SONI
2025-09-21 10:43:10,871 - INFO - Price input box enabled - no active positions
2025-09-21 10:43:10,871 - INFO - UI states initialized successfully
2025-09-21 10:44:22,164 - INFO - Generated fresh 2FA for account 2: 670395
2025-09-21 10:44:22,803 - INFO - Account 2 order status reset to 'ready' on successful login
2025-09-21 10:44:22,808 - INFO - Updated Child (ID: 2) login status to 'logged_in': Account logged in successfully
2025-09-21 10:44:22,810 - INFO - Updated Child (ID: 2) order status to 'ready': Account ready for orders
2025-09-21 10:44:22,815 - INFO - Child account logged in - Order blocking reset
2025-09-21 10:44:23,585 - INFO - PnL calculated for account 2 (active): 0.0
2025-09-21 10:44:26,038 - INFO - Account 2 (KRATIK YADAV) blocked from sending orders - PnL monitoring continues
2025-09-21 10:44:26,040 - INFO - Child account blocked from sending orders - PnL monitoring continues
2025-09-21 10:46:17,678 - INFO - Loaded account states from account_states.csv
2025-09-21 10:46:17,686 - INFO - Updated Child (ID: 2) order status to 'blocked': Child account logged out - orders blocked
2025-09-21 10:46:41,249 - INFO - Starting master file download in background...
2025-09-21 10:46:41,249 - INFO - Finding expiry dates (with caching)...
2025-09-21 10:46:41,522 - INFO - System initialization completed (downloads in background)
2025-09-21 10:46:41,522 - INFO - Loaded settings from config/settings.json: {'child_default_lots': 1, 'default_sl_points': 20.0, 'default_target_points': 40.0}
2025-09-21 10:46:41,522 - INFO - Loaded settings: {'child_default_lots': 1, 'default_sl_points': 20.0, 'default_target_points': 40.0}
2025-09-21 10:46:41,713 - INFO - Loaded account states from account_states.csv
2025-09-21 10:46:41,719 - INFO - Updated Child (ID: 2) order status to 'ready': Account unblocked on startup
2025-09-21 10:46:41,719 - INFO - Account 2 unblocked on startup - ready for orders
2025-09-21 10:46:41,719 - INFO - Account states initialized - CSV reset on startup
2025-09-21 10:46:41,989 - INFO - Cleanup completed: 0 old master files deleted
2025-09-21 10:46:41,989 - INFO - Expiry dates already calculated today, loading from CSV
2025-09-21 10:46:41,989 - INFO - SENSEX - Current expiry: 25-Sep-2025
2025-09-21 10:46:41,994 - INFO - SENSEX - Next expiry: 01-Oct-2025
2025-09-21 10:46:42,070 - INFO - Generated fresh 2FA for account 1: 975573
2025-09-21 10:46:43,682 - INFO - PnL calculated for account 1 (active): 0.0
2025-09-21 10:46:43,682 - INFO - Master account initialized successfully: ROOPAL SONI
2025-09-21 10:46:43,933 - INFO - Price input box enabled - no active positions
2025-09-21 10:46:43,933 - INFO - UI states initialized successfully
2025-09-21 10:46:45,419 - INFO - Generated fresh 2FA for account 2: 101158
2025-09-21 10:46:46,034 - INFO - Account 2 order status reset to 'ready' on successful login
2025-09-21 10:46:46,034 - INFO - Updated Child (ID: 2) login status to 'logged_in': Account logged in successfully
2025-09-21 10:46:46,040 - INFO - Updated Child (ID: 2) order status to 'ready': Account ready for orders
2025-09-21 10:46:46,042 - INFO - Child account logged in - Order blocking reset
2025-09-21 10:46:46,635 - INFO - PnL calculated for account 2 (active): 0.0
2025-09-21 10:46:53,076 - INFO - Account 2 (KRATIK YADAV) blocked from sending orders - PnL monitoring continues
2025-09-21 10:46:53,081 - INFO - Updated Child (ID: 2) order status to 'blocked': Child account logged out - orders blocked
2025-09-21 10:46:53,083 - INFO - Child account blocked from sending orders - PnL monitoring continues
2025-09-21 10:55:19,933 - INFO - Loaded account states from account_states.csv
2025-09-21 10:55:19,933 - INFO - Migrating account states from string to binary format...
2025-09-21 10:55:19,933 - INFO - Starting migration from string to binary format...
2025-09-21 10:55:19,941 - INFO - Account 1: logged_in->1, ready->1
2025-09-21 10:55:19,941 - INFO - Account 2: logged_in->1, blocked->0
2025-09-21 10:55:19,941 - INFO - Migration completed successfully - states converted to binary format
2025-09-21 10:55:27,751 - INFO - Loaded account states from account_states.csv
2025-09-21 10:55:27,757 - INFO - Updated Child (ID: 2) login status to '0': Child logged out
2025-09-21 10:55:27,770 - INFO - Updated Child (ID: 2) order status to '0': Child orders blocked
2025-09-21 10:55:33,794 - INFO - Starting master file download in background...
2025-09-21 10:55:33,797 - INFO - Finding expiry dates (with caching)...
2025-09-21 10:55:34,069 - INFO - System initialization completed (downloads in background)
2025-09-21 10:55:34,069 - INFO - Loaded settings from config/settings.json: {'child_default_lots': 1, 'default_sl_points': 20.0, 'default_target_points': 40.0}
2025-09-21 10:55:34,069 - INFO - Loaded settings: {'child_default_lots': 1, 'default_sl_points': 20.0, 'default_target_points': 40.0}
2025-09-21 10:55:34,286 - INFO - Loaded account states from account_states.csv
2025-09-21 10:55:34,286 - INFO - Account states initialized - CSV reset on startup
2025-09-21 10:55:34,592 - INFO - Cleanup completed: 0 old master files deleted
2025-09-21 10:55:34,592 - INFO - Expiry dates already calculated today, loading from CSV
2025-09-21 10:55:34,594 - INFO - SENSEX - Current expiry: 25-Sep-2025
2025-09-21 10:55:34,594 - INFO - SENSEX - Next expiry: 01-Oct-2025
2025-09-21 10:55:34,854 - INFO - Generated fresh 2FA for account 1: 925802
2025-09-21 10:55:36,526 - INFO - PnL calculated for account 1 (active): 0.0
2025-09-21 10:55:36,526 - INFO - Master account initialized successfully: ROOPAL SONI
2025-09-21 10:55:36,662 - INFO - Price input box enabled - no active positions
2025-09-21 10:55:36,662 - INFO - UI states initialized successfully
2025-09-21 10:58:58,542 - INFO - Starting master file download in background...
2025-09-21 10:58:58,544 - INFO - Finding expiry dates (with caching)...
2025-09-21 10:58:58,778 - INFO - System initialization completed (downloads in background)
2025-09-21 10:58:58,782 - INFO - Loaded settings from config/settings.json: {'child_default_lots': 1, 'default_sl_points': 20.0, 'default_target_points': 40.0}
2025-09-21 10:58:58,782 - INFO - Loaded settings: {'child_default_lots': 1, 'default_sl_points': 20.0, 'default_target_points': 40.0}
2025-09-21 10:58:58,944 - INFO - Loaded account states from account_states.csv
2025-09-21 10:58:58,944 - INFO - Account states initialized - CSV reset on startup
2025-09-21 10:58:59,210 - INFO - Cleanup completed: 0 old master files deleted
2025-09-21 10:58:59,210 - INFO - Expiry dates already calculated today, loading from CSV
2025-09-21 10:58:59,214 - INFO - SENSEX - Current expiry: 25-Sep-2025
2025-09-21 10:58:59,214 - INFO - SENSEX - Next expiry: 01-Oct-2025
2025-09-21 10:58:59,266 - INFO - Generated fresh 2FA for account 1: 036391
2025-09-21 10:59:00,857 - INFO - PnL calculated for account 1 (active): 0.0
2025-09-21 10:59:00,859 - INFO - Master account initialized successfully: ROOPAL SONI
2025-09-21 10:59:00,994 - INFO - Price input box enabled - no active positions
2025-09-21 10:59:00,994 - INFO - UI states initialized successfully
2025-09-21 11:00:09,631 - INFO - Generated fresh 2FA for account 2: 461151
2025-09-21 11:00:10,519 - INFO - Updated Child (ID: 2) login status to 'logged_in': Account logged in successfully
2025-09-21 11:00:10,526 - INFO - Updated Child (ID: 2) order status to 'ready': Account ready for orders
2025-09-21 11:00:10,537 - INFO - Child account logged in - Order blocking reset
2025-09-21 11:00:11,213 - INFO - PnL calculated for account 2 (active): 0.0
2025-09-21 11:01:54,595 - INFO - Loaded account states from account_states.csv
2025-09-21 11:01:54,595 - INFO - Migrating account states from string to binary format...
2025-09-21 11:01:54,595 - INFO - Starting migration from string to binary format...
2025-09-21 11:01:54,595 - INFO - Account 1: 1->0, 1->0
2025-09-21 11:01:54,595 - INFO - Account 2: logged_in->1, ready->1
2025-09-21 11:01:54,613 - INFO - Migration completed successfully - states converted to binary format
2025-09-21 11:01:54,617 - INFO - Account 1 order status reset to 'ready' on successful login
2025-09-21 11:01:54,622 - INFO - Updated Master (ID: 1) login status to '1': Master account always logged in
2025-09-21 11:01:54,624 - INFO - Master account set to always logged in state
2025-09-21 11:02:00,750 - INFO - Loaded account states from account_states.csv
2025-09-21 11:02:00,756 - INFO - Updated Child (ID: 2) order status to '0': Child account blocked for testing
2025-09-21 11:02:00,765 - INFO - Updated Child (ID: 2) order status to '1': Child account unblocked for testing
2025-09-21 11:02:10,418 - INFO - Starting master file download in background...
2025-09-21 11:02:10,419 - INFO - Finding expiry dates (with caching)...
2025-09-21 11:02:10,712 - INFO - System initialization completed (downloads in background)
2025-09-21 11:02:10,712 - INFO - Loaded settings from config/settings.json: {'child_default_lots': 1, 'default_sl_points': 20.0, 'default_target_points': 40.0}
2025-09-21 11:02:10,712 - INFO - Loaded settings: {'child_default_lots': 1, 'default_sl_points': 20.0, 'default_target_points': 40.0}
2025-09-21 11:02:10,945 - INFO - Loaded account states from account_states.csv
2025-09-21 11:02:10,945 - INFO - Account states initialized - CSV reset on startup
2025-09-21 11:02:11,216 - INFO - Cleanup completed: 0 old master files deleted
2025-09-21 11:02:11,216 - INFO - Expiry dates already calculated today, loading from CSV
2025-09-21 11:02:11,216 - INFO - SENSEX - Current expiry: 25-Sep-2025
2025-09-21 11:02:11,219 - INFO - SENSEX - Next expiry: 01-Oct-2025
2025-09-21 11:02:11,264 - INFO - Generated fresh 2FA for account 1: 695241
2025-09-21 11:02:12,748 - INFO - PnL calculated for account 1 (active): 0.0
2025-09-21 11:02:12,748 - INFO - Master account initialized successfully: ROOPAL SONI
2025-09-21 11:02:12,892 - INFO - Price input box enabled - no active positions
2025-09-21 11:02:12,892 - INFO - UI states initialized successfully
2025-09-21 11:06:50,056 - INFO - Starting master file download in background...
2025-09-21 11:06:50,056 - INFO - Finding expiry dates (with caching)...
2025-09-21 11:06:50,320 - INFO - System initialization completed (downloads in background)
2025-09-21 11:06:50,320 - INFO - Loaded settings from config/settings.json: {'child_default_lots': 1, 'default_sl_points': 20.0, 'default_target_points': 40.0}
2025-09-21 11:06:50,320 - INFO - Loaded settings: {'child_default_lots': 1, 'default_sl_points': 20.0, 'default_target_points': 40.0}
2025-09-21 11:06:50,544 - INFO - Loaded account states from account_states.csv
2025-09-21 11:06:50,544 - INFO - Account states initialized - CSV reset on startup
2025-09-21 11:06:50,797 - INFO - Cleanup completed: 0 old master files deleted
2025-09-21 11:06:50,798 - INFO - Expiry dates already calculated today, loading from CSV
2025-09-21 11:06:50,798 - INFO - SENSEX - Current expiry: 25-Sep-2025
2025-09-21 11:06:50,798 - INFO - SENSEX - Next expiry: 01-Oct-2025
2025-09-21 11:06:51,039 - INFO - Generated fresh 2FA for account 1: 158117
2025-09-21 11:06:52,496 - INFO - PnL calculated for account 1 (active): 0.0
2025-09-21 11:06:52,496 - INFO - Master account initialized successfully: ROOPAL SONI
2025-09-21 11:06:52,799 - INFO - Price input box enabled - no active positions
2025-09-21 11:06:52,799 - INFO - UI states initialized successfully
2025-09-21 11:07:05,674 - INFO - Generated fresh 2FA for account 2: 187727
2025-09-21 11:07:06,265 - INFO - Account 2 order status reset to 'ready' on successful login
2025-09-21 11:07:06,270 - INFO - Updated Child (ID: 2) login status to '1': Account logged in successfully
2025-09-21 11:07:06,276 - INFO - Updated Child (ID: 2) order status to '1': Account ready for orders
2025-09-21 11:07:06,280 - INFO - Child account logged in - Order blocking reset
2025-09-21 11:07:06,912 - INFO - PnL calculated for account 2 (active): 0.0
2025-09-21 11:07:10,773 - INFO - Account 2 (KRATIK YADAV) blocked from sending orders - PnL monitoring continues
2025-09-21 11:07:10,778 - INFO - Updated Child (ID: 2) order status to '0': Child account logged out - orders blocked
2025-09-21 11:07:10,778 - INFO - Child account blocked from sending orders - PnL monitoring continues
2025-09-21 11:07:23,360 - INFO - Starting master file download in background...
2025-09-21 11:07:23,368 - INFO - Finding expiry dates (with caching)...
2025-09-21 11:07:23,608 - INFO - System initialization completed (downloads in background)
2025-09-21 11:07:23,608 - INFO - Loaded settings from config/settings.json: {'child_default_lots': 1, 'default_sl_points': 20.0, 'default_target_points': 40.0}
2025-09-21 11:07:23,608 - INFO - Loaded settings: {'child_default_lots': 1, 'default_sl_points': 20.0, 'default_target_points': 40.0}
2025-09-21 11:07:23,773 - INFO - Loaded account states from account_states.csv
2025-09-21 11:07:23,784 - INFO - Updated Child (ID: 2) order status to '1': Account unblocked on startup
2025-09-21 11:07:23,784 - INFO - Account 2 unblocked on startup - ready for orders
2025-09-21 11:07:23,784 - INFO - Account states initialized - CSV reset on startup
2025-09-21 11:07:24,025 - INFO - Cleanup completed: 0 old master files deleted
2025-09-21 11:07:24,027 - INFO - Expiry dates already calculated today, loading from CSV
2025-09-21 11:07:24,027 - INFO - SENSEX - Current expiry: 25-Sep-2025
2025-09-21 11:07:24,027 - INFO - SENSEX - Next expiry: 01-Oct-2025
2025-09-21 11:07:24,096 - INFO - Generated fresh 2FA for account 1: 973511
2025-09-21 11:07:25,443 - INFO - PnL calculated for account 1 (active): 0.0
2025-09-21 11:07:25,443 - INFO - Master account initialized successfully: ROOPAL SONI
2025-09-21 11:07:25,587 - INFO - Price input box enabled - no active positions
2025-09-21 11:07:25,587 - INFO - UI states initialized successfully
2025-09-21 11:08:02,696 - INFO - Loaded account states from account_states.csv
2025-09-21 11:08:17,348 - INFO - Loaded account states from account_states.csv
2025-09-21 11:08:17,348 - INFO - Login status check - Master: True, Child: False
2025-09-21 11:08:17,364 - INFO - Account 1 order status reset to 'ready' on successful login
2025-09-21 11:08:17,369 - INFO - Updated Master (ID: 1) login status to '1': Master account logged in
2025-09-21 11:08:17,376 - INFO - Updated Master (ID: 1) order status to '1': Master account reset after trading block
2025-09-21 11:08:17,378 - INFO - Master account reset to ready (was logged in)
2025-09-21 11:08:17,383 - INFO - Updated Child (ID: 2) login status to '0': Child not logged in
2025-09-21 11:08:17,383 - INFO - Updated Child (ID: 2) order status to '1': Child account reset after trading block
2025-09-21 11:08:17,383 - INFO - Child account set to not logged in but order status ready
2025-09-21 11:08:17,383 - INFO - Trading blocks reset while preserving actual login status
2025-09-21 11:08:26,710 - INFO - Loaded account states from account_states.csv
2025-09-21 11:08:43,718 - INFO - Starting master file download in background...
2025-09-21 11:08:43,719 - INFO - Finding expiry dates (with caching)...
2025-09-21 11:08:43,963 - INFO - System initialization completed (downloads in background)
2025-09-21 11:08:43,963 - INFO - Loaded settings from config/settings.json: {'child_default_lots': 1, 'default_sl_points': 20.0, 'default_target_points': 40.0}
2025-09-21 11:08:43,963 - INFO - Loaded settings: {'child_default_lots': 1, 'default_sl_points': 20.0, 'default_target_points': 40.0}
2025-09-21 11:08:44,189 - INFO - Loaded account states from account_states.csv
2025-09-21 11:08:44,193 - INFO - Account states initialized - CSV reset on startup
2025-09-21 11:08:44,425 - INFO - Cleanup completed: 0 old master files deleted
2025-09-21 11:08:44,425 - INFO - Expiry dates already calculated today, loading from CSV
2025-09-21 11:08:44,425 - INFO - SENSEX - Current expiry: 25-Sep-2025
2025-09-21 11:08:44,425 - INFO - SENSEX - Next expiry: 01-Oct-2025
2025-09-21 11:08:44,485 - INFO - Generated fresh 2FA for account 1: 561189
2025-09-21 11:08:45,906 - INFO - PnL calculated for account 1 (active): 0.0
2025-09-21 11:08:45,906 - INFO - Master account initialized successfully: ROOPAL SONI
2025-09-21 11:08:46,099 - INFO - Price input box enabled - no active positions
2025-09-21 11:08:46,099 - INFO - UI states initialized successfully
2025-09-21 11:09:24,890 - INFO - Generated fresh 2FA for account 2: 050171
2025-09-21 11:09:25,482 - INFO - Account 2 order status reset to 'ready' on successful login
2025-09-21 11:09:25,488 - INFO - Updated Child (ID: 2) login status to '1': Account logged in successfully
2025-09-21 11:09:25,491 - INFO - Updated Child (ID: 2) order status to '1': Account ready for orders
2025-09-21 11:09:25,497 - INFO - Child account logged in - Order blocking reset
2025-09-21 11:09:26,108 - INFO - PnL calculated for account 2 (active): 0.0
2025-09-21 11:09:36,000 - INFO - Account 2 (KRATIK YADAV) blocked from sending orders - PnL monitoring continues
2025-09-21 11:09:36,006 - INFO - Updated Child (ID: 2) order status to '0': Child account logged out - orders blocked
2025-09-21 11:09:36,010 - INFO - Child account blocked from sending orders - PnL monitoring continues
2025-09-21 11:11:32,184 - INFO - Loaded account states from account_states.csv
2025-09-21 11:11:32,203 - INFO - Updated Child (ID: 2) order status to '0': Child account blocked for testing
2025-09-21 11:11:32,212 - INFO - Updated Child (ID: 2) order status to '1': Child account unblocked for testing
2025-09-21 11:11:40,657 - INFO - Loaded account states from account_states.csv
2025-09-21 11:11:40,665 - INFO - Updated Child (ID: 2) login status to '0': Child account not logged in - synced with account manager
2025-09-21 11:18:12,761 - INFO - Starting master file download in background...
2025-09-21 11:18:12,761 - INFO - Finding expiry dates (with caching)...
2025-09-21 11:18:13,071 - INFO - System initialization completed (downloads in background)
2025-09-21 11:18:13,071 - INFO - Loaded settings from config/settings.json: {'child_default_lots': 1, 'default_sl_points': 20.0, 'default_target_points': 40.0}
2025-09-21 11:18:13,071 - INFO - Loaded settings: {'child_default_lots': 1, 'default_sl_points': 20.0, 'default_target_points': 40.0}
2025-09-21 11:18:13,283 - INFO - Loaded account states from account_states.csv
2025-09-21 11:18:13,283 - INFO - Account states initialized - CSV reset on startup
2025-09-21 11:18:13,547 - INFO - Cleanup completed: 0 old master files deleted
2025-09-21 11:18:13,547 - INFO - Expiry dates already calculated today, loading from CSV
2025-09-21 11:18:13,547 - INFO - SENSEX - Current expiry: 25-Sep-2025
2025-09-21 11:18:13,547 - INFO - SENSEX - Next expiry: 01-Oct-2025
2025-09-21 11:18:13,609 - INFO - Generated fresh 2FA for account 1: 605133
2025-09-21 11:18:15,108 - INFO - PnL calculated for account 1 (active): 0.0
2025-09-21 11:18:15,108 - INFO - Master account initialized successfully: ROOPAL SONI
2025-09-21 11:18:15,221 - INFO - Price input box enabled - no active positions
2025-09-21 11:18:15,221 - INFO - UI states initialized successfully
2025-09-21 11:18:23,001 - INFO - Generated fresh 2FA for account 2: 413591
2025-09-21 11:18:23,592 - INFO - Account 2 order status reset to 'ready' on successful login
2025-09-21 11:18:23,592 - INFO - Updated Child (ID: 2) login status to '1': Account logged in successfully
2025-09-21 11:18:23,601 - INFO - Updated Child (ID: 2) order status to '1': Account ready for orders
2025-09-21 11:18:23,602 - INFO - Child account logged in - Order blocking reset
2025-09-21 11:18:24,193 - INFO - PnL calculated for account 2 (active): 0.0
2025-09-21 11:18:27,998 - INFO - Login status check - Master: True, Child: True
2025-09-21 11:18:28,007 - INFO - Account 1 order status reset to 'ready' on successful login
2025-09-21 11:18:28,010 - INFO - Updated Master (ID: 1) login status to '1': Master account logged in
2025-09-21 11:18:28,017 - INFO - Updated Master (ID: 1) order status to '1': Master account reset after trading block
2025-09-21 11:18:28,020 - INFO - Master account reset to ready (was logged in)
2025-09-21 11:18:28,028 - INFO - Account 2 order status reset to 'ready' on successful login
2025-09-21 11:18:28,033 - INFO - Updated Child (ID: 2) login status to '1': Child account logged in
2025-09-21 11:18:28,041 - INFO - Updated Child (ID: 2) order status to '1': Child account reset after trading block
2025-09-21 11:18:28,043 - INFO - Child account reset to ready (was logged in)
2025-09-21 11:18:28,043 - INFO - Trading blocks reset while preserving actual login status
2025-09-21 11:18:28,045 - INFO - Trading blocks reset while preserving login status
2025-09-21 11:18:28,046 - ERROR - Error updating account status displays: 'status'
2025-09-21 11:18:28,046 - INFO - BUY button and Price box re-enabled for new orders
2025-09-21 11:18:28,048 - INFO - Buttons released - ready for new orders
2025-09-21 11:18:39,768 - INFO - Verifying PnL from broker...
2025-09-21 11:18:40,348 - INFO - Verified PnL for account 1 (active): 0.0
2025-09-21 11:18:40,939 - INFO - Verified PnL for account 2 (active): 0.0
2025-09-21 11:18:40,939 - INFO - PnL verification completed successfully
2025-09-21 11:18:45,396 - INFO - Cleared option, strike, quantity, and price selections - no active orders
2025-09-21 11:18:45,396 - INFO - Fetching SENSEX price from BSE with token 1
2025-09-21 11:18:45,982 - INFO - Successfully fetched SENSEX price: 84284.76
2025-09-21 11:18:45,982 - INFO - Index LTP for SENSEX: 84284.76
2025-09-21 11:18:45,982 - INFO - Fetching SENSEX price from BSE with token 1
2025-09-21 11:18:46,540 - INFO - Successfully fetched SENSEX price: 84284.76
2025-09-21 11:18:46,540 - INFO - Updated strikes for SENSEX based on price 84284.76 and option None: [83600, 83700, 83800, 83900, 84000, 84100, 84200, 84300, 84400, 84500, 84600, 84700, 84800, 84900, 85000]
2025-09-21 11:18:46,540 - INFO - Generated quantity options for lot size 20: ['20', '40', '60', '80', '100', '120', '140', '160', '180', '200']
2025-09-21 11:18:46,540 - INFO - Updated quantity options for SENSEX with lot size 20: ['20', '40', '60', '80', '100', '120', '140', '160', '180', '200']
2025-09-21 11:19:23,548 - INFO - Fetching SENSEX price from BSE with token 1
2025-09-21 11:19:24,185 - INFO - Successfully fetched SENSEX price: 84284.76
2025-09-21 11:19:24,185 - INFO - Index LTP for SENSEX: 84284.76
2025-09-21 11:19:24,185 - INFO - Updated strikes for SENSEX CE based on price 84284.76: [84100, 84200, 84300, 84400, 84500, 84600, 84700, 84800, 84900, 85000, 85100, 85200, 85300, 85400, 85500]
2025-09-21 11:19:26,056 - INFO - Getting token and lot size for trading symbol: SENSEX25SEP84600CE
2025-09-21 11:19:26,067 - INFO - Found token and lot size for SENSEX25SEP84600CE: 841797, 20
2025-09-21 11:19:26,067 - INFO - Generated quantity options for lot size 20: ['20', '40', '60', '80', '100', '120', '140', '160', '180', '200']
2025-09-21 11:19:26,067 - INFO - Updated quantity options for SENSEX25SEP84600CE with lot size 20: ['20', '40', '60', '80', '100', '120', '140', '160', '180', '200']
2025-09-21 11:19:26,067 - INFO - Getting token for trading symbol: SENSEX25SEP84600CE
2025-09-21 11:19:26,071 - INFO - Found token for SENSEX25SEP84600CE: 841797
2025-09-21 11:19:26,643 - INFO - Modify price fields cleared after auto-fetch
2025-09-21 11:19:26,643 - INFO - Getting token for trading symbol: SENSEX25SEP84600CE
2025-09-21 11:19:26,643 - INFO - Found token for SENSEX25SEP84600CE: 841797
2025-09-21 11:19:26,643 - INFO - Subscribed to live price feed via master account: BFO|841797
2025-09-21 11:19:26,651 - INFO - Auto-subscribed to SENSEX25SEP84600CE at price 21.0
2025-09-21 11:19:32,645 - INFO - Getting token and lot size for trading symbol: SENSEX25SEP84600CE
2025-09-21 11:19:32,645 - INFO - Found token and lot size for SENSEX25SEP84600CE: 841797, 20
2025-09-21 11:19:32,645 - INFO - Generated quantity options for lot size 20: ['20', '40', '60', '80', '100', '120', '140', '160', '180', '200']
2025-09-21 11:19:32,645 - INFO - Updated quantity options for SENSEX25SEP84600CE with lot size 20: ['20', '40', '60', '80', '100', '120', '140', '160', '180', '200']
2025-09-21 11:19:32,645 - INFO - Original buy price stored: 21.0
2025-09-21 11:19:32,645 - INFO - Getting token and lot size for trading symbol: SENSEX25SEP84600CE
2025-09-21 11:19:32,658 - INFO - Found token and lot size for SENSEX25SEP84600CE: 841797, 20
2025-09-21 11:19:32,658 - INFO - Master quantity: 80 (selected: 80, lot size: 20)
2025-09-21 11:19:32,658 - INFO - Child quantity: 20 (lots: 1, lot size: 20)
2025-09-21 11:19:32,660 - INFO - Active accounts: [1, 2]
2025-09-21 11:19:32,660 - INFO - Placing buy orders for accounts: [1, 2]
2025-09-21 11:19:32,660 - INFO - Trading symbol: SENSEX25SEP84600CE, Price: 21.0
2025-09-21 11:19:32,662 - INFO - Quantities: [80, 20]
2025-09-21 11:19:32,662 - INFO - Account 1: API=True, Qty=80, Active=True
2025-09-21 11:19:32,662 - INFO - Placing order for account 1 with parameters: {'buy_or_sell': 'B', 'product_type': 'M', 'exchange': 'BFO', 'tradingsymbol': 'SENSEX25SEP84600CE', 'quantity': 80, 'discloseqty': 0, 'price_type': 'LMT', 'price': 21.0, 'trigger_price': None, 'retention': 'DAY', 'amo': 'NO', 'remarks': None}
2025-09-21 11:19:32,662 - INFO - Account 2: API=True, Qty=20, Active=True
2025-09-21 11:19:32,663 - INFO - API instance for account 1: True
2025-09-21 11:19:32,664 - INFO - Placing order for account 2 with parameters: {'buy_or_sell': 'B', 'product_type': 'M', 'exchange': 'BFO', 'tradingsymbol': 'SENSEX25SEP84600CE', 'quantity': 20, 'discloseqty': 0, 'price_type': 'LMT', 'price': 21.0, 'trigger_price': None, 'retention': 'DAY', 'amo': 'NO', 'remarks': None}
2025-09-21 11:19:32,678 - INFO - API instance for account 2: True
2025-09-21 11:19:33,422 - INFO - API response: {'request_time': '11:19:34 21-09-2025', 'stat': 'Ok', 'norenordno': '25092000005930'}
2025-09-21 11:19:33,422 - INFO - API response: {'request_time': '11:19:34 21-09-2025', 'stat': 'Ok', 'norenordno': '25092000005931'}
2025-09-21 11:19:33,424 - INFO - API response type: <class 'dict'>
2025-09-21 11:19:33,424 - INFO - API response type: <class 'dict'>
2025-09-21 11:19:33,430 - INFO - New order received: 25092000005931
2025-09-21 11:19:33,430 - INFO - Order status debug - status: 'PENDING', reporttype: 'NewAck', trantype: 'B', price: '21.00'
2025-09-21 11:19:33,430 - INFO - Buy order placed successfully: {'request_time': '11:19:34 21-09-2025', 'stat': 'Ok', 'norenordno': '25092000005930'}
2025-09-21 11:19:33,435 - INFO - Buy order placed successfully: {'request_time': '11:19:34 21-09-2025', 'stat': 'Ok', 'norenordno': '25092000005931'}
2025-09-21 11:19:33,435 - INFO - New order received: 25092000005930
2025-09-21 11:19:33,435 - INFO - Order status debug - status: 'PENDING', reporttype: 'NewAck', trantype: 'B', price: '21.00'
2025-09-21 11:19:33,460 - INFO - Order data saved to orders.csv
2025-09-21 11:19:33,465 - INFO - Auto SL/Target set - SL: 1.0, Target: 61.0 (Buy Open: 21.0)
2025-09-21 11:19:33,470 - INFO - Order data saved to orders.csv
2025-09-21 11:19:33,470 - INFO - Account 1 - B PENDING NewAck
2025-09-21 11:19:33,472 - INFO - Cross-account coordination started
2025-09-21 11:19:33,473 - INFO - Cross-account coordination started for buy orders
2025-09-21 11:19:33,474 - INFO - Account 2 - B PENDING NewAck
2025-09-21 11:19:33,478 - INFO - Buy button disabled to prevent duplicate orders
2025-09-21 11:19:33,483 - INFO - Price box grayed out after order placement
2025-09-21 11:19:33,483 - INFO - Cancel Buy and Modify Buy buttons enabled after buy orders placed
2025-09-21 11:19:33,483 - INFO - Sell Order button kept disabled until buy orders are completed
2025-09-21 11:19:33,483 - INFO - Master order status updated: Buy Order PENDING @ 21.00
2025-09-21 11:19:33,483 - INFO - Child order status updated: Buy Order PENDING @ 21.00
2025-09-21 11:19:33,488 - INFO - Updating order 25092000005931
2025-09-21 11:19:33,488 - INFO - Order status debug - status: 'REJECTED', reporttype: 'Rejected', trantype: 'B', price: '21.00'
2025-09-21 11:19:33,491 - ERROR - Error processing order update for account 1: Must have equal len keys and value when setting with an iterable
2025-09-21 11:19:33,492 - INFO - Updating order 25092000005930
2025-09-21 11:19:33,492 - INFO - Order status debug - status: 'PENDING', reporttype: 'PendingNew', trantype: 'B', price: '21.00'
2025-09-21 11:19:33,494 - WARNING - Buy order rejected for account 1 - Symbol: SENSEX25SEP84600CE, Reason: RED:RULE:{Allow CAC credit but disallow collateral and daylong cash for option buy}Shortfall:INR 1,340.41 Available:INR 339.59 for C-FA32246 [SHOONYA]
2025-09-21 11:19:33,498 - ERROR - Error processing order update for account 2: Must have equal len keys and value when setting with an iterable
2025-09-21 11:19:33,498 - INFO - Child order status updated: Buy Order PENDING @ 21.00
2025-09-21 11:19:33,505 - INFO - Updated Master (ID: 1) order status to '0': Buy order rejected: RED:RULE:{Allow CAC credit but disallow collateral and daylong cash for option buy}Shortfall:INR 1,340.41 Available:INR 339.59 for C-FA32246 [SHOONYA]
2025-09-21 11:19:33,507 - ERROR - Error disabling trading buttons for account 1: 'MainWindow' object has no attribute 'login_button1'
2025-09-21 11:19:33,509 - INFO - Master account blocked due to buy order rejection - no further orders allowed
2025-09-21 11:19:33,509 - INFO - Updating order 25092000005930
2025-09-21 11:19:33,509 - INFO - Order status debug - status: 'REJECTED', reporttype: 'Rejected', trantype: 'B', price: '21.00'
2025-09-21 11:19:33,509 - INFO - Master order status updated: Order Rejected: RED:RULE:{Allow CAC credit but disallow collateral and daylong cash for option buy}Shortfall:INR 1,340.41 Available:INR 339.59 for C-FA32246 [SHOONYA]
2025-09-21 11:19:33,512 - ERROR - Error processing order update for account 2: Must have equal len keys and value when setting with an iterable
2025-09-21 11:19:33,514 - WARNING - Buy order rejected for account 2 - Symbol: SENSEX25SEP84600CE, Reason: SAF:Yel is down
2025-09-21 11:19:33,521 - INFO - Updated Child (ID: 2) order status to '0': Buy order rejected: SAF:Yel is down
2025-09-21 11:19:33,524 - INFO - Child account trading buttons disabled due to order rejection
2025-09-21 11:19:33,524 - INFO - Child account blocked due to buy order rejection - no further orders allowed
2025-09-21 11:19:33,524 - INFO - Child order status updated: Order Rejected: SAF:Yel is down
2025-09-21 11:19:34,229 - INFO - PnL calculated for account 1 (active): 0.0
2025-09-21 11:19:34,229 - INFO - Order state updated - Master: PENDING, Child: None
2025-09-21 11:19:34,229 - INFO - Modify Buy button enabled - orders are in modifiable state
2025-09-21 11:19:34,232 - INFO - Modify Exit button disabled - no exit orders in modifiable state
2025-09-21 11:19:34,233 - INFO - Checking coordination - Master: PENDING, Child: None
2025-09-21 11:19:34,269 - INFO - PnL calculated for account 2 (active): 0.0
2025-09-21 11:19:34,269 - INFO - Order state updated - Master: PENDING, Child: PENDING
2025-09-21 11:19:34,272 - INFO - Modify Buy button enabled - orders are in modifiable state
2025-09-21 11:19:34,274 - INFO - Modify Exit button disabled - no exit orders in modifiable state
2025-09-21 11:19:34,274 - INFO - Checking coordination - Master: PENDING, Child: PENDING
2025-09-21 11:20:12,477 - INFO - Login status check - Master: True, Child: True
2025-09-21 11:20:12,477 - INFO - Account 1 order status reset to 'ready' on successful login
2025-09-21 11:20:12,477 - INFO - Updated Master (ID: 1) login status to '1': Master account logged in
2025-09-21 11:20:12,485 - INFO - Updated Master (ID: 1) order status to '1': Master account reset after trading block
2025-09-21 11:20:12,485 - INFO - Master account reset to ready (was logged in)
2025-09-21 11:20:12,489 - INFO - Account 2 order status reset to 'ready' on successful login
2025-09-21 11:20:12,489 - INFO - Updated Child (ID: 2) login status to '1': Child account logged in
2025-09-21 11:20:12,495 - INFO - Updated Child (ID: 2) order status to '1': Child account reset after trading block
2025-09-21 11:20:12,495 - INFO - Child account reset to ready (was logged in)
2025-09-21 11:20:12,495 - INFO - Trading blocks reset while preserving actual login status
2025-09-21 11:20:12,495 - INFO - Trading blocks reset while preserving login status
2025-09-21 11:20:12,495 - ERROR - Error updating account status displays: 'status'
2025-09-21 11:20:12,495 - INFO - BUY button and Price box re-enabled for new orders
2025-09-21 11:20:12,495 - INFO - Buttons released - ready for new orders
2025-09-21 11:20:23,268 - INFO - Login status check - Master: True, Child: True
2025-09-21 11:20:23,273 - INFO - Account 1 order status reset to 'ready' on successful login
2025-09-21 11:20:23,273 - INFO - Updated Master (ID: 1) login status to '1': Master account logged in
2025-09-21 11:20:23,281 - INFO - Updated Master (ID: 1) order status to '1': Master account reset after trading block
2025-09-21 11:20:23,289 - INFO - Master account reset to ready (was logged in)
2025-09-21 11:20:23,297 - INFO - Account 2 order status reset to 'ready' on successful login
2025-09-21 11:20:23,301 - INFO - Updated Child (ID: 2) login status to '1': Child account logged in
2025-09-21 11:20:23,353 - INFO - Updated Child (ID: 2) order status to '1': Child account reset after trading block
2025-09-21 11:20:23,388 - INFO - Child account reset to ready (was logged in)
2025-09-21 11:20:23,388 - INFO - Trading blocks reset while preserving actual login status
2025-09-21 11:20:23,400 - INFO - Trading blocks reset while preserving login status
2025-09-21 11:20:23,402 - ERROR - Error updating account status displays: 'status'
2025-09-21 11:20:23,403 - INFO - BUY button and Price box re-enabled for new orders
2025-09-21 11:20:23,441 - INFO - Buttons released - ready for new orders
2025-09-21 11:20:42,989 - INFO - Getting token and lot size for trading symbol: SENSEX25SEP84600CE
2025-09-21 11:20:42,994 - INFO - Found token and lot size for SENSEX25SEP84600CE: 841797, 20
2025-09-21 11:20:42,995 - INFO - Generated quantity options for lot size 20: ['20', '40', '60', '80', '100', '120', '140', '160', '180', '200']
2025-09-21 11:20:42,995 - INFO - Updated quantity options for SENSEX25SEP84600CE with lot size 20: ['20', '40', '60', '80', '100', '120', '140', '160', '180', '200']
2025-09-21 11:20:42,995 - INFO - Original buy price stored: 21.0
2025-09-21 11:20:42,995 - INFO - Getting token and lot size for trading symbol: SENSEX25SEP84600CE
2025-09-21 11:20:42,998 - INFO - Found token and lot size for SENSEX25SEP84600CE: 841797, 20
2025-09-21 11:20:43,003 - INFO - Master quantity: 80 (selected: 80, lot size: 20)
2025-09-21 11:20:43,003 - INFO - Child quantity: 20 (lots: 1, lot size: 20)
2025-09-21 11:20:43,006 - INFO - Active accounts: [1, 2]
2025-09-21 11:20:43,008 - INFO - Placing buy orders for accounts: [1, 2]
2025-09-21 11:20:43,008 - INFO - Trading symbol: SENSEX25SEP84600CE, Price: 21.0
2025-09-21 11:20:43,010 - INFO - Quantities: [80, 20]
2025-09-21 11:20:43,010 - INFO - Account 1: API=True, Qty=80, Active=True
2025-09-21 11:20:43,012 - INFO - Placing order for account 1 with parameters: {'buy_or_sell': 'B', 'product_type': 'M', 'exchange': 'BFO', 'tradingsymbol': 'SENSEX25SEP84600CE', 'quantity': 80, 'discloseqty': 0, 'price_type': 'LMT', 'price': 21.0, 'trigger_price': None, 'retention': 'DAY', 'amo': 'NO', 'remarks': None}
2025-09-21 11:20:43,012 - INFO - Account 2: API=True, Qty=20, Active=True
2025-09-21 11:20:43,012 - INFO - API instance for account 1: True
2025-09-21 11:20:43,015 - INFO - Placing order for account 2 with parameters: {'buy_or_sell': 'B', 'product_type': 'M', 'exchange': 'BFO', 'tradingsymbol': 'SENSEX25SEP84600CE', 'quantity': 20, 'discloseqty': 0, 'price_type': 'LMT', 'price': 21.0, 'trigger_price': None, 'retention': 'DAY', 'amo': 'NO', 'remarks': None}
2025-09-21 11:20:43,017 - INFO - API instance for account 2: True
2025-09-21 11:20:43,816 - INFO - API response: {'request_time': '11:20:45 21-09-2025', 'stat': 'Ok', 'norenordno': '25092000005951'}
2025-09-21 11:20:43,816 - INFO - API response type: <class 'dict'>
2025-09-21 11:20:43,816 - INFO - Buy order placed successfully: {'request_time': '11:20:45 21-09-2025', 'stat': 'Ok', 'norenordno': '25092000005951'}
2025-09-21 11:20:43,816 - INFO - New order received: 25092000005951
2025-09-21 11:20:43,816 - INFO - Order status debug - status: 'PENDING', reporttype: 'NewAck', trantype: 'B', price: '21.00'
2025-09-21 11:20:43,827 - INFO - Order data saved to orders.csv
2025-09-21 11:20:43,827 - INFO - Account 1 - B PENDING NewAck
2025-09-21 11:20:43,839 - INFO - API response: {'request_time': '11:20:45 21-09-2025', 'stat': 'Ok', 'norenordno': '25092000005952'}
2025-09-21 11:20:43,839 - INFO - API response type: <class 'dict'>
2025-09-21 11:20:43,839 - INFO - New order received: 25092000005952
2025-09-21 11:20:43,841 - INFO - Order status debug - status: 'PENDING', reporttype: 'NewAck', trantype: 'B', price: '21.00'
2025-09-21 11:20:43,841 - INFO - Buy order placed successfully: {'request_time': '11:20:45 21-09-2025', 'stat': 'Ok', 'norenordno': '25092000005952'}
2025-09-21 11:20:43,848 - INFO - Auto SL/Target set - SL: 1.0, Target: 61.0 (Buy Open: 21.0)
2025-09-21 11:20:43,848 - INFO - Cross-account coordination started
2025-09-21 11:20:43,850 - INFO - Order data saved to orders.csv
2025-09-21 11:20:43,850 - INFO - Cross-account coordination started for buy orders
2025-09-21 11:20:43,850 - INFO - Account 2 - B PENDING NewAck
2025-09-21 11:20:43,853 - INFO - Buy button disabled to prevent duplicate orders
2025-09-21 11:20:43,857 - INFO - Price box grayed out after order placement
2025-09-21 11:20:43,858 - INFO - Cancel Buy and Modify Buy buttons enabled after buy orders placed
2025-09-21 11:20:43,858 - INFO - Sell Order button kept disabled until buy orders are completed
2025-09-21 11:20:43,859 - INFO - Master order status updated: Buy Order PENDING @ 21.00
2025-09-21 11:20:43,859 - INFO - Child order status updated: Buy Order PENDING @ 21.00
2025-09-21 11:20:43,860 - INFO - Updating order 25092000005951
2025-09-21 11:20:43,860 - INFO - Order status debug - status: 'REJECTED', reporttype: 'Rejected', trantype: 'B', price: '21.00'
2025-09-21 11:20:43,860 - INFO - Updating order 25092000005952
2025-09-21 11:20:43,864 - ERROR - Error processing order update for account 1: Must have equal len keys and value when setting with an iterable
2025-09-21 11:20:43,864 - INFO - Order status debug - status: 'PENDING', reporttype: 'PendingNew', trantype: 'B', price: '21.00'
2025-09-21 11:20:43,864 - WARNING - Buy order rejected for account 1 - Symbol: SENSEX25SEP84600CE, Reason: RED:RULE:{Allow CAC credit but disallow collateral and daylong cash for option buy}Shortfall:INR 1,340.41 Available:INR 339.59 for C-FA32246 [SHOONYA]
2025-09-21 11:20:43,866 - ERROR - Error processing order update for account 2: Must have equal len keys and value when setting with an iterable
2025-09-21 11:20:43,870 - INFO - Child order status updated: Buy Order PENDING @ 21.00
2025-09-21 11:20:43,872 - INFO - Updated Master (ID: 1) order status to '0': Buy order rejected: RED:RULE:{Allow CAC credit but disallow collateral and daylong cash for option buy}Shortfall:INR 1,340.41 Available:INR 339.59 for C-FA32246 [SHOONYA]
2025-09-21 11:20:43,875 - INFO - Updating order 25092000005952
2025-09-21 11:20:43,877 - INFO - Order status debug - status: 'REJECTED', reporttype: 'Rejected', trantype: 'B', price: '21.00'
2025-09-21 11:20:43,877 - ERROR - Error disabling trading buttons for account 1: 'MainWindow' object has no attribute 'login_button1'
2025-09-21 11:20:43,878 - ERROR - Error processing order update for account 2: Must have equal len keys and value when setting with an iterable
2025-09-21 11:20:43,878 - WARNING - Buy order rejected for account 2 - Symbol: SENSEX25SEP84600CE, Reason: SAF:Yel is down
2025-09-21 11:20:43,879 - INFO - Master account blocked due to buy order rejection - no further orders allowed
2025-09-21 11:20:43,880 - INFO - Master order status updated: Order Rejected: RED:RULE:{Allow CAC credit but disallow collateral and daylong cash for option buy}Shortfall:INR 1,340.41 Available:INR 339.59 for C-FA32246 [SHOONYA]
2025-09-21 11:20:43,880 - INFO - Updated Child (ID: 2) order status to '0': Buy order rejected: SAF:Yel is down
2025-09-21 11:20:43,884 - INFO - Child account trading buttons disabled due to order rejection
2025-09-21 11:20:43,885 - INFO - Child account blocked due to buy order rejection - no further orders allowed
2025-09-21 11:20:43,886 - INFO - Child order status updated: Order Rejected: SAF:Yel is down
2025-09-21 11:20:44,589 - INFO - PnL calculated for account 1 (active): 0.0
2025-09-21 11:20:44,589 - INFO - Order state updated - Master: PENDING, Child: None
2025-09-21 11:20:44,589 - INFO - Modify Buy button enabled - orders are in modifiable state
2025-09-21 11:20:44,593 - INFO - Modify Exit button disabled - no exit orders in modifiable state
2025-09-21 11:20:44,593 - INFO - Checking coordination - Master: PENDING, Child: None
2025-09-21 11:20:44,620 - INFO - PnL calculated for account 2 (active): 0.0
2025-09-21 11:20:44,620 - INFO - Order state updated - Master: PENDING, Child: PENDING
2025-09-21 11:20:44,621 - INFO - Modify Buy button enabled - orders are in modifiable state
2025-09-21 11:20:44,621 - INFO - Modify Exit button disabled - no exit orders in modifiable state
2025-09-21 11:20:44,621 - INFO - Checking coordination - Master: PENDING, Child: PENDING
2025-09-21 11:20:49,503 - INFO - Login status check - Master: True, Child: True
2025-09-21 11:20:49,508 - INFO - Account 1 order status reset to 'ready' on successful login
2025-09-21 11:20:49,509 - INFO - Updated Master (ID: 1) login status to '1': Master account logged in
2025-09-21 11:20:49,516 - INFO - Updated Master (ID: 1) order status to '1': Master account reset after trading block
2025-09-21 11:20:49,518 - INFO - Master account reset to ready (was logged in)
2025-09-21 11:20:49,524 - INFO - Account 2 order status reset to 'ready' on successful login
2025-09-21 11:20:49,530 - INFO - Updated Child (ID: 2) login status to '1': Child account logged in
2025-09-21 11:20:49,536 - INFO - Updated Child (ID: 2) order status to '1': Child account reset after trading block
2025-09-21 11:20:49,536 - INFO - Child account reset to ready (was logged in)
2025-09-21 11:20:49,536 - INFO - Trading blocks reset while preserving actual login status
2025-09-21 11:20:49,536 - INFO - Trading blocks reset while preserving login status
2025-09-21 11:20:49,536 - ERROR - Error updating account status displays: 'status'
2025-09-21 11:20:49,536 - INFO - BUY button and Price box re-enabled for new orders
2025-09-21 11:20:49,544 - INFO - Buttons released - ready for new orders
2025-09-21 11:23:00,069 - INFO - Fetching NIFTY price from NSE with token 26000
2025-09-21 11:23:00,751 - INFO - Successfully fetched NIFTY price: 25774.05
2025-09-21 11:23:00,751 - INFO - Updated strikes for NIFTY CE based on price 25774.05: [25650, 25700, 25750, 25800, 25850, 25900, 25950, 26000, 26050, 26100, 26150, 26200, 26250, 26300, 26350]
2025-09-21 11:23:00,751 - INFO - Getting token and lot size for trading symbol: NIFTY23SEP25C84600
2025-09-21 11:23:00,759 - ERROR - No token found for NIFTY23SEP25C84600
2025-09-21 11:23:00,792 - INFO - Available NFO symbols (first 10): ['ZYDUSLIFE30SEP25P1360' 'ZYDUSLIFE30SEP25C1360' 'ZYDUSLIFE30SEP25P1320'
 'ZYDUSLIFE30SEP25C1320' 'ZYDUSLIFE30SEP25P1280' 'ZYDUSLIFE30SEP25C1280'
 'ZYDUSLIFE30SEP25P1260' 'ZYDUSLIFE30SEP25C1260' 'ZYDUSLIFE30SEP25P1240'
 'ZYDUSLIFE30SEP25C1240']
2025-09-21 11:23:00,792 - WARNING - Lot size not found for NIFTY23SEP25C84600, using default quantities
2025-09-21 11:23:00,792 - INFO - Reset quantity and price boxes due to index change
2025-09-21 11:23:00,792 - INFO - Fetching NIFTY price from NSE with token 26000
2025-09-21 11:23:01,416 - INFO - Successfully fetched NIFTY price: 25774.05
2025-09-21 11:23:01,416 - INFO - Index LTP for NIFTY: 25774.05
2025-09-21 11:23:01,416 - INFO - Fetching NIFTY price from NSE with token 26000
2025-09-21 11:23:02,042 - INFO - Successfully fetched NIFTY price: 25774.05
2025-09-21 11:23:02,044 - INFO - Updated strikes for NIFTY based on price 25774.05 and option CE: [25650, 25700, 25750, 25800, 25850, 25900, 25950, 26000, 26050, 26100, 26150, 26200, 26250, 26300, 26350]
2025-09-21 11:23:02,044 - INFO - Updated quantity options for NIFTY using default method: [25, 50, 75, 100, 125, 150, 175, 200, 225]
2025-09-21 11:24:39,123 - INFO - Getting token and lot size for trading symbol: NIFTY23SEP25C25900
2025-09-21 11:24:39,128 - INFO - Found NFO token and lot size for NIFTY23SEP25C25900: 47813, 75
2025-09-21 11:24:39,128 - INFO - Generated quantity options for lot size 75: ['75', '150', '225', '300', '375', '450', '525', '600', '675', '750']
2025-09-21 11:24:39,131 - INFO - Updated quantity options for NIFTY23SEP25C25900 with lot size 75: ['75', '150', '225', '300', '375', '450', '525', '600', '675', '750']
2025-09-21 11:24:39,131 - INFO - Getting token for trading symbol: NIFTY23SEP25C25900
2025-09-21 11:24:39,132 - INFO - Found NFO token for NIFTY23SEP25C25900: 47813
2025-09-21 11:24:39,792 - INFO - Modify price fields cleared after auto-fetch
2025-09-21 11:24:39,796 - INFO - Getting token for trading symbol: NIFTY23SEP25C25900
2025-09-21 11:24:39,796 - INFO - Found NFO token for NIFTY23SEP25C25900: 47813
2025-09-21 11:24:39,796 - INFO - Unsubscribed from previous: BFO|841797
2025-09-21 11:24:39,805 - INFO - Subscribed to live price feed via master account: NFO|47813
2025-09-21 11:24:39,805 - INFO - Auto-subscribed to NIFTY23SEP25C25900 at price 3.0
2025-09-21 11:26:08,158 - INFO - Starting master file download in background...
2025-09-21 11:26:08,158 - INFO - Finding expiry dates (with caching)...
2025-09-21 11:26:08,389 - INFO - System initialization completed (downloads in background)
2025-09-21 11:26:08,389 - INFO - Loaded settings from config/settings.json: {'child_default_lots': 1, 'default_sl_points': 20.0, 'default_target_points': 40.0}
2025-09-21 11:26:08,397 - INFO - Loaded settings: {'child_default_lots': 1, 'default_sl_points': 20.0, 'default_target_points': 40.0}
2025-09-21 11:26:08,599 - INFO - Loaded account states from account_states.csv
2025-09-21 11:26:08,599 - INFO - Account states initialized - CSV reset on startup
2025-09-21 11:26:08,864 - INFO - Cleanup completed: 0 old master files deleted
2025-09-21 11:26:08,864 - INFO - Expiry dates already calculated today, loading from CSV
2025-09-21 11:26:08,865 - INFO - SENSEX - Current expiry: 25-Sep-2025
2025-09-21 11:26:08,865 - INFO - SENSEX - Next expiry: 01-Oct-2025
2025-09-21 11:26:08,916 - INFO - Generated fresh 2FA for account 1: 044142
2025-09-21 11:26:11,176 - INFO - PnL calculated for account 1 (active): 0.0
2025-09-21 11:26:11,176 - INFO - Master account initialized successfully: ROOPAL SONI
2025-09-21 11:26:11,412 - INFO - Price input box enabled - no active positions
2025-09-21 11:26:11,414 - INFO - UI states initialized successfully
2025-09-21 11:26:14,219 - INFO - Generated fresh 2FA for account 2: 581176
2025-09-21 11:26:14,797 - INFO - Account 2 order status reset to 'ready' on successful login
2025-09-21 11:26:14,804 - INFO - Updated Child (ID: 2) login status to '1': Account logged in successfully
2025-09-21 11:26:14,809 - INFO - Updated Child (ID: 2) order status to '1': Account ready for orders
2025-09-21 11:26:14,812 - INFO - Child account logged in - Order blocking reset
2025-09-21 11:26:15,497 - INFO - PnL calculated for account 2 (active): 0.0
2025-09-21 11:26:18,401 - INFO - Cleared option, strike, quantity, and price selections - no active orders
2025-09-21 11:26:18,403 - INFO - Fetching SENSEX price from BSE with token 1
2025-09-21 11:26:18,980 - INFO - Successfully fetched SENSEX price: 84284.76
2025-09-21 11:26:18,980 - INFO - Index LTP for SENSEX: 84284.76
2025-09-21 11:26:18,980 - INFO - Fetching SENSEX price from BSE with token 1
2025-09-21 11:26:19,577 - INFO - Successfully fetched SENSEX price: 84284.76
2025-09-21 11:26:19,577 - INFO - Updated strikes for SENSEX based on price 84284.76 and option None: [83600, 83700, 83800, 83900, 84000, 84100, 84200, 84300, 84400, 84500, 84600, 84700, 84800, 84900, 85000]
2025-09-21 11:26:19,577 - INFO - Generated quantity options for lot size 20: ['20', '40', '60', '80', '100', '120', '140', '160', '180', '200']
2025-09-21 11:26:19,577 - INFO - Updated quantity options for SENSEX with lot size 20: ['20', '40', '60', '80', '100', '120', '140', '160', '180', '200']
2025-09-21 11:26:25,372 - INFO - Fetching SENSEX price from BSE with token 1
2025-09-21 11:26:26,098 - INFO - Successfully fetched SENSEX price: 84284.76
2025-09-21 11:26:26,098 - INFO - Index LTP for SENSEX: 84284.76
2025-09-21 11:26:26,098 - INFO - Updated strikes for SENSEX CE based on price 84284.76: [84100, 84200, 84300, 84400, 84500, 84600, 84700, 84800, 84900, 85000, 85100, 85200, 85300, 85400, 85500]
2025-09-21 11:26:27,904 - INFO - Getting token and lot size for trading symbol: SENSEX25SEP84500CE
2025-09-21 11:26:27,909 - INFO - Found token and lot size for SENSEX25SEP84500CE: 841454, 20
2025-09-21 11:26:27,909 - INFO - Generated quantity options for lot size 20: ['20', '40', '60', '80', '100', '120', '140', '160', '180', '200']
2025-09-21 11:26:27,911 - INFO - Updated quantity options for SENSEX25SEP84500CE with lot size 20: ['20', '40', '60', '80', '100', '120', '140', '160', '180', '200']
2025-09-21 11:26:27,911 - INFO - Getting token for trading symbol: SENSEX25SEP84500CE
2025-09-21 11:26:27,917 - INFO - Found token for SENSEX25SEP84500CE: 841454
2025-09-21 11:26:28,590 - INFO - Modify price fields cleared after auto-fetch
2025-09-21 11:26:28,590 - INFO - Getting token for trading symbol: SENSEX25SEP84500CE
2025-09-21 11:26:28,590 - INFO - Found token for SENSEX25SEP84500CE: 841454
2025-09-21 11:26:28,590 - INFO - Subscribed to live price feed via master account: BFO|841454
2025-09-21 11:26:28,590 - INFO - Auto-subscribed to SENSEX25SEP84500CE at price 192.85
2025-09-21 11:26:35,404 - INFO - Getting token and lot size for trading symbol: SENSEX25SEP84500CE
2025-09-21 11:26:35,408 - INFO - Found token and lot size for SENSEX25SEP84500CE: 841454, 20
2025-09-21 11:26:35,408 - INFO - Generated quantity options for lot size 20: ['20', '40', '60', '80', '100', '120', '140', '160', '180', '200']
2025-09-21 11:26:35,408 - INFO - Updated quantity options for SENSEX25SEP84500CE with lot size 20: ['20', '40', '60', '80', '100', '120', '140', '160', '180', '200']
2025-09-21 11:26:35,408 - INFO - Original buy price stored: 192.85
2025-09-21 11:26:35,408 - INFO - Getting token and lot size for trading symbol: SENSEX25SEP84500CE
2025-09-21 11:26:35,418 - INFO - Found token and lot size for SENSEX25SEP84500CE: 841454, 20
2025-09-21 11:26:35,422 - INFO - Master quantity: 60 (selected: 60, lot size: 20)
2025-09-21 11:26:35,425 - INFO - Child quantity: 20 (lots: 1, lot size: 20)
2025-09-21 11:26:35,425 - INFO - Active accounts: [1, 2]
2025-09-21 11:26:35,425 - INFO - Placing buy orders for accounts: [1, 2]
2025-09-21 11:26:35,425 - INFO - Trading symbol: SENSEX25SEP84500CE, Price: 192.85
2025-09-21 11:26:35,425 - INFO - Quantities: [60, 20]
2025-09-21 11:26:35,425 - INFO - Account 1: API=True, Qty=60, Active=True
2025-09-21 11:26:35,430 - INFO - Placing order for account 1 with parameters: {'buy_or_sell': 'B', 'product_type': 'M', 'exchange': 'BFO', 'tradingsymbol': 'SENSEX25SEP84500CE', 'quantity': 60, 'discloseqty': 0, 'price_type': 'LMT', 'price': 192.85, 'trigger_price': None, 'retention': 'DAY', 'amo': 'NO', 'remarks': None}
2025-09-21 11:26:35,430 - INFO - Account 2: API=True, Qty=20, Active=True
2025-09-21 11:26:35,430 - INFO - API instance for account 1: True
2025-09-21 11:26:35,433 - INFO - Placing order for account 2 with parameters: {'buy_or_sell': 'B', 'product_type': 'M', 'exchange': 'BFO', 'tradingsymbol': 'SENSEX25SEP84500CE', 'quantity': 20, 'discloseqty': 0, 'price_type': 'LMT', 'price': 192.85, 'trigger_price': None, 'retention': 'DAY', 'amo': 'NO', 'remarks': None}
2025-09-21 11:26:35,436 - INFO - API instance for account 2: True
2025-09-21 11:26:36,154 - INFO - API response: {'request_time': '11:26:37 21-09-2025', 'stat': 'Ok', 'norenordno': '25092000006008'}
2025-09-21 11:26:36,154 - INFO - API response type: <class 'dict'>
2025-09-21 11:26:36,154 - INFO - New order received: 25092000006008
2025-09-21 11:26:36,154 - INFO - Order status debug - status: 'PENDING', reporttype: 'NewAck', trantype: 'B', price: '192.85'
2025-09-21 11:26:36,154 - INFO - Buy order placed successfully: {'request_time': '11:26:37 21-09-2025', 'stat': 'Ok', 'norenordno': '25092000006008'}
2025-09-21 11:26:36,170 - INFO - Order data saved to orders.csv
2025-09-21 11:26:36,171 - INFO - Account 2 - B PENDING NewAck
2025-09-21 11:26:36,185 - INFO - API response: {'request_time': '11:26:37 21-09-2025', 'stat': 'Ok', 'norenordno': '25092000006009'}
2025-09-21 11:26:36,188 - INFO - New order received: 25092000006009
2025-09-21 11:26:36,188 - INFO - API response type: <class 'dict'>
2025-09-21 11:26:36,188 - INFO - Order status debug - status: 'PENDING', reporttype: 'NewAck', trantype: 'B', price: '192.85'
2025-09-21 11:26:36,194 - INFO - Buy order placed successfully: {'request_time': '11:26:37 21-09-2025', 'stat': 'Ok', 'norenordno': '25092000006009'}
2025-09-21 11:26:36,196 - INFO - Order data saved to orders.csv
2025-09-21 11:26:36,196 - INFO - Auto SL/Target set - SL: 172.85, Target: 232.85 (Buy Open: 192.85)
2025-09-21 11:26:36,198 - INFO - Account 1 - B PENDING NewAck
2025-09-21 11:26:36,199 - INFO - Cross-account coordination started
2025-09-21 11:26:36,199 - INFO - Cross-account coordination started for buy orders
2025-09-21 11:26:36,201 - INFO - Buy button disabled to prevent duplicate orders
2025-09-21 11:26:36,209 - INFO - Price box grayed out after order placement
2025-09-21 11:26:36,211 - INFO - Cancel Buy and Modify Buy buttons enabled after buy orders placed
2025-09-21 11:26:36,211 - INFO - Sell Order button kept disabled until buy orders are completed
2025-09-21 11:26:36,211 - INFO - Child order status updated: Buy Order PENDING @ 192.85
2025-09-21 11:26:36,213 - INFO - Master order status updated: Buy Order PENDING @ 192.85
2025-09-21 11:26:36,217 - INFO - Updating order 25092000006008
2025-09-21 11:26:36,218 - INFO - Order status debug - status: 'PENDING', reporttype: 'PendingNew', trantype: 'B', price: '192.85'
2025-09-21 11:26:36,218 - INFO - Updating order 25092000006009
2025-09-21 11:26:36,218 - INFO - Order status debug - status: 'REJECTED', reporttype: 'Rejected', trantype: 'B', price: '192.85'
2025-09-21 11:26:36,221 - ERROR - Error processing order update for account 2: Must have equal len keys and value when setting with an iterable
2025-09-21 11:26:36,221 - INFO - Child order status updated: Buy Order PENDING @ 192.85
2025-09-21 11:26:36,227 - ERROR - Error processing order update for account 1: Must have equal len keys and value when setting with an iterable
2025-09-21 11:26:36,227 - WARNING - Buy order rejected for account 1 - Symbol: SENSEX25SEP84500CE, Reason: RED:RULE:{Allow CAC credit but disallow collateral and daylong cash for option buy}Shortfall:INR 11,231.41 Available:INR 339.59 for C-FA32246 [SHOONYA]
2025-09-21 11:26:36,233 - INFO - Updating order 25092000006008
2025-09-21 11:26:36,233 - INFO - Order status debug - status: 'REJECTED', reporttype: 'Rejected', trantype: 'B', price: '192.85'
2025-09-21 11:26:36,233 - ERROR - Error processing order update for account 2: Must have equal len keys and value when setting with an iterable
2025-09-21 11:26:36,233 - WARNING - Buy order rejected for account 2 - Symbol: SENSEX25SEP84500CE, Reason: SAF:Yel is down
2025-09-21 11:26:36,233 - INFO - Updated Master (ID: 1) order status to '0': Buy order rejected: RED:RULE:{Allow CAC credit but disallow collateral and daylong cash for option buy}Shortfall:INR 11,231.41 Available:INR 339.59 for C-FA32246 [SHOONYA]
2025-09-21 11:26:36,241 - INFO - Updated Child (ID: 2) order status to '0': Buy order rejected: SAF:Yel is down
2025-09-21 11:26:36,246 - ERROR - Error disabling trading buttons for account 1: 'MainWindow' object has no attribute 'login_button1'
2025-09-21 11:26:36,253 - INFO - Child account trading buttons disabled due to order rejection
2025-09-21 11:26:36,254 - INFO - Master account blocked due to buy order rejection - no further orders allowed
2025-09-21 11:26:36,268 - INFO - Child account blocked due to buy order rejection - no further orders allowed
2025-09-21 11:26:36,272 - INFO - Master order status updated: Order Rejected: RED:RULE:{Allow CAC credit but disallow collateral and daylong cash for option buy}Shortfall:INR 11,231.41 Available:INR 339.59 for C-FA32246 [SHOONYA]
2025-09-21 11:26:36,272 - INFO - Child order status updated: Order Rejected: SAF:Yel is down
2025-09-21 11:26:36,910 - INFO - PnL calculated for account 1 (active): 0.0
2025-09-21 11:26:36,910 - INFO - Order state updated - Master: PENDING, Child: None
2025-09-21 11:26:36,910 - INFO - Modify Buy button enabled - orders are in modifiable state
2025-09-21 11:26:36,910 - INFO - Modify Exit button disabled - no exit orders in modifiable state
2025-09-21 11:26:36,926 - INFO - Checking coordination - Master: PENDING, Child: None
2025-09-21 11:26:36,926 - INFO - PnL calculated for account 2 (active): 0.0
2025-09-21 11:26:36,926 - INFO - Order state updated - Master: PENDING, Child: PENDING
2025-09-21 11:26:36,926 - INFO - Modify Buy button enabled - orders are in modifiable state
2025-09-21 11:26:36,934 - INFO - Modify Exit button disabled - no exit orders in modifiable state
2025-09-21 11:26:36,934 - INFO - Checking coordination - Master: PENDING, Child: PENDING
2025-09-21 11:26:39,791 - INFO - Login status check - Master: True, Child: True
2025-09-21 11:26:39,791 - INFO - Account 1 order status reset to 'ready' on successful login
2025-09-21 11:26:39,797 - INFO - Updated Master (ID: 1) login status to '1': Master account logged in
2025-09-21 11:26:39,803 - INFO - Updated Master (ID: 1) order status to '1': Master account reset after trading block
2025-09-21 11:26:39,806 - INFO - Master account reset to ready (was logged in)
2025-09-21 11:26:39,807 - INFO - Account 2 order status reset to 'ready' on successful login
2025-09-21 11:26:39,812 - INFO - Updated Child (ID: 2) login status to '1': Child account logged in
2025-09-21 11:26:39,825 - INFO - Updated Child (ID: 2) order status to '1': Child account reset after trading block
2025-09-21 11:26:39,827 - INFO - Child account reset to ready (was logged in)
2025-09-21 11:26:39,831 - INFO - Trading blocks reset while preserving actual login status
2025-09-21 11:26:39,833 - INFO - Trading blocks reset while preserving login status
2025-09-21 11:26:39,833 - INFO - Account 1 (ROOPAL SONI) unblocked - Orders allowed again
2025-09-21 11:26:39,833 - INFO - Master account unblocked: Account ROOPAL SONI unblocked. Orders allowed again.
2025-09-21 11:26:39,835 - INFO - Account 2 (KRATIK YADAV) unblocked - Orders allowed again
2025-09-21 11:26:39,835 - INFO - Child account unblocked: Account KRATIK YADAV unblocked. Orders allowed again.
2025-09-21 11:26:39,835 - ERROR - Error updating account status displays: 'status'
2025-09-21 11:26:39,838 - INFO - BUY button and Price box re-enabled for new orders
2025-09-21 11:26:39,839 - INFO - Buttons released - ready for new orders
2025-09-21 11:26:42,483 - INFO - Login status check - Master: True, Child: True
2025-09-21 11:26:42,486 - INFO - Account 1 order status reset to 'ready' on successful login
2025-09-21 11:26:42,488 - INFO - Updated Master (ID: 1) login status to '1': Master account logged in
2025-09-21 11:26:42,494 - INFO - Updated Master (ID: 1) order status to '1': Master account reset after trading block
2025-09-21 11:26:42,495 - INFO - Master account reset to ready (was logged in)
2025-09-21 11:26:42,500 - INFO - Account 2 order status reset to 'ready' on successful login
2025-09-21 11:26:42,508 - INFO - Updated Child (ID: 2) login status to '1': Child account logged in
2025-09-21 11:26:42,511 - INFO - Updated Child (ID: 2) order status to '1': Child account reset after trading block
2025-09-21 11:26:42,511 - INFO - Child account reset to ready (was logged in)
2025-09-21 11:26:42,511 - INFO - Trading blocks reset while preserving actual login status
2025-09-21 11:26:42,511 - INFO - Trading blocks reset while preserving login status
2025-09-21 11:26:42,511 - INFO - Account 1 (ROOPAL SONI) unblocked - Orders allowed again
2025-09-21 11:26:42,511 - INFO - Master account unblocked: Account ROOPAL SONI unblocked. Orders allowed again.
2025-09-21 11:26:42,511 - INFO - Account 2 (KRATIK YADAV) unblocked - Orders allowed again
2025-09-21 11:26:42,516 - INFO - Child account unblocked: Account KRATIK YADAV unblocked. Orders allowed again.
2025-09-21 11:26:42,516 - ERROR - Error updating account status displays: 'status'
2025-09-21 11:26:42,517 - INFO - BUY button and Price box re-enabled for new orders
2025-09-21 11:26:42,517 - INFO - Buttons released - ready for new orders
2025-09-21 11:32:29,105 - INFO - Starting master file download in background...
2025-09-21 11:32:29,105 - INFO - Finding expiry dates (with caching)...
2025-09-21 11:32:29,369 - INFO - System initialization completed (downloads in background)
2025-09-21 11:32:29,369 - INFO - Loaded settings from config/settings.json: {'child_default_lots': 1, 'default_sl_points': 20.0, 'default_target_points': 40.0}
2025-09-21 11:32:29,370 - INFO - Loaded settings: {'child_default_lots': 1, 'default_sl_points': 20.0, 'default_target_points': 40.0}
2025-09-21 11:32:29,642 - INFO - Loaded account states from account_states.csv
2025-09-21 11:32:29,642 - INFO - Account states initialized - CSV reset on startup
2025-09-21 11:32:29,892 - INFO - Cleanup completed: 0 old master files deleted
2025-09-21 11:32:29,894 - INFO - Expiry dates already calculated today, loading from CSV
2025-09-21 11:32:29,894 - INFO - SENSEX - Current expiry: 25-Sep-2025
2025-09-21 11:32:29,894 - INFO - SENSEX - Next expiry: 01-Oct-2025
2025-09-21 11:32:30,141 - INFO - Generated fresh 2FA for account 1: 493300
2025-09-21 11:32:31,565 - INFO - PnL calculated for account 1 (active): 0.0
2025-09-21 11:32:31,565 - INFO - Master account initialized successfully: ROOPAL SONI
2025-09-21 11:32:31,727 - INFO - Price input box enabled - no active positions
2025-09-21 11:32:31,727 - INFO - UI states initialized successfully
2025-09-21 11:32:35,440 - INFO - Generated fresh 2FA for account 2: 674814
2025-09-21 11:32:36,147 - INFO - Account 2 order status reset to 'ready' on successful login
2025-09-21 11:32:36,153 - INFO - Updated Child (ID: 2) login status to '1': Account logged in successfully
2025-09-21 11:32:36,161 - INFO - Updated Child (ID: 2) order status to '1': Account ready for orders
2025-09-21 11:32:36,168 - INFO - Child account logged in - Order blocking reset
2025-09-21 11:32:36,955 - INFO - PnL calculated for account 2 (active): 0.0
2025-09-21 11:32:48,666 - INFO - Cleared option, strike, quantity, and price selections - no active orders
2025-09-21 11:32:48,666 - INFO - Fetching SENSEX price from BSE with token 1
2025-09-21 11:32:49,267 - INFO - Successfully fetched SENSEX price: 84284.76
2025-09-21 11:32:49,267 - INFO - Index LTP for SENSEX: 84284.76
2025-09-21 11:32:49,267 - INFO - Fetching SENSEX price from BSE with token 1
2025-09-21 11:32:49,877 - INFO - Successfully fetched SENSEX price: 84284.76
2025-09-21 11:32:49,877 - INFO - Updated strikes for SENSEX based on price 84284.76 and option None: [83600, 83700, 83800, 83900, 84000, 84100, 84200, 84300, 84400, 84500, 84600, 84700, 84800, 84900, 85000]
2025-09-21 11:32:49,877 - INFO - Generated quantity options for lot size 20: ['20', '40', '60', '80', '100', '120', '140', '160', '180', '200']
2025-09-21 11:32:49,877 - INFO - Updated quantity options for SENSEX with lot size 20: ['20', '40', '60', '80', '100', '120', '140', '160', '180', '200']
2025-09-21 11:32:53,108 - INFO - Fetching SENSEX price from BSE with token 1
2025-09-21 11:32:53,699 - INFO - Successfully fetched SENSEX price: 84284.76
2025-09-21 11:32:53,701 - INFO - Index LTP for SENSEX: 84284.76
2025-09-21 11:32:53,701 - INFO - Updated strikes for SENSEX CE based on price 84284.76: [84100, 84200, 84300, 84400, 84500, 84600, 84700, 84800, 84900, 85000, 85100, 85200, 85300, 85400, 85500]
2025-09-21 11:32:55,168 - INFO - Getting token and lot size for trading symbol: SENSEX25SEP84400CE
2025-09-21 11:32:55,174 - INFO - Found token and lot size for SENSEX25SEP84400CE: 841765, 20
2025-09-21 11:32:55,174 - INFO - Generated quantity options for lot size 20: ['20', '40', '60', '80', '100', '120', '140', '160', '180', '200']
2025-09-21 11:32:55,174 - INFO - Updated quantity options for SENSEX25SEP84400CE with lot size 20: ['20', '40', '60', '80', '100', '120', '140', '160', '180', '200']
2025-09-21 11:32:55,174 - INFO - Getting token for trading symbol: SENSEX25SEP84400CE
2025-09-21 11:32:55,181 - INFO - Found token for SENSEX25SEP84400CE: 841765
2025-09-21 11:32:55,832 - INFO - Modify price fields cleared after auto-fetch
2025-09-21 11:32:55,832 - INFO - Getting token for trading symbol: SENSEX25SEP84400CE
2025-09-21 11:32:55,848 - INFO - Found token for SENSEX25SEP84400CE: 841765
2025-09-21 11:32:55,848 - INFO - Subscribed to live price feed via master account: BFO|841765
2025-09-21 11:32:55,848 - INFO - Auto-subscribed to SENSEX25SEP84400CE at price 22.75
2025-09-21 11:32:58,619 - INFO - Getting token and lot size for trading symbol: SENSEX25SEP84400CE
2025-09-21 11:32:58,619 - INFO - Found token and lot size for SENSEX25SEP84400CE: 841765, 20
2025-09-21 11:32:58,626 - INFO - Generated quantity options for lot size 20: ['20', '40', '60', '80', '100', '120', '140', '160', '180', '200']
2025-09-21 11:32:58,626 - INFO - Updated quantity options for SENSEX25SEP84400CE with lot size 20: ['20', '40', '60', '80', '100', '120', '140', '160', '180', '200']
2025-09-21 11:32:58,626 - INFO - Original buy price stored: 22.75
2025-09-21 11:32:58,626 - INFO - Getting token and lot size for trading symbol: SENSEX25SEP84400CE
2025-09-21 11:32:58,628 - INFO - Found token and lot size for SENSEX25SEP84400CE: 841765, 20
2025-09-21 11:32:58,628 - INFO - Master quantity: 100 (selected: 100, lot size: 20)
2025-09-21 11:32:58,628 - INFO - Child quantity: 20 (lots: 1, lot size: 20)
2025-09-21 11:32:58,628 - INFO - Active accounts: [1, 2]
2025-09-21 11:32:58,634 - INFO - Placing buy orders for accounts: [1, 2]
2025-09-21 11:32:58,634 - INFO - Trading symbol: SENSEX25SEP84400CE, Price: 22.75
2025-09-21 11:32:58,635 - INFO - Quantities: [100, 20]
2025-09-21 11:32:58,635 - INFO - Account 1: API=True, Qty=100, Active=True
2025-09-21 11:32:58,635 - INFO - Placing order for account 1 with parameters: {'buy_or_sell': 'B', 'product_type': 'M', 'exchange': 'BFO', 'tradingsymbol': 'SENSEX25SEP84400CE', 'quantity': 100, 'discloseqty': 0, 'price_type': 'LMT', 'price': 22.75, 'trigger_price': None, 'retention': 'DAY', 'amo': 'NO', 'remarks': None}
2025-09-21 11:32:58,635 - INFO - Account 2: API=True, Qty=20, Active=True
2025-09-21 11:32:58,635 - INFO - API instance for account 1: True
2025-09-21 11:32:58,635 - INFO - Placing order for account 2 with parameters: {'buy_or_sell': 'B', 'product_type': 'M', 'exchange': 'BFO', 'tradingsymbol': 'SENSEX25SEP84400CE', 'quantity': 20, 'discloseqty': 0, 'price_type': 'LMT', 'price': 22.75, 'trigger_price': None, 'retention': 'DAY', 'amo': 'NO', 'remarks': None}
2025-09-21 11:32:58,639 - INFO - API instance for account 2: True
2025-09-21 11:32:59,369 - INFO - API response: {'request_time': '11:33:00 21-09-2025', 'stat': 'Ok', 'norenordno': '25092000006023'}
2025-09-21 11:32:59,369 - INFO - API response type: <class 'dict'>
2025-09-21 11:32:59,369 - INFO - Buy order placed successfully: {'request_time': '11:33:00 21-09-2025', 'stat': 'Ok', 'norenordno': '25092000006023'}
2025-09-21 11:32:59,369 - INFO - New order received: 25092000006023
2025-09-21 11:32:59,369 - INFO - Order status debug - status: 'PENDING', reporttype: 'NewAck', trantype: 'B', price: '22.75'
2025-09-21 11:32:59,379 - INFO - Order data saved to orders.csv
2025-09-21 11:32:59,379 - INFO - Account 2 - B PENDING NewAck
2025-09-21 11:32:59,390 - INFO - API response: {'request_time': '11:33:00 21-09-2025', 'stat': 'Ok', 'norenordno': '25092000006024'}
2025-09-21 11:32:59,390 - INFO - API response type: <class 'dict'>
2025-09-21 11:32:59,390 - INFO - New order received: 25092000006024
2025-09-21 11:32:59,390 - INFO - Buy order placed successfully: {'request_time': '11:33:00 21-09-2025', 'stat': 'Ok', 'norenordno': '25092000006024'}
2025-09-21 11:32:59,390 - INFO - Order status debug - status: 'PENDING', reporttype: 'NewAck', trantype: 'B', price: '22.75'
2025-09-21 11:32:59,405 - INFO - Auto SL/Target set - SL: 2.75, Target: 62.75 (Buy Open: 22.75)
2025-09-21 11:32:59,407 - INFO - Order data saved to orders.csv
2025-09-21 11:32:59,407 - INFO - Cross-account coordination started
2025-09-21 11:32:59,410 - INFO - Account 1 - B PENDING NewAck
2025-09-21 11:32:59,411 - INFO - Cross-account coordination started for buy orders
2025-09-21 11:32:59,412 - INFO - Buy button disabled to prevent duplicate orders
2025-09-21 11:32:59,412 - INFO - Price box grayed out after order placement
2025-09-21 11:32:59,415 - INFO - Cancel Buy and Modify Buy buttons enabled after buy orders placed
2025-09-21 11:32:59,415 - INFO - Sell Order button kept disabled until buy orders are completed
2025-09-21 11:32:59,416 - INFO - Child order status updated: Buy Order PENDING @ 22.75
2025-09-21 11:32:59,416 - INFO - Master order status updated: Buy Order PENDING @ 22.75
2025-09-21 11:32:59,419 - INFO - Updating order 25092000006023
2025-09-21 11:32:59,419 - INFO - Order status debug - status: 'PENDING', reporttype: 'PendingNew', trantype: 'B', price: '22.75'
2025-09-21 11:32:59,421 - ERROR - Error processing order update for account 2: Must have equal len keys and value when setting with an iterable
2025-09-21 11:32:59,422 - INFO - Updating order 25092000006024
2025-09-21 11:32:59,422 - INFO - Order status debug - status: 'REJECTED', reporttype: 'Rejected', trantype: 'B', price: '22.75'
2025-09-21 11:32:59,424 - ERROR - Error processing order update for account 1: Must have equal len keys and value when setting with an iterable
2025-09-21 11:32:59,424 - INFO - Child order status updated: Buy Order PENDING @ 22.75
2025-09-21 11:32:59,424 - WARNING - Buy order rejected for account 1 - Symbol: SENSEX25SEP84400CE, Reason: RED:RULE:{Allow CAC credit but disallow collateral and daylong cash for option buy}Shortfall:INR 1,935.41 Available:INR 339.59 for C-FA32246 [SHOONYA]
2025-09-21 11:32:59,434 - INFO - Updated Master (ID: 1) order status to '0': Buy order rejected: RED:RULE:{Allow CAC credit but disallow collateral and daylong cash for option buy}Shortfall:INR 1,935.41 Available:INR 339.59 for C-FA32246 [SHOONYA]
2025-09-21 11:32:59,436 - INFO - Updating order 25092000006023
2025-09-21 11:32:59,436 - INFO - Order status debug - status: 'REJECTED', reporttype: 'Rejected', trantype: 'B', price: '22.75'
2025-09-21 11:32:59,437 - ERROR - Error disabling trading buttons for account 1: 'MainWindow' object has no attribute 'login_button1'
2025-09-21 11:32:59,440 - ERROR - Error processing order update for account 2: Must have equal len keys and value when setting with an iterable
2025-09-21 11:32:59,446 - WARNING - Buy order rejected for account 2 - Symbol: SENSEX25SEP84400CE, Reason: SAF:Yel is down
2025-09-21 11:32:59,448 - INFO - Master account blocked due to buy order rejection - no further orders allowed
2025-09-21 11:32:59,453 - INFO - Updated Child (ID: 2) order status to '0': Buy order rejected: SAF:Yel is down
2025-09-21 11:32:59,560 - INFO - Master order status updated: Order Rejected: RED:RULE:{Allow CAC credit but disallow collateral and daylong cash for option buy}Shortfall:INR 1,935.41 Available:INR 339.59 for C-FA32246 [SHOONYA]
2025-09-21 11:32:59,563 - INFO - Child account trading buttons disabled due to order rejection
2025-09-21 11:32:59,564 - INFO - Child account blocked due to buy order rejection - no further orders allowed
2025-09-21 11:32:59,565 - INFO - Child order status updated: Order Rejected: SAF:Yel is down
2025-09-21 11:33:00,220 - INFO - PnL calculated for account 2 (active): 0.0
2025-09-21 11:33:00,220 - INFO - Order state updated - Master: None, Child: PENDING
2025-09-21 11:33:00,220 - INFO - Modify Buy button enabled - orders are in modifiable state
2025-09-21 11:33:00,220 - INFO - Modify Exit button disabled - no exit orders in modifiable state
2025-09-21 11:33:00,220 - INFO - Checking coordination - Master: None, Child: PENDING
2025-09-21 11:33:00,235 - INFO - PnL calculated for account 1 (active): 0.0
2025-09-21 11:33:00,238 - INFO - Order state updated - Master: PENDING, Child: PENDING
2025-09-21 11:33:00,238 - INFO - Modify Buy button enabled - orders are in modifiable state
2025-09-21 11:33:00,240 - INFO - Modify Exit button disabled - no exit orders in modifiable state
2025-09-21 11:33:00,240 - INFO - Checking coordination - Master: PENDING, Child: PENDING
2025-09-21 11:33:07,308 - INFO - Login status check - Master: True, Child: True
2025-09-21 11:33:07,322 - INFO - Account 1 order status reset to 'ready' on successful login
2025-09-21 11:33:07,324 - INFO - Updated Master (ID: 1) login status to '1': Master account logged in
2025-09-21 11:33:07,327 - INFO - Updated Master (ID: 1) order status to '1': Master account reset after trading block
2025-09-21 11:33:07,327 - INFO - Master account reset to ready (was logged in)
2025-09-21 11:33:07,332 - INFO - Account 2 order status reset to 'ready' on successful login
2025-09-21 11:33:07,335 - INFO - Updated Child (ID: 2) login status to '1': Child account logged in
2025-09-21 11:33:07,338 - INFO - Updated Child (ID: 2) order status to '1': Child account reset after trading block
2025-09-21 11:33:07,342 - INFO - Child account reset to ready (was logged in)
2025-09-21 11:33:07,343 - INFO - Trading blocks reset while preserving actual login status
2025-09-21 11:33:07,344 - INFO - Trading blocks reset while preserving login status
2025-09-21 11:33:07,344 - INFO - Account 1 (ROOPAL SONI) unblocked - Orders allowed again
2025-09-21 11:33:07,344 - INFO - Master account unblocked: Account ROOPAL SONI unblocked. Orders allowed again.
2025-09-21 11:33:07,344 - INFO - Account 2 (KRATIK YADAV) unblocked - Orders allowed again
2025-09-21 11:33:07,344 - INFO - Child account unblocked: Account KRATIK YADAV unblocked. Orders allowed again.
2025-09-21 11:33:07,344 - INFO - Child status after release: {'account_name': 'Child', 'login_status': 1, 'order_status': 1, 'quantity': 0, 'reason': 'Child account reset after trading block', 'order_number': nan, 'last_updated': '2025-09-21T11:33:07.337008'}
2025-09-21 11:33:07,344 - INFO - Child login_status: 1, order_status: 1
2025-09-21 11:33:07,344 - ERROR - Error updating account status displays: 'MainWindow' object has no attribute 'login_button1'
2025-09-21 11:33:07,348 - INFO - BUY button and Price box re-enabled for new orders
2025-09-21 11:33:07,352 - INFO - Buttons released - ready for new orders
2025-09-21 11:33:10,822 - INFO - Login status check - Master: True, Child: True
2025-09-21 11:33:10,838 - INFO - Account 1 order status reset to 'ready' on successful login
2025-09-21 11:33:10,838 - INFO - Updated Master (ID: 1) login status to '1': Master account logged in
2025-09-21 11:33:10,847 - INFO - Updated Master (ID: 1) order status to '1': Master account reset after trading block
2025-09-21 11:33:10,850 - INFO - Master account reset to ready (was logged in)
2025-09-21 11:33:10,850 - INFO - Account 2 order status reset to 'ready' on successful login
2025-09-21 11:33:10,856 - INFO - Updated Child (ID: 2) login status to '1': Child account logged in
2025-09-21 11:33:10,861 - INFO - Updated Child (ID: 2) order status to '1': Child account reset after trading block
2025-09-21 11:33:10,863 - INFO - Child account reset to ready (was logged in)
2025-09-21 11:33:10,865 - INFO - Trading blocks reset while preserving actual login status
2025-09-21 11:33:10,865 - INFO - Trading blocks reset while preserving login status
2025-09-21 11:33:10,867 - INFO - Account 1 (ROOPAL SONI) unblocked - Orders allowed again
2025-09-21 11:33:10,867 - INFO - Master account unblocked: Account ROOPAL SONI unblocked. Orders allowed again.
2025-09-21 11:33:10,867 - INFO - Account 2 (KRATIK YADAV) unblocked - Orders allowed again
2025-09-21 11:33:10,867 - INFO - Child account unblocked: Account KRATIK YADAV unblocked. Orders allowed again.
2025-09-21 11:33:10,869 - INFO - Child status after release: {'account_name': 'Child', 'login_status': 1, 'order_status': 1, 'quantity': 0, 'reason': 'Child account reset after trading block', 'order_number': nan, 'last_updated': '2025-09-21T11:33:10.858054'}
2025-09-21 11:33:10,869 - INFO - Child login_status: 1, order_status: 1
2025-09-21 11:33:10,870 - ERROR - Error updating account status displays: 'MainWindow' object has no attribute 'login_button1'
2025-09-21 11:33:10,872 - INFO - BUY button and Price box re-enabled for new orders
2025-09-21 11:33:10,875 - INFO - Buttons released - ready for new orders
2025-09-21 11:33:15,847 - INFO - Getting token and lot size for trading symbol: SENSEX25SEP84400CE
2025-09-21 11:33:15,852 - INFO - Found token and lot size for SENSEX25SEP84400CE: 841765, 20
2025-09-21 11:33:15,852 - INFO - Generated quantity options for lot size 20: ['20', '40', '60', '80', '100', '120', '140', '160', '180', '200']
2025-09-21 11:33:15,852 - INFO - Updated quantity options for SENSEX25SEP84400CE with lot size 20: ['20', '40', '60', '80', '100', '120', '140', '160', '180', '200']
2025-09-21 11:33:15,852 - INFO - Original buy price stored: 22.75
2025-09-21 11:33:15,855 - INFO - Getting token and lot size for trading symbol: SENSEX25SEP84400CE
2025-09-21 11:33:15,855 - INFO - Found token and lot size for SENSEX25SEP84400CE: 841765, 20
2025-09-21 11:33:15,855 - INFO - Master quantity: 100 (selected: 100, lot size: 20)
2025-09-21 11:33:15,860 - INFO - Child quantity: 20 (lots: 1, lot size: 20)
2025-09-21 11:33:15,860 - INFO - Active accounts: [1, 2]
2025-09-21 11:33:15,861 - INFO - Placing buy orders for accounts: [1, 2]
2025-09-21 11:33:15,861 - INFO - Trading symbol: SENSEX25SEP84400CE, Price: 22.75
2025-09-21 11:33:15,862 - INFO - Quantities: [100, 20]
2025-09-21 11:33:15,862 - INFO - Account 1: API=True, Qty=100, Active=True
2025-09-21 11:33:15,862 - INFO - Placing order for account 1 with parameters: {'buy_or_sell': 'B', 'product_type': 'M', 'exchange': 'BFO', 'tradingsymbol': 'SENSEX25SEP84400CE', 'quantity': 100, 'discloseqty': 0, 'price_type': 'LMT', 'price': 22.75, 'trigger_price': None, 'retention': 'DAY', 'amo': 'NO', 'remarks': None}
2025-09-21 11:33:15,862 - INFO - Account 2: API=True, Qty=20, Active=True
2025-09-21 11:33:15,865 - INFO - API instance for account 1: True
2025-09-21 11:33:15,866 - INFO - Placing order for account 2 with parameters: {'buy_or_sell': 'B', 'product_type': 'M', 'exchange': 'BFO', 'tradingsymbol': 'SENSEX25SEP84400CE', 'quantity': 20, 'discloseqty': 0, 'price_type': 'LMT', 'price': 22.75, 'trigger_price': None, 'retention': 'DAY', 'amo': 'NO', 'remarks': None}
2025-09-21 11:33:15,867 - INFO - API instance for account 2: True
2025-09-21 11:33:16,623 - INFO - API response: {'request_time': '11:33:18 21-09-2025', 'stat': 'Ok', 'norenordno': '25092000006025'}
2025-09-21 11:33:16,623 - INFO - API response type: <class 'dict'>
2025-09-21 11:33:16,627 - INFO - Buy order placed successfully: {'request_time': '11:33:18 21-09-2025', 'stat': 'Ok', 'norenordno': '25092000006025'}
2025-09-21 11:33:16,627 - INFO - New order received: 25092000006025
2025-09-21 11:33:16,627 - INFO - Order status debug - status: 'PENDING', reporttype: 'NewAck', trantype: 'B', price: '22.75'
2025-09-21 11:33:16,634 - INFO - Order data saved to orders.csv
2025-09-21 11:33:16,634 - INFO - Account 2 - B PENDING NewAck
2025-09-21 11:33:16,634 - INFO - API response: {'request_time': '11:33:18 21-09-2025', 'stat': 'Ok', 'norenordno': '25092000006026'}
2025-09-21 11:33:16,634 - INFO - API response type: <class 'dict'>
2025-09-21 11:33:16,634 - INFO - Buy order placed successfully: {'request_time': '11:33:18 21-09-2025', 'stat': 'Ok', 'norenordno': '25092000006026'}
2025-09-21 11:33:16,643 - INFO - New order received: 25092000006026
2025-09-21 11:33:16,644 - INFO - Auto SL/Target set - SL: 2.75, Target: 62.75 (Buy Open: 22.75)
2025-09-21 11:33:16,644 - INFO - Order status debug - status: 'PENDING', reporttype: 'NewAck', trantype: 'B', price: '22.75'
2025-09-21 11:33:16,653 - INFO - Cross-account coordination started
2025-09-21 11:33:16,654 - INFO - Order data saved to orders.csv
2025-09-21 11:33:16,655 - INFO - Cross-account coordination started for buy orders
2025-09-21 11:33:16,656 - INFO - Account 1 - B PENDING NewAck
2025-09-21 11:33:16,658 - INFO - Buy button disabled to prevent duplicate orders
2025-09-21 11:33:16,658 - INFO - Price box grayed out after order placement
2025-09-21 11:33:16,661 - INFO - Cancel Buy and Modify Buy buttons enabled after buy orders placed
2025-09-21 11:33:16,662 - INFO - Sell Order button kept disabled until buy orders are completed
2025-09-21 11:33:16,662 - INFO - Child order status updated: Buy Order PENDING @ 22.75
2025-09-21 11:33:16,662 - INFO - Master order status updated: Buy Order PENDING @ 22.75
2025-09-21 11:33:16,667 - INFO - Updating order 25092000006025
2025-09-21 11:33:16,667 - INFO - Order status debug - status: 'PENDING', reporttype: 'PendingNew', trantype: 'B', price: '22.75'
2025-09-21 11:33:16,673 - ERROR - Error processing order update for account 2: Must have equal len keys and value when setting with an iterable
2025-09-21 11:33:16,673 - INFO - Updating order 25092000006026
2025-09-21 11:33:16,673 - INFO - Order status debug - status: 'REJECTED', reporttype: 'Rejected', trantype: 'B', price: '22.75'
2025-09-21 11:33:16,673 - INFO - Child order status updated: Buy Order PENDING @ 22.75
2025-09-21 11:33:16,673 - ERROR - Error processing order update for account 1: Must have equal len keys and value when setting with an iterable
2025-09-21 11:33:16,673 - WARNING - Buy order rejected for account 1 - Symbol: SENSEX25SEP84400CE, Reason: RED:RULE:{Allow CAC credit but disallow collateral and daylong cash for option buy}Shortfall:INR 1,935.41 Available:INR 339.59 for C-FA32246 [SHOONYA]
2025-09-21 11:33:16,681 - INFO - Updating order 25092000006025
2025-09-21 11:33:16,681 - INFO - Order status debug - status: 'REJECTED', reporttype: 'Rejected', trantype: 'B', price: '22.75'
2025-09-21 11:33:16,681 - INFO - Updated Master (ID: 1) order status to '0': Buy order rejected: RED:RULE:{Allow CAC credit but disallow collateral and daylong cash for option buy}Shortfall:INR 1,935.41 Available:INR 339.59 for C-FA32246 [SHOONYA]
2025-09-21 11:33:16,695 - ERROR - Error processing order update for account 2: Must have equal len keys and value when setting with an iterable
2025-09-21 11:33:16,697 - WARNING - Buy order rejected for account 2 - Symbol: SENSEX25SEP84400CE, Reason: SAF:Yel is down
2025-09-21 11:33:16,698 - ERROR - Error disabling trading buttons for account 1: 'MainWindow' object has no attribute 'login_button1'
2025-09-21 11:33:16,702 - INFO - Updated Child (ID: 2) order status to '0': Buy order rejected: SAF:Yel is down
2025-09-21 11:33:16,707 - INFO - Master account blocked due to buy order rejection - no further orders allowed
2025-09-21 11:33:16,711 - INFO - Master order status updated: Order Rejected: RED:RULE:{Allow CAC credit but disallow collateral and daylong cash for option buy}Shortfall:INR 1,935.41 Available:INR 339.59 for C-FA32246 [SHOONYA]
2025-09-21 11:33:16,717 - INFO - Child account trading buttons disabled due to order rejection
2025-09-21 11:33:16,719 - INFO - Child account blocked due to buy order rejection - no further orders allowed
2025-09-21 11:33:16,719 - INFO - Child order status updated: Order Rejected: SAF:Yel is down
2025-09-21 11:33:17,384 - INFO - PnL calculated for account 2 (active): 0.0
2025-09-21 11:33:17,384 - INFO - Order state updated - Master: None, Child: PENDING
2025-09-21 11:33:17,384 - INFO - Modify Buy button enabled - orders are in modifiable state
2025-09-21 11:33:17,384 - INFO - Modify Exit button disabled - no exit orders in modifiable state
2025-09-21 11:33:17,384 - INFO - Checking coordination - Master: None, Child: PENDING
2025-09-21 11:33:17,424 - INFO - PnL calculated for account 1 (active): 0.0
2025-09-21 11:33:17,425 - INFO - Order state updated - Master: PENDING, Child: PENDING
2025-09-21 11:33:17,425 - INFO - Modify Buy button enabled - orders are in modifiable state
2025-09-21 11:33:17,425 - INFO - Modify Exit button disabled - no exit orders in modifiable state
2025-09-21 11:33:17,425 - INFO - Checking coordination - Master: PENDING, Child: PENDING
2025-09-21 11:37:17,110 - INFO - Starting master file download in background...
2025-09-21 11:37:17,110 - INFO - Finding expiry dates (with caching)...
2025-09-21 11:37:17,366 - INFO - System initialization completed (downloads in background)
2025-09-21 11:37:17,366 - INFO - Loaded settings from config/settings.json: {'child_default_lots': 1, 'default_sl_points': 20.0, 'default_target_points': 40.0}
2025-09-21 11:37:17,367 - INFO - Loaded settings: {'child_default_lots': 1, 'default_sl_points': 20.0, 'default_target_points': 40.0}
2025-09-21 11:37:17,582 - INFO - Loaded account states from account_states.csv
2025-09-21 11:37:17,588 - INFO - Updated Master (ID: 1) order status to '1': Account unblocked on startup
2025-09-21 11:37:17,588 - INFO - Account 1 unblocked on startup - ready for orders
2025-09-21 11:37:17,595 - INFO - Updated Child (ID: 2) order status to '1': Account unblocked on startup
2025-09-21 11:37:17,595 - INFO - Account 2 unblocked on startup - ready for orders
2025-09-21 11:37:17,595 - INFO - Account states initialized - CSV reset on startup
2025-09-21 11:37:17,822 - INFO - Cleanup completed: 0 old master files deleted
2025-09-21 11:37:17,823 - INFO - Expiry dates already calculated today, loading from CSV
2025-09-21 11:37:17,825 - INFO - SENSEX - Current expiry: 25-Sep-2025
2025-09-21 11:37:17,825 - INFO - SENSEX - Next expiry: 01-Oct-2025
2025-09-21 11:37:18,235 - INFO - Generated fresh 2FA for account 1: 317708
2025-09-21 11:37:19,628 - INFO - PnL calculated for account 1 (active): 0.0
2025-09-21 11:37:19,630 - INFO - Master account initialized successfully: ROOPAL SONI
2025-09-21 11:37:19,840 - INFO - Price input box enabled - no active positions
2025-09-21 11:37:19,844 - INFO - UI states initialized successfully
2025-09-21 11:37:21,971 - INFO - Generated fresh 2FA for account 2: 686725
2025-09-21 11:37:22,675 - INFO - Account 2 order status reset to 'ready' on successful login
2025-09-21 11:37:22,677 - INFO - Updated Child (ID: 2) login status to '1': Account logged in successfully
2025-09-21 11:37:22,682 - INFO - Updated Child (ID: 2) order status to '1': Account ready for orders
2025-09-21 11:37:22,695 - INFO - Child account logged in - Order blocking reset
2025-09-21 11:37:23,333 - INFO - PnL calculated for account 2 (active): 0.0
2025-09-21 11:37:35,906 - INFO - Cleared option, strike, quantity, and price selections - no active orders
2025-09-21 11:37:35,906 - INFO - Fetching SENSEX price from BSE with token 1
2025-09-21 11:37:36,577 - INFO - Successfully fetched SENSEX price: 84284.76
2025-09-21 11:37:36,577 - INFO - Index LTP for SENSEX: 84284.76
2025-09-21 11:37:36,577 - INFO - Fetching SENSEX price from BSE with token 1
2025-09-21 11:37:37,139 - INFO - Successfully fetched SENSEX price: 84284.76
2025-09-21 11:37:37,139 - INFO - Updated strikes for SENSEX based on price 84284.76 and option None: [83600, 83700, 83800, 83900, 84000, 84100, 84200, 84300, 84400, 84500, 84600, 84700, 84800, 84900, 85000]
2025-09-21 11:37:37,139 - INFO - Generated quantity options for lot size 20: ['20', '40', '60', '80', '100', '120', '140', '160', '180', '200']
2025-09-21 11:37:37,139 - INFO - Updated quantity options for SENSEX with lot size 20: ['20', '40', '60', '80', '100', '120', '140', '160', '180', '200']
2025-09-21 11:37:39,354 - INFO - Fetching SENSEX price from BSE with token 1
2025-09-21 11:37:39,965 - INFO - Successfully fetched SENSEX price: 84284.76
2025-09-21 11:37:39,965 - INFO - Index LTP for SENSEX: 84284.76
2025-09-21 11:37:39,967 - INFO - Updated strikes for SENSEX CE based on price 84284.76: [84100, 84200, 84300, 84400, 84500, 84600, 84700, 84800, 84900, 85000, 85100, 85200, 85300, 85400, 85500]
2025-09-21 11:37:41,752 - INFO - Getting token and lot size for trading symbol: SENSEX25SEP84500CE
2025-09-21 11:37:41,754 - INFO - Found token and lot size for SENSEX25SEP84500CE: 841454, 20
2025-09-21 11:37:41,758 - INFO - Generated quantity options for lot size 20: ['20', '40', '60', '80', '100', '120', '140', '160', '180', '200']
2025-09-21 11:37:41,758 - INFO - Updated quantity options for SENSEX25SEP84500CE with lot size 20: ['20', '40', '60', '80', '100', '120', '140', '160', '180', '200']
2025-09-21 11:37:41,758 - INFO - Getting token for trading symbol: SENSEX25SEP84500CE
2025-09-21 11:37:41,762 - INFO - Found token for SENSEX25SEP84500CE: 841454
2025-09-21 11:37:42,345 - INFO - Modify price fields cleared after auto-fetch
2025-09-21 11:37:42,360 - INFO - Getting token for trading symbol: SENSEX25SEP84500CE
2025-09-21 11:37:42,362 - INFO - Found token for SENSEX25SEP84500CE: 841454
2025-09-21 11:37:42,362 - INFO - Subscribed to live price feed via master account: BFO|841454
2025-09-21 11:37:42,362 - INFO - Auto-subscribed to SENSEX25SEP84500CE at price 192.85
2025-09-21 11:37:46,954 - INFO - Getting token and lot size for trading symbol: SENSEX25SEP84500CE
2025-09-21 11:37:46,956 - INFO - Found token and lot size for SENSEX25SEP84500CE: 841454, 20
2025-09-21 11:37:46,956 - INFO - Generated quantity options for lot size 20: ['20', '40', '60', '80', '100', '120', '140', '160', '180', '200']
2025-09-21 11:37:46,956 - INFO - Updated quantity options for SENSEX25SEP84500CE with lot size 20: ['20', '40', '60', '80', '100', '120', '140', '160', '180', '200']
2025-09-21 11:37:46,956 - INFO - Original buy price stored: 192.85
2025-09-21 11:37:46,956 - INFO - Getting token and lot size for trading symbol: SENSEX25SEP84500CE
2025-09-21 11:37:46,964 - INFO - Found token and lot size for SENSEX25SEP84500CE: 841454, 20
2025-09-21 11:37:46,966 - INFO - Master quantity: 100 (selected: 100, lot size: 20)
2025-09-21 11:37:46,966 - INFO - Child quantity: 20 (lots: 1, lot size: 20)
2025-09-21 11:37:46,966 - INFO - Active accounts: [1, 2]
2025-09-21 11:37:46,966 - INFO - Placing buy orders for accounts: [1, 2]
2025-09-21 11:37:46,966 - INFO - Trading symbol: SENSEX25SEP84500CE, Price: 192.85
2025-09-21 11:37:46,966 - INFO - Quantities: [100, 20]
2025-09-21 11:37:46,966 - INFO - Account 1: API=True, Qty=100, Active=True
2025-09-21 11:37:46,966 - INFO - Placing order for account 1 with parameters: {'buy_or_sell': 'B', 'product_type': 'M', 'exchange': 'BFO', 'tradingsymbol': 'SENSEX25SEP84500CE', 'quantity': 100, 'discloseqty': 0, 'price_type': 'LMT', 'price': 192.85, 'trigger_price': None, 'retention': 'DAY', 'amo': 'NO', 'remarks': None}
2025-09-21 11:37:46,966 - INFO - Account 2: API=True, Qty=20, Active=True
2025-09-21 11:37:46,966 - INFO - API instance for account 1: True
2025-09-21 11:37:46,966 - INFO - Placing order for account 2 with parameters: {'buy_or_sell': 'B', 'product_type': 'M', 'exchange': 'BFO', 'tradingsymbol': 'SENSEX25SEP84500CE', 'quantity': 20, 'discloseqty': 0, 'price_type': 'LMT', 'price': 192.85, 'trigger_price': None, 'retention': 'DAY', 'amo': 'NO', 'remarks': None}
2025-09-21 11:37:46,973 - INFO - API instance for account 2: True
2025-09-21 11:37:47,706 - INFO - API response: {'request_time': '11:37:49 21-09-2025', 'stat': 'Ok', 'norenordno': '25092000006027'}
2025-09-21 11:37:47,706 - INFO - API response type: <class 'dict'>
2025-09-21 11:37:47,706 - INFO - Buy order placed successfully: {'request_time': '11:37:49 21-09-2025', 'stat': 'Ok', 'norenordno': '25092000006027'}
2025-09-21 11:37:47,706 - INFO - New order received: 25092000006027
2025-09-21 11:37:47,706 - INFO - Order status debug - status: 'PENDING', reporttype: 'NewAck', trantype: 'B', price: '192.85'
2025-09-21 11:37:47,711 - INFO - API response: {'request_time': '11:37:49 21-09-2025', 'stat': 'Ok', 'norenordno': '25092000006028'}
2025-09-21 11:37:47,711 - INFO - New order received: 25092000006028
2025-09-21 11:37:47,712 - INFO - Order status debug - status: 'PENDING', reporttype: 'NewAck', trantype: 'B', price: '192.85'
2025-09-21 11:37:47,718 - INFO - API response type: <class 'dict'>
2025-09-21 11:37:47,729 - INFO - Buy order placed successfully: {'request_time': '11:37:49 21-09-2025', 'stat': 'Ok', 'norenordno': '25092000006028'}
2025-09-21 11:37:47,729 - INFO - Order data saved to orders.csv
2025-09-21 11:37:47,729 - INFO - Order data saved to orders.csv
2025-09-21 11:37:47,731 - INFO - Account 2 - B PENDING NewAck
2025-09-21 11:37:47,731 - INFO - Account 1 - B PENDING NewAck
2025-09-21 11:37:47,731 - INFO - Auto SL/Target set - SL: 172.85, Target: 232.85 (Buy Open: 192.85)
2025-09-21 11:37:47,733 - INFO - Cross-account coordination started
2025-09-21 11:37:47,734 - INFO - Cross-account coordination started for buy orders
2025-09-21 11:37:47,736 - INFO - Buy button disabled to prevent duplicate orders
2025-09-21 11:37:47,737 - INFO - Price box grayed out after order placement
2025-09-21 11:37:47,737 - INFO - Cancel Buy and Modify Buy buttons enabled after buy orders placed
2025-09-21 11:37:47,737 - INFO - Sell Order button kept disabled until buy orders are completed
2025-09-21 11:37:47,737 - INFO - Child order status updated: Buy Order PENDING @ 192.85
2025-09-21 11:37:47,737 - INFO - Master order status updated: Buy Order PENDING @ 192.85
2025-09-21 11:37:47,743 - INFO - Updating order 25092000006027
2025-09-21 11:37:47,743 - INFO - Order status debug - status: 'PENDING', reporttype: 'PendingNew', trantype: 'B', price: '192.85'
2025-09-21 11:37:47,746 - ERROR - Error processing order update for account 2: Must have equal len keys and value when setting with an iterable
2025-09-21 11:37:47,747 - INFO - Updating order 25092000006028
2025-09-21 11:37:47,747 - INFO - Order status debug - status: 'REJECTED', reporttype: 'Rejected', trantype: 'B', price: '192.85'
2025-09-21 11:37:47,747 - ERROR - Error processing order update for account 1: Must have equal len keys and value when setting with an iterable
2025-09-21 11:37:47,747 - INFO - Child order status updated: Buy Order PENDING @ 192.85
2025-09-21 11:37:47,747 - WARNING - Buy order rejected for account 1 - Symbol: SENSEX25SEP84500CE, Reason: RED:RULE:{Allow CAC credit but disallow collateral and daylong cash for option buy}Shortfall:INR 18,945.41 Available:INR 339.59 for C-FA32246 [SHOONYA]
2025-09-21 11:37:47,747 - INFO - Updating order 25092000006027
2025-09-21 11:37:47,753 - INFO - Updated Master (ID: 1) order status to '0': Buy order rejected: RED:RULE:{Allow CAC credit but disallow collateral and daylong cash for option buy}Shortfall:INR 18,945.41 Available:INR 339.59 for C-FA32246 [SHOONYA]
2025-09-21 11:37:47,753 - INFO - Order status debug - status: 'REJECTED', reporttype: 'Rejected', trantype: 'B', price: '192.85'
2025-09-21 11:37:47,755 - ERROR - Error processing order update for account 2: Must have equal len keys and value when setting with an iterable
2025-09-21 11:37:47,757 - WARNING - Buy order rejected for account 2 - Symbol: SENSEX25SEP84500CE, Reason: SAF:Yel is down
2025-09-21 11:37:47,757 - ERROR - Error disabling trading buttons for account 1: 'MainWindow' object has no attribute 'login_button1'
2025-09-21 11:37:47,762 - INFO - Master account blocked due to buy order rejection - no further orders allowed
2025-09-21 11:37:47,766 - INFO - Master order status updated: Order Rejected: RED:RULE:{Allow CAC credit but disallow collateral and daylong cash for option buy}Shortfall:INR 18,945.41 Available:INR 339.59 for C-FA32246 [SHOONYA]
2025-09-21 11:37:47,766 - INFO - Updated Child (ID: 2) order status to '0': Buy order rejected: SAF:Yel is down
2025-09-21 11:37:47,767 - INFO - Child account trading buttons disabled due to order rejection (preserving logged-in state)
2025-09-21 11:37:47,767 - INFO - Child account blocked due to buy order rejection - no further orders allowed
2025-09-21 11:37:47,767 - INFO - Child order status updated: Order Rejected: SAF:Yel is down
2025-09-21 11:37:48,518 - INFO - PnL calculated for account 2 (active): 0.0
2025-09-21 11:37:48,518 - INFO - PnL calculated for account 1 (active): 0.0
2025-09-21 11:37:48,518 - INFO - Order state updated - Master: None, Child: PENDING
2025-09-21 11:37:48,518 - INFO - Order state updated - Master: PENDING, Child: PENDING
2025-09-21 11:37:48,521 - INFO - Modify Buy button enabled - orders are in modifiable state
2025-09-21 11:37:48,521 - INFO - Modify Buy button enabled - orders are in modifiable state
2025-09-21 11:37:48,521 - INFO - Modify Exit button disabled - no exit orders in modifiable state
2025-09-21 11:37:48,521 - INFO - Modify Exit button disabled - no exit orders in modifiable state
2025-09-21 11:37:48,521 - INFO - Checking coordination - Master: PENDING, Child: PENDING
2025-09-21 11:37:48,521 - INFO - Checking coordination - Master: PENDING, Child: PENDING
2025-09-21 11:38:13,552 - INFO - Order 25092000006027 cancelled successfully
2025-09-21 11:38:13,556 - INFO - Updating order 25092000006027
2025-09-21 11:38:13,556 - INFO - Order status debug - status: 'REJECTED', reporttype: 'CancelRejected', trantype: 'B', price: '192.85'
2025-09-21 11:38:13,559 - INFO - Updated Child (ID: 2) order status to '0': Child buy order cancelled by user
2025-09-21 11:38:13,561 - ERROR - Error processing order update for account 2: Must have equal len keys and value when setting with an iterable
2025-09-21 11:38:13,561 - WARNING - Buy order rejected for account 2 - Symbol: SENSEX25SEP84500CE, Reason: SAF:order is not open to cancel
2025-09-21 11:38:13,564 - WARNING - Child account blocked: Child buy order cancelled
2025-09-21 11:38:13,571 - INFO - Child buy order cancelled successfully, price box re-enabled
2025-09-21 11:38:13,572 - INFO - Updated Child (ID: 2) order status to '0': Buy order rejected: SAF:order is not open to cancel
2025-09-21 11:38:13,575 - INFO - Child account trading buttons disabled due to order rejection (preserving logged-in state)
2025-09-21 11:38:13,575 - INFO - Child account blocked due to buy order rejection - no further orders allowed
2025-09-21 11:38:13,575 - INFO - Child order status updated: Order Rejected: SAF:order is not open to cancel
2025-09-21 12:05:31,298 - INFO - Starting master file download in background...
2025-09-21 12:05:31,298 - INFO - Finding expiry dates (with caching)...
2025-09-21 12:05:31,557 - INFO - System initialization completed (downloads in background)
2025-09-21 12:05:31,561 - INFO - Loaded settings from config/settings.json: {'child_default_lots': 1, 'default_sl_points': 20.0, 'default_target_points': 40.0}
2025-09-21 12:05:31,561 - INFO - Loaded settings: {'child_default_lots': 1, 'default_sl_points': 20.0, 'default_target_points': 40.0}
2025-09-21 12:05:31,775 - INFO - Loaded account states from account_states.csv
2025-09-21 12:05:31,791 - INFO - Updated Master (ID: 1) order status to '1': Account unblocked on startup
2025-09-21 12:05:31,794 - INFO - Account 1 unblocked on startup - ready for orders
2025-09-21 12:05:31,799 - INFO - Updated Child (ID: 2) order status to '1': Account unblocked on startup
2025-09-21 12:05:31,806 - INFO - Account 2 unblocked on startup - ready for orders
2025-09-21 12:05:31,807 - INFO - Account states initialized - CSV reset on startup
2025-09-21 12:05:32,060 - INFO - Cleanup completed: 0 old master files deleted
2025-09-21 12:05:32,060 - INFO - Expiry dates already calculated today, loading from CSV
2025-09-21 12:05:32,060 - INFO - SENSEX - Current expiry: 25-Sep-2025
2025-09-21 12:05:32,060 - INFO - SENSEX - Next expiry: 01-Oct-2025
2025-09-21 12:05:32,350 - INFO - Generated fresh 2FA for account 1: 505598
2025-09-21 12:05:33,715 - INFO - PnL calculated for account 1 (active): 0.0
2025-09-21 12:05:33,715 - INFO - Master account initialized successfully: ROOPAL SONI
2025-09-21 12:05:33,886 - INFO - Price input box enabled - no active positions
2025-09-21 12:05:33,886 - INFO - UI states initialized successfully
2025-09-21 12:05:39,267 - INFO - Generated fresh 2FA for account 2: 364822
2025-09-21 12:05:39,889 - INFO - Account 2 order status reset to 'ready' on successful login
2025-09-21 12:05:39,893 - INFO - Updated Child (ID: 2) login status to '1': Account logged in successfully
2025-09-21 12:05:39,897 - INFO - Updated Child (ID: 2) order status to '1': Account ready for orders
2025-09-21 12:05:39,899 - INFO - Child account logged in - Order blocking reset
2025-09-21 12:05:40,469 - INFO - PnL calculated for account 2 (active): 0.0
2025-09-21 12:05:42,593 - INFO - Cleared option, strike, quantity, and price selections - no active orders
2025-09-21 12:05:42,593 - INFO - Fetching SENSEX price from BSE with token 1
2025-09-21 12:05:43,157 - INFO - Successfully fetched SENSEX price: 84284.76
2025-09-21 12:05:43,157 - INFO - Index LTP for SENSEX: 84284.76
2025-09-21 12:05:43,157 - INFO - Fetching SENSEX price from BSE with token 1
2025-09-21 12:05:43,754 - INFO - Successfully fetched SENSEX price: 84284.76
2025-09-21 12:05:43,754 - INFO - Updated strikes for SENSEX based on price 84284.76 and option None: [83600, 83700, 83800, 83900, 84000, 84100, 84200, 84300, 84400, 84500, 84600, 84700, 84800, 84900, 85000]
2025-09-21 12:05:43,756 - INFO - Generated quantity options for lot size 20: ['20', '40', '60', '80', '100', '120', '140', '160', '180', '200']
2025-09-21 12:05:43,756 - INFO - Updated quantity options for SENSEX with lot size 20: ['20', '40', '60', '80', '100', '120', '140', '160', '180', '200']
2025-09-21 12:05:45,663 - INFO - Fetching SENSEX price from BSE with token 1
2025-09-21 12:05:46,245 - INFO - Successfully fetched SENSEX price: 84284.76
2025-09-21 12:05:46,249 - INFO - Index LTP for SENSEX: 84284.76
2025-09-21 12:05:46,254 - INFO - Updated strikes for SENSEX CE based on price 84284.76: [84100, 84200, 84300, 84400, 84500, 84600, 84700, 84800, 84900, 85000, 85100, 85200, 85300, 85400, 85500]
2025-09-21 12:05:47,771 - INFO - Getting token and lot size for trading symbol: SENSEX25SEP84100CE
2025-09-21 12:05:47,777 - INFO - Found token and lot size for SENSEX25SEP84100CE: 841864, 20
2025-09-21 12:05:47,777 - INFO - Generated quantity options for lot size 20: ['20', '40', '60', '80', '100', '120', '140', '160', '180', '200']
2025-09-21 12:05:47,777 - INFO - Updated quantity options for SENSEX25SEP84100CE with lot size 20: ['20', '40', '60', '80', '100', '120', '140', '160', '180', '200']
2025-09-21 12:05:47,777 - INFO - Getting token for trading symbol: SENSEX25SEP84100CE
2025-09-21 12:05:47,782 - INFO - Found token for SENSEX25SEP84100CE: 841864
2025-09-21 12:05:48,346 - INFO - Modify price fields cleared after auto-fetch
2025-09-21 12:05:48,346 - INFO - Getting token for trading symbol: SENSEX25SEP84100CE
2025-09-21 12:05:48,362 - INFO - Found token for SENSEX25SEP84100CE: 841864
2025-09-21 12:05:48,362 - INFO - Subscribed to live price feed via master account: BFO|841864
2025-09-21 12:05:48,362 - INFO - Auto-subscribed to SENSEX25SEP84100CE at price 0.3
2025-09-21 12:05:51,320 - INFO - Fetching NIFTY price from NSE with token 26000
2025-09-21 12:05:51,875 - INFO - Successfully fetched NIFTY price: 25774.05
2025-09-21 12:05:51,875 - INFO - Updated strikes for NIFTY CE based on price 25774.05: [25650, 25700, 25750, 25800, 25850, 25900, 25950, 26000, 26050, 26100, 26150, 26200, 26250, 26300, 26350]
2025-09-21 12:05:51,875 - INFO - Getting token and lot size for trading symbol: NIFTY23SEP25C84100
2025-09-21 12:05:51,875 - ERROR - No token found for NIFTY23SEP25C84100
2025-09-21 12:05:51,902 - INFO - Available NFO symbols (first 10): ['ZYDUSLIFE30SEP25P1360' 'ZYDUSLIFE30SEP25C1360' 'ZYDUSLIFE30SEP25P1320'
 'ZYDUSLIFE30SEP25C1320' 'ZYDUSLIFE30SEP25P1280' 'ZYDUSLIFE30SEP25C1280'
 'ZYDUSLIFE30SEP25P1260' 'ZYDUSLIFE30SEP25C1260' 'ZYDUSLIFE30SEP25P1240'
 'ZYDUSLIFE30SEP25C1240']
2025-09-21 12:05:51,905 - WARNING - Lot size not found for NIFTY23SEP25C84100, using default quantities
2025-09-21 12:05:51,905 - INFO - Cleared option, strike, quantity, and price selections - no active orders
2025-09-21 12:05:51,905 - INFO - Fetching NIFTY price from NSE with token 26000
2025-09-21 12:05:52,460 - INFO - Successfully fetched NIFTY price: 25774.05
2025-09-21 12:05:52,460 - INFO - Index LTP for NIFTY: 25774.05
2025-09-21 12:05:52,460 - INFO - Fetching NIFTY price from NSE with token 26000
2025-09-21 12:05:53,035 - INFO - Successfully fetched NIFTY price: 25774.05
2025-09-21 12:05:53,035 - INFO - Updated strikes for NIFTY based on price 25774.05 and option None: [25400, 25450, 25500, 25550, 25600, 25650, 25700, 25750, 25800, 25850, 25900, 25950, 26000, 26050, 26100]
2025-09-21 12:05:53,035 - INFO - Updated quantity options for NIFTY using default method: [25, 50, 75, 100, 125, 150, 175, 200, 225]
2025-09-21 12:06:01,796 - INFO - Fetching NIFTY price from NSE with token 26000
2025-09-21 12:06:02,459 - INFO - Successfully fetched NIFTY price: 25774.05
2025-09-21 12:06:02,459 - INFO - Index LTP for NIFTY: 25774.05
2025-09-21 12:06:02,459 - INFO - Updated strikes for NIFTY CE based on price 25774.05: [25650, 25700, 25750, 25800, 25850, 25900, 25950, 26000, 26050, 26100, 26150, 26200, 26250, 26300, 26350]
2025-09-21 12:06:07,900 - INFO - Getting token and lot size for trading symbol: NIFTY23SEP25C26000
2025-09-21 12:06:07,918 - INFO - Found NFO token and lot size for NIFTY23SEP25C26000: 47821, 75
2025-09-21 12:06:07,918 - INFO - Generated quantity options for lot size 75: ['75', '150', '225', '300', '375', '450', '525', '600', '675', '750']
2025-09-21 12:06:07,918 - INFO - Updated quantity options for NIFTY23SEP25C26000 with lot size 75: ['75', '150', '225', '300', '375', '450', '525', '600', '675', '750']
2025-09-21 12:06:07,918 - INFO - Getting token for trading symbol: NIFTY23SEP25C26000
2025-09-21 12:06:07,928 - INFO - Found NFO token for NIFTY23SEP25C26000: 47821
2025-09-21 12:06:08,475 - INFO - Modify price fields cleared after auto-fetch
2025-09-21 12:06:08,475 - INFO - Getting token for trading symbol: NIFTY23SEP25C26000
2025-09-21 12:06:08,475 - INFO - Found NFO token for NIFTY23SEP25C26000: 47821
2025-09-21 12:06:08,475 - INFO - Unsubscribed from previous: BFO|841864
2025-09-21 12:06:08,475 - INFO - Subscribed to live price feed via master account: NFO|47821
2025-09-21 12:06:08,475 - INFO - Auto-subscribed to NIFTY23SEP25C26000 at price 1.5
2025-09-21 12:10:53,895 - INFO - Getting token and lot size for trading symbol: NIFTY23SEP25C26000
2025-09-21 12:10:53,903 - INFO - Found NFO token and lot size for NIFTY23SEP25C26000: 47821, 75
2025-09-21 12:10:53,903 - INFO - Generated quantity options for lot size 75: ['75', '150', '225', '300', '375', '450', '525', '600', '675', '750']
2025-09-21 12:10:53,906 - INFO - Updated quantity options for NIFTY23SEP25C26000 with lot size 75: ['75', '150', '225', '300', '375', '450', '525', '600', '675', '750']
2025-09-21 12:10:53,906 - INFO - Original buy price stored: 1.5
2025-09-21 12:10:53,906 - INFO - Getting token and lot size for trading symbol: NIFTY23SEP25C26000
2025-09-21 12:10:53,913 - INFO - Found NFO token and lot size for NIFTY23SEP25C26000: 47821, 75
2025-09-21 12:10:53,913 - INFO - Master quantity: 225 (selected: 225, lot size: 75)
2025-09-21 12:10:53,913 - INFO - Child quantity: 75 (lots: 1, lot size: 75)
2025-09-21 12:10:53,913 - INFO - Active accounts: [1, 2]
2025-09-21 12:10:53,913 - INFO - Placing buy orders for accounts: [1, 2]
2025-09-21 12:10:53,913 - INFO - Trading symbol: NIFTY23SEP25C26000, Price: 1.5
2025-09-21 12:10:53,917 - INFO - Quantities: [225, 75]
2025-09-21 12:10:53,917 - INFO - Account 1: API=True, Qty=225, Active=True
2025-09-21 12:10:53,917 - INFO - Placing order for account 1 with parameters: {'buy_or_sell': 'B', 'product_type': 'I', 'exchange': 'NFO', 'tradingsymbol': 'NIFTY23SEP25C26000', 'quantity': 225, 'discloseqty': 0, 'price_type': 'LMT', 'price': 1.5, 'trigger_price': None, 'retention': 'DAY', 'amo': 'NO', 'remarks': None}
2025-09-21 12:10:53,917 - INFO - Account 2: API=True, Qty=75, Active=True
2025-09-21 12:10:53,917 - INFO - API instance for account 1: True
2025-09-21 12:10:53,919 - INFO - Placing order for account 2 with parameters: {'buy_or_sell': 'B', 'product_type': 'I', 'exchange': 'NFO', 'tradingsymbol': 'NIFTY23SEP25C26000', 'quantity': 75, 'discloseqty': 0, 'price_type': 'LMT', 'price': 1.5, 'trigger_price': None, 'retention': 'DAY', 'amo': 'NO', 'remarks': None}
2025-09-21 12:10:53,923 - INFO - API instance for account 2: True
2025-09-21 12:10:54,772 - INFO - API response: {'request_time': '12:10:56 21-09-2025', 'stat': 'Ok', 'norenordno': '25092000006040'}
2025-09-21 12:10:54,772 - INFO - API response type: <class 'dict'>
2025-09-21 12:10:54,772 - INFO - Buy order placed successfully: {'request_time': '12:10:56 21-09-2025', 'stat': 'Ok', 'norenordno': '25092000006040'}
2025-09-21 12:10:54,772 - INFO - New order received: 25092000006040
2025-09-21 12:10:54,772 - INFO - Order status debug - status: 'PENDING', reporttype: 'NewAck', trantype: 'B', price: '1.50'
2025-09-21 12:10:54,784 - INFO - API response: {'request_time': '12:10:56 21-09-2025', 'stat': 'Ok', 'norenordno': '25092000006041'}
2025-09-21 12:10:54,789 - INFO - New order received: 25092000006041
2025-09-21 12:10:54,789 - INFO - Order status debug - status: 'PENDING', reporttype: 'NewAck', trantype: 'B', price: '1.50'
2025-09-21 12:10:54,791 - INFO - Order data saved to orders.csv
2025-09-21 12:10:54,793 - INFO - API response type: <class 'dict'>
2025-09-21 12:10:54,802 - INFO - Order data saved to orders.csv
2025-09-21 12:10:54,805 - INFO - Account 2 - B PENDING NewAck
2025-09-21 12:10:54,808 - INFO - Buy order placed successfully: {'request_time': '12:10:56 21-09-2025', 'stat': 'Ok', 'norenordno': '25092000006041'}
2025-09-21 12:10:54,808 - INFO - Account 1 - B PENDING NewAck
2025-09-21 12:10:54,813 - INFO - Auto SL/Target set - SL: -18.5, Target: 41.5 (Buy Open: 1.5)
2025-09-21 12:10:54,813 - INFO - Cross-account coordination started
2025-09-21 12:10:54,813 - INFO - Cross-account coordination started for buy orders
2025-09-21 12:10:54,813 - INFO - Buy button disabled to prevent duplicate orders
2025-09-21 12:10:54,816 - INFO - Price box grayed out after order placement
2025-09-21 12:10:54,816 - INFO - Cancel Buy and Modify Buy buttons enabled after buy orders placed
2025-09-21 12:10:54,816 - INFO - Sell Order button kept disabled until buy orders are completed
2025-09-21 12:10:54,816 - INFO - Child order status updated: Buy Order PENDING @ 1.50
2025-09-21 12:10:54,816 - INFO - Master order status updated: Buy Order PENDING @ 1.50
2025-09-21 12:10:54,821 - INFO - Updating order 25092000006040
2025-09-21 12:10:54,821 - INFO - Order status debug - status: 'REJECTED', reporttype: 'Rejected', trantype: 'B', price: '1.50'
2025-09-21 12:10:54,826 - ERROR - Error processing order update for account 2: Must have equal len keys and value when setting with an iterable
2025-09-21 12:10:54,826 - INFO - Updating order 25092000006041
2025-09-21 12:10:54,826 - INFO - Order status debug - status: 'REJECTED', reporttype: 'Rejected', trantype: 'B', price: '1.50'
2025-09-21 12:10:54,826 - WARNING - Buy order rejected for account 2 - Symbol: NIFTY23SEP25C26000, Reason: RED:'MIS' Orders are disallowed after system square off
2025-09-21 12:10:54,830 - ERROR - Error processing order update for account 1: Must have equal len keys and value when setting with an iterable
2025-09-21 12:10:54,830 - WARNING - Buy order rejected for account 1 - Symbol: NIFTY23SEP25C26000, Reason: RED:'MIS' Orders are disallowed after system square off
2025-09-21 12:10:54,830 - INFO - Updated Child (ID: 2) order status to '0': Buy order rejected: RED:'MIS' Orders are disallowed after system square off
2025-09-21 12:10:54,835 - INFO - Child account trading buttons disabled due to order rejection (preserving logged-in state)
2025-09-21 12:10:54,835 - INFO - Updated Master (ID: 1) order status to '0': Buy order rejected: RED:'MIS' Orders are disallowed after system square off
2025-09-21 12:10:54,839 - INFO - Child account blocked due to buy order rejection - no further orders allowed
2025-09-21 12:10:54,840 - ERROR - Error disabling trading buttons for account 1: 'MainWindow' object has no attribute 'login_button1'
2025-09-21 12:10:54,842 - INFO - Child order status updated: Order Rejected: RED:'MIS' Orders are disallowed after system square off
2025-09-21 12:10:54,842 - INFO - Master account blocked due to buy order rejection - no further orders allowed
2025-09-21 12:10:54,842 - INFO - Master order status updated: Order Rejected: RED:'MIS' Orders are disallowed after system square off
2025-09-21 12:10:55,545 - INFO - PnL calculated for account 1 (active): 0.0
2025-09-21 12:10:55,548 - INFO - Order state updated - Master: PENDING, Child: None
2025-09-21 12:10:55,548 - INFO - Modify Buy button enabled - orders are in modifiable state
2025-09-21 12:10:55,548 - INFO - Modify Exit button disabled - no exit orders in modifiable state
2025-09-21 12:10:55,548 - INFO - Checking coordination - Master: PENDING, Child: None
2025-09-21 12:10:55,566 - INFO - PnL calculated for account 2 (active): 0.0
2025-09-21 12:10:55,566 - INFO - Order state updated - Master: PENDING, Child: PENDING
2025-09-21 12:10:55,566 - INFO - Modify Buy button enabled - orders are in modifiable state
2025-09-21 12:10:55,572 - INFO - Modify Exit button disabled - no exit orders in modifiable state
2025-09-21 12:10:55,572 - INFO - Checking coordination - Master: PENDING, Child: PENDING
2025-09-21 12:15:23,901 - INFO - Starting master file download in background...
2025-09-21 12:15:23,901 - INFO - Finding expiry dates (with caching)...
2025-09-21 12:15:24,152 - INFO - System initialization completed (downloads in background)
2025-09-21 12:15:24,154 - INFO - Loaded settings from config/settings.json: {'child_default_lots': 1, 'default_sl_points': 20.0, 'default_target_points': 40.0}
2025-09-21 12:15:24,154 - INFO - Loaded settings: {'child_default_lots': 1, 'default_sl_points': 20.0, 'default_target_points': 40.0}
2025-09-21 12:15:24,363 - INFO - Loaded account states from account_states.csv
2025-09-21 12:15:24,369 - INFO - Updated Master (ID: 1) order status to '1': Account unblocked on startup
2025-09-21 12:15:24,369 - INFO - Account 1 unblocked on startup - ready for orders
2025-09-21 12:15:24,376 - INFO - Updated Child (ID: 2) order status to '1': Account unblocked on startup
2025-09-21 12:15:24,376 - INFO - Account 2 unblocked on startup - ready for orders
2025-09-21 12:15:24,376 - INFO - Account states initialized - CSV reset on startup
2025-09-21 12:15:24,644 - INFO - Cleanup completed: 0 old master files deleted
2025-09-21 12:15:24,644 - INFO - Expiry dates already calculated today, loading from CSV
2025-09-21 12:15:24,645 - INFO - SENSEX - Current expiry: 25-Sep-2025
2025-09-21 12:15:24,645 - INFO - SENSEX - Next expiry: 01-Oct-2025
2025-09-21 12:15:24,900 - INFO - Generated fresh 2FA for account 1: 355356
2025-09-21 12:15:26,372 - INFO - PnL calculated for account 1 (active): 0.0
2025-09-21 12:15:26,372 - INFO - Master account initialized successfully: ROOPAL SONI
2025-09-21 12:15:26,522 - INFO - Price input box enabled - no active positions
2025-09-21 12:15:26,522 - INFO - UI states initialized successfully
2025-09-21 12:15:30,279 - INFO - Generated fresh 2FA for account 2: 551663
2025-09-21 12:15:31,035 - INFO - Account 2 order status reset to 'ready' on successful login
2025-09-21 12:15:31,035 - INFO - Updated Child (ID: 2) login status to '1': Account logged in successfully
2025-09-21 12:15:31,046 - INFO - Updated Child (ID: 2) order status to '1': Account ready for orders
2025-09-21 12:15:31,049 - INFO - Child account logged in - Order blocking reset
2025-09-21 12:15:31,671 - INFO - PnL calculated for account 2 (active): 0.0
2025-09-21 12:21:18,375 - ERROR - Error formatting date None: time data 'None' does not match format '%Y-%m-%d'
2025-09-21 12:21:18,375 - ERROR - Error formatting date None: time data 'None' does not match format '%Y-%m-%d'
2025-09-21 13:58:07,572 - INFO - Application interrupted by user
2025-09-21 14:05:40,024 - INFO - No cached index prices found, will fetch when needed
2025-09-21 14:05:44,568 - INFO - No cached index prices found, will fetch when needed
2025-09-21 14:05:44,569 - INFO - Saved index prices to files
2025-09-21 14:05:44,570 - INFO - Updated all index prices: {'NIFTY': 25000.0, 'BANKNIFTY': 75000.0, 'SENSEX': 80000.0}
2025-09-21 14:05:50,449 - INFO - Loaded index prices from text files
2025-09-21 14:06:25,536 - INFO - Starting master file download in background...
2025-09-21 14:06:25,537 - INFO - Finding expiry dates (with caching)...
2025-09-21 14:06:25,538 - INFO - System initialization completed (downloads in background)
2025-09-21 14:06:25,539 - INFO - Loaded settings from config/settings.json: {'child_default_lots': 1, 'default_sl_points': 20.0, 'default_target_points': 40.0}
2025-09-21 14:06:25,539 - INFO - Loaded settings: {'child_default_lots': 1, 'default_sl_points': 20.0, 'default_target_points': 40.0}
2025-09-21 14:06:25,703 - INFO - Loaded account states from account_states.csv
2025-09-21 14:06:25,704 - INFO - Account states initialized - CSV reset on startup
2025-09-21 14:06:25,866 - INFO - Loaded index prices from text files
2025-09-21 14:06:25,867 - INFO - Index prices are current, no refresh needed
2025-09-21 14:06:25,868 - INFO - Cleanup completed: 0 old master files deleted
2025-09-21 14:06:25,869 - INFO - Expiry dates already calculated today, loading from CSV
2025-09-21 14:06:25,869 - INFO - SENSEX - Current expiry: 25-Sep-2025
2025-09-21 14:06:25,869 - INFO - SENSEX - Next expiry: 01-Oct-2025
2025-09-21 14:06:26,056 - INFO - Generated fresh 2FA for account 1: 043319
2025-09-21 14:06:27,191 - INFO - PnL calculated for account 1 (active): 0.0
2025-09-21 14:06:27,192 - INFO - Master account initialized successfully: ROOPAL SONI
2025-09-21 14:06:27,325 - INFO - Price input box enabled - no active positions
2025-09-21 14:06:27,325 - INFO - UI states initialized successfully
2025-09-21 14:06:28,752 - INFO - Generated fresh 2FA for account 2: 184660
2025-09-21 14:06:29,216 - INFO - Account 2 order status reset to 'ready' on successful login
2025-09-21 14:06:29,221 - INFO - Updated Child (ID: 2) login status to '1': Account logged in successfully
2025-09-21 14:06:29,226 - INFO - Updated Child (ID: 2) order status to '1': Account ready for orders
2025-09-21 14:06:29,230 - INFO - Child account logged in - Order blocking reset
2025-09-21 14:06:29,745 - INFO - PnL calculated for account 2 (active): 0.0
2025-09-21 14:06:32,592 - INFO - Cleared option, strike, quantity, and price selections - no active orders
2025-09-21 14:06:32,593 - INFO - Fetching BANKNIFTY price from NSE with token 26009
2025-09-21 14:06:33,068 - INFO - Successfully fetched BANKNIFTY price: 55424.05
2025-09-21 14:06:33,069 - INFO - Index LTP for BANKNIFTY: 55424.05
2025-09-21 14:06:33,070 - INFO - Using cached BANKNIFTY price: 75000.0
2025-09-21 14:06:33,070 - INFO - Updated strikes for BANKNIFTY based on price 75000.0 and option None: [74300, 74400, 74500, 74600, 74700, 74800, 74900, 75000, 75100, 75200, 75300, 75400, 75500, 75600, 75700]
2025-09-21 14:06:33,071 - INFO - Updated quantity options for BANKNIFTY using default method: [15, 30, 45, 60, 75, 90, 105, 120, 135]
2025-09-21 14:06:35,248 - INFO - Fetching BANKNIFTY price from NSE with token 26009
2025-09-21 14:06:35,714 - INFO - Successfully fetched BANKNIFTY price: 55424.05
2025-09-21 14:06:35,714 - INFO - Index LTP for BANKNIFTY: 55424.05
2025-09-21 14:06:35,714 - INFO - Updated strikes for BANKNIFTY CE based on price 55424.05: [55200, 55300, 55400, 55500, 55600, 55700, 55800, 55900, 56000, 56100, 56200, 56300, 56400, 56500, 56600]
2025-09-21 14:06:38,233 - INFO - Getting token and lot size for trading symbol: BANKNIFTY30SEP25C55600
2025-09-21 14:06:38,237 - INFO - Found NFO token and lot size for BANKNIFTY30SEP25C55600: 55001, 35
2025-09-21 14:06:38,237 - INFO - Generated quantity options for lot size 35: ['35', '70', '105', '140', '175', '210', '245', '280', '315', '350']
2025-09-21 14:06:38,237 - INFO - Updated quantity options for BANKNIFTY30SEP25C55600 with lot size 35: ['35', '70', '105', '140', '175', '210', '245', '280', '315', '350']
2025-09-21 14:06:38,237 - INFO - Getting token for trading symbol: BANKNIFTY30SEP25C55600
2025-09-21 14:06:38,254 - INFO - Found NFO token for BANKNIFTY30SEP25C55600: 55001
2025-09-21 14:06:38,720 - INFO - Modify price fields cleared after auto-fetch
2025-09-21 14:06:38,720 - INFO - Getting token for trading symbol: BANKNIFTY30SEP25C55600
2025-09-21 14:06:38,730 - INFO - Found NFO token for BANKNIFTY30SEP25C55600: 55001
2025-09-21 14:06:38,731 - INFO - Subscribed to live price feed via master account: NFO|55001
2025-09-21 14:06:38,731 - INFO - Auto-subscribed to BANKNIFTY30SEP25C55600 at price 374.55
2025-09-21 14:06:41,375 - INFO - Using cached NIFTY price: 25000.0
2025-09-21 14:06:41,375 - INFO - Updated strikes for NIFTY CE based on price 25000.0: [24900, 24950, 25000, 25050, 25100, 25150, 25200, 25250, 25300, 25350, 25400, 25450, 25500, 25550, 25600]
2025-09-21 14:06:41,375 - INFO - Getting token and lot size for trading symbol: NIFTY23SEP25C55600
2025-09-21 14:06:41,394 - ERROR - No token found for NIFTY23SEP25C55600
2025-09-21 14:06:41,398 - INFO - Available NFO symbols (first 10): ['ZYDUSLIFE30SEP25P1360' 'ZYDUSLIFE30SEP25C1360' 'ZYDUSLIFE30SEP25P1320'
 'ZYDUSLIFE30SEP25C1320' 'ZYDUSLIFE30SEP25P1280' 'ZYDUSLIFE30SEP25C1280'
 'ZYDUSLIFE30SEP25P1260' 'ZYDUSLIFE30SEP25C1260' 'ZYDUSLIFE30SEP25P1240'
 'ZYDUSLIFE30SEP25C1240']
2025-09-21 14:06:41,410 - WARNING - Lot size not found for NIFTY23SEP25C55600, using default quantities
2025-09-21 14:06:41,412 - INFO - Cleared option, strike, quantity, and price selections - no active orders
2025-09-21 14:06:41,412 - INFO - Fetching NIFTY price from NSE with token 26000
2025-09-21 14:06:41,869 - INFO - Successfully fetched NIFTY price: 25774.05
2025-09-21 14:06:41,869 - INFO - Index LTP for NIFTY: 25774.05
2025-09-21 14:06:41,869 - INFO - Using cached NIFTY price: 25000.0
2025-09-21 14:06:41,869 - INFO - Updated strikes for NIFTY based on price 25000.0 and option None: [24650, 24700, 24750, 24800, 24850, 24900, 24950, 25000, 25050, 25100, 25150, 25200, 25250, 25300, 25350]
2025-09-21 14:06:41,869 - INFO - Updated quantity options for NIFTY using default method: [25, 50, 75, 100, 125, 150, 175, 200, 225]
2025-09-21 14:06:45,036 - INFO - Fetching NIFTY price from NSE with token 26000
2025-09-21 14:06:45,579 - INFO - Successfully fetched NIFTY price: 25774.05
2025-09-21 14:06:45,581 - INFO - Index LTP for NIFTY: 25774.05
2025-09-21 14:06:45,581 - INFO - Updated strikes for NIFTY CE based on price 25774.05: [25650, 25700, 25750, 25800, 25850, 25900, 25950, 26000, 26050, 26100, 26150, 26200, 26250, 26300, 26350]
2025-09-21 14:06:46,960 - INFO - Getting token and lot size for trading symbol: NIFTY23SEP25C25750
2025-09-21 14:06:46,964 - INFO - Found NFO token and lot size for NIFTY23SEP25C25750: 47797, 75
2025-09-21 14:06:46,965 - INFO - Generated quantity options for lot size 75: ['75', '150', '225', '300', '375', '450', '525', '600', '675', '750']
2025-09-21 14:06:46,965 - INFO - Updated quantity options for NIFTY23SEP25C25750 with lot size 75: ['75', '150', '225', '300', '375', '450', '525', '600', '675', '750']
2025-09-21 14:06:46,966 - INFO - Getting token for trading symbol: NIFTY23SEP25C25750
2025-09-21 14:06:46,970 - INFO - Found NFO token for NIFTY23SEP25C25750: 47797
2025-09-21 14:06:47,453 - INFO - Modify price fields cleared after auto-fetch
2025-09-21 14:06:47,454 - INFO - Getting token for trading symbol: NIFTY23SEP25C25750
2025-09-21 14:06:47,458 - INFO - Found NFO token for NIFTY23SEP25C25750: 47797
2025-09-21 14:06:47,458 - INFO - Unsubscribed from previous: NFO|55001
2025-09-21 14:06:47,459 - INFO - Subscribed to live price feed via master account: NFO|47797
2025-09-21 14:06:47,459 - INFO - Auto-subscribed to NIFTY23SEP25C25750 at price 150.0
2025-09-21 14:15:17,251 - INFO - Getting token and lot size for trading symbol: NIFTY23SEP25C25750
2025-09-21 14:15:17,265 - INFO - Found NFO token and lot size for NIFTY23SEP25C25750: 47797, 75
2025-09-21 14:15:17,266 - INFO - Generated quantity options for lot size 75: ['75', '150', '225', '300', '375', '450', '525', '600', '675', '750']
2025-09-21 14:15:17,267 - INFO - Updated quantity options for NIFTY23SEP25C25750 with lot size 75: ['75', '150', '225', '300', '375', '450', '525', '600', '675', '750']
2025-09-21 14:15:17,267 - INFO - Original buy price stored: 150.0
2025-09-21 14:15:17,268 - INFO - Getting token and lot size for trading symbol: NIFTY23SEP25C25750
2025-09-21 14:15:17,273 - INFO - Found NFO token and lot size for NIFTY23SEP25C25750: 47797, 75
2025-09-21 14:15:17,273 - INFO - Master quantity: 375 (selected: 375, lot size: 75)
2025-09-21 14:15:17,273 - INFO - Child quantity: 75 (lots: 1, lot size: 75)
2025-09-21 14:15:17,273 - INFO - Active accounts: [1, 2]
2025-09-21 14:15:17,273 - INFO - Placing buy orders for accounts: [1, 2]
2025-09-21 14:15:17,279 - INFO - Trading symbol: NIFTY23SEP25C25750, Price: 150.0
2025-09-21 14:15:17,279 - INFO - Quantities: [375, 75]
2025-09-21 14:15:17,280 - INFO - Account 1: API=True, Qty=375, Active=True
2025-09-21 14:15:17,281 - INFO - Placing order for account 1 with parameters: {'buy_or_sell': 'B', 'product_type': 'I', 'exchange': 'NFO', 'tradingsymbol': 'NIFTY23SEP25C25750', 'quantity': 375, 'discloseqty': 0, 'price_type': 'LMT', 'price': 150.0, 'trigger_price': None, 'retention': 'DAY', 'amo': 'NO', 'remarks': None}
2025-09-21 14:15:17,281 - INFO - Account 2: API=True, Qty=75, Active=True
2025-09-21 14:15:17,282 - INFO - API instance for account 1: True
2025-09-21 14:15:17,283 - INFO - Placing order for account 2 with parameters: {'buy_or_sell': 'B', 'product_type': 'I', 'exchange': 'NFO', 'tradingsymbol': 'NIFTY23SEP25C25750', 'quantity': 75, 'discloseqty': 0, 'price_type': 'LMT', 'price': 150.0, 'trigger_price': None, 'retention': 'DAY', 'amo': 'NO', 'remarks': None}
2025-09-21 14:15:17,286 - INFO - API instance for account 2: True
2025-09-21 14:15:17,967 - INFO - API response: {'request_time': '14:15:18 21-09-2025', 'stat': 'Ok', 'norenordno': '25092000007328'}
2025-09-21 14:15:17,968 - INFO - API response type: <class 'dict'>
2025-09-21 14:15:17,970 - INFO - New order received: 25092000007328
2025-09-21 14:15:17,971 - INFO - Buy order placed successfully: {'request_time': '14:15:18 21-09-2025', 'stat': 'Ok', 'norenordno': '25092000007328'}
2025-09-21 14:15:17,971 - INFO - Order status debug - status: 'PENDING', reporttype: 'NewAck', trantype: 'B', price: '150.00'
2025-09-21 14:15:17,992 - INFO - API response: {'request_time': '14:15:18 21-09-2025', 'stat': 'Ok', 'norenordno': '25092000007329'}
2025-09-21 14:15:17,992 - INFO - New order received: 25092000007329
2025-09-21 14:15:17,992 - INFO - Order data saved to orders.csv
2025-09-21 14:15:17,992 - INFO - Order status debug - status: 'PENDING', reporttype: 'NewAck', trantype: 'B', price: '150.00'
2025-09-21 14:15:18,000 - INFO - API response type: <class 'dict'>
2025-09-21 14:15:18,005 - INFO - Account 1 - B PENDING NewAck
2025-09-21 14:15:18,011 - INFO - Buy order placed successfully: {'request_time': '14:15:18 21-09-2025', 'stat': 'Ok', 'norenordno': '25092000007329'}
2025-09-21 14:15:18,012 - INFO - Order data saved to orders.csv
2025-09-21 14:15:18,015 - INFO - Account 2 - B PENDING NewAck
2025-09-21 14:15:18,021 - INFO - Auto SL/Target set - SL: 130.0, Target: 190.0 (Buy Open: 150.0)
2025-09-21 14:15:18,022 - INFO - Cross-account coordination started
2025-09-21 14:15:18,022 - INFO - Cross-account coordination started for buy orders
2025-09-21 14:15:18,023 - INFO - Buy button disabled to prevent duplicate orders
2025-09-21 14:15:18,024 - INFO - Price box grayed out after order placement
2025-09-21 14:15:18,026 - INFO - Cancel Buy and Modify Buy buttons enabled after buy orders placed
2025-09-21 14:15:18,026 - INFO - Sell Order button kept disabled until buy orders are completed
2025-09-21 14:15:18,027 - INFO - Master order status updated: Buy Order PENDING @ 150.00
2025-09-21 14:15:18,027 - INFO - Child order status updated: Buy Order PENDING @ 150.00
2025-09-21 14:15:18,033 - INFO - Updating order 25092000007328
2025-09-21 14:15:18,033 - INFO - Order status debug - status: 'REJECTED', reporttype: 'Rejected', trantype: 'B', price: '150.00'
2025-09-21 14:15:18,033 - INFO - Updating order 25092000007329
2025-09-21 14:15:18,033 - INFO - Order status debug - status: 'REJECTED', reporttype: 'Rejected', trantype: 'B', price: '150.00'
2025-09-21 14:15:18,033 - ERROR - Error processing order update for account 1: Must have equal len keys and value when setting with an iterable
2025-09-21 14:15:18,038 - WARNING - Buy order rejected for account 1 - Symbol: NIFTY23SEP25C25750, Reason: RED:'MIS' Orders are disallowed after system square off
2025-09-21 14:15:18,040 - ERROR - Error processing order update for account 2: Must have equal len keys and value when setting with an iterable
2025-09-21 14:15:18,041 - WARNING - Buy order rejected for account 2 - Symbol: NIFTY23SEP25C25750, Reason: RED:'MIS' Orders are disallowed after system square off
2025-09-21 14:15:18,051 - INFO - Updated Master (ID: 1) order status to '0': Buy order rejected: RED:'MIS' Orders are disallowed after system square off
2025-09-21 14:15:18,055 - ERROR - Error disabling trading buttons for account 1: 'MainWindow' object has no attribute 'login_button1'
2025-09-21 14:15:18,055 - INFO - Updated Child (ID: 2) order status to '0': Buy order rejected: RED:'MIS' Orders are disallowed after system square off
2025-09-21 14:15:18,056 - INFO - Master account blocked due to buy order rejection - no further orders allowed
2025-09-21 14:15:18,059 - INFO - Master order status updated: Order Rejected: RED:'MIS' Orders are disallowed after system square off
2025-09-21 14:15:18,059 - INFO - Child account trading buttons disabled due to order rejection (preserving logged-in state)
2025-09-21 14:15:18,059 - INFO - Child account blocked due to buy order rejection - no further orders allowed
2025-09-21 14:15:18,059 - INFO - Child order status updated: Order Rejected: RED:'MIS' Orders are disallowed after system square off
2025-09-21 14:15:18,585 - INFO - PnL calculated for account 1 (active): 0.0
2025-09-21 14:15:18,585 - INFO - Order state updated - Master: PENDING, Child: None
2025-09-21 14:15:18,586 - INFO - Modify Buy button enabled - orders are in modifiable state
2025-09-21 14:15:18,587 - INFO - Modify Exit button disabled - no exit orders in modifiable state
2025-09-21 14:15:18,587 - INFO - Checking coordination - Master: PENDING, Child: None
2025-09-21 14:15:18,602 - INFO - PnL calculated for account 2 (active): 0.0
2025-09-21 14:15:18,602 - INFO - Order state updated - Master: PENDING, Child: PENDING
2025-09-21 14:15:18,603 - INFO - Modify Buy button enabled - orders are in modifiable state
2025-09-21 14:15:18,604 - INFO - Modify Exit button disabled - no exit orders in modifiable state
2025-09-21 14:15:18,604 - INFO - Checking coordination - Master: PENDING, Child: PENDING
2025-09-21 14:15:25,942 - INFO - Order 25092000007328 cancelled successfully
2025-09-21 14:15:25,944 - INFO - Updating order 25092000007328
2025-09-21 14:15:25,946 - INFO - Order status debug - status: 'REJECTED', reporttype: 'CancelRejected', trantype: 'B', price: '150.00'
2025-09-21 14:15:25,950 - ERROR - Error processing order update for account 1: Must have equal len keys and value when setting with an iterable
2025-09-21 14:15:25,952 - WARNING - Buy order rejected for account 1 - Symbol: NIFTY23SEP25C25750, Reason: SAF:order is not open to cancel
2025-09-21 14:15:25,952 - INFO - Updated Master (ID: 1) order status to '0': Master buy order cancelled by user
2025-09-21 14:15:25,957 - WARNING - Master account blocked: Master buy order cancelled
2025-09-21 14:15:25,959 - INFO - Updated Master (ID: 1) order status to '0': Buy order rejected: SAF:order is not open to cancel
2025-09-21 14:15:25,960 - INFO - Master buy order cancelled successfully, price box re-enabled
2025-09-21 14:15:25,961 - ERROR - Error disabling trading buttons for account 1: 'MainWindow' object has no attribute 'login_button1'
2025-09-21 14:15:25,961 - INFO - Master account blocked due to buy order rejection - no further orders allowed
2025-09-21 14:15:25,965 - INFO - Master order status updated: Order Rejected: SAF:order is not open to cancel
2025-09-21 14:16:38,663 - INFO - Getting token and lot size for trading symbol: NIFTY23SEP25C25750
2025-09-21 14:16:38,673 - INFO - Found NFO token and lot size for NIFTY23SEP25C25750: 47797, 75
2025-09-21 14:16:38,673 - INFO - Generated quantity options for lot size 75: ['75', '150', '225', '300', '375', '450', '525', '600', '675', '750']
2025-09-21 14:16:38,673 - INFO - Updated quantity options for NIFTY23SEP25C25750 with lot size 75: ['75', '150', '225', '300', '375', '450', '525', '600', '675', '750']
2025-09-21 14:16:43,969 - INFO - Order 25092000007329 cancelled successfully
2025-09-21 14:16:43,972 - INFO - Updating order 25092000007329
2025-09-21 14:16:43,972 - INFO - Order status debug - status: 'REJECTED', reporttype: 'CancelRejected', trantype: 'B', price: '150.00'
2025-09-21 14:16:43,973 - ERROR - Error processing order update for account 2: Must have equal len keys and value when setting with an iterable
2025-09-21 14:16:43,974 - WARNING - Buy order rejected for account 2 - Symbol: NIFTY23SEP25C25750, Reason: SAF:order is not open to cancel
2025-09-21 14:16:43,974 - INFO - Updated Child (ID: 2) order status to '0': Child buy order cancelled by user
2025-09-21 14:16:43,974 - WARNING - Child account blocked: Child buy order cancelled
2025-09-21 14:16:43,974 - INFO - Updated Child (ID: 2) order status to '0': Buy order rejected: SAF:order is not open to cancel
2025-09-21 14:16:43,974 - INFO - Child buy order cancelled successfully, price box re-enabled
2025-09-21 14:16:43,974 - INFO - Child account trading buttons disabled due to order rejection (preserving logged-in state)
2025-09-21 14:16:43,974 - INFO - Child account blocked due to buy order rejection - no further orders allowed
2025-09-21 14:16:43,974 - INFO - Child order status updated: Order Rejected: SAF:order is not open to cancel
2025-09-21 14:21:58,099 - INFO - Starting master file download in background...
2025-09-21 14:21:58,107 - INFO - Finding expiry dates (with caching)...
2025-09-21 14:21:58,110 - INFO - System initialization completed (downloads in background)
2025-09-21 14:21:58,110 - INFO - Loaded settings from config/settings.json: {'child_default_lots': 1, 'default_sl_points': 20.0, 'default_target_points': 40.0}
2025-09-21 14:21:58,110 - INFO - Loaded settings: {'child_default_lots': 1, 'default_sl_points': 20.0, 'default_target_points': 40.0}
2025-09-21 14:21:58,254 - INFO - Loaded account states from account_states.csv
2025-09-21 14:21:58,258 - INFO - Updated Master (ID: 1) order status to '1': Account unblocked on startup
2025-09-21 14:21:58,259 - INFO - Account 1 unblocked on startup - ready for orders
2025-09-21 14:21:58,262 - INFO - Updated Child (ID: 2) order status to '1': Account unblocked on startup
2025-09-21 14:21:58,262 - INFO - Account 2 unblocked on startup - ready for orders
2025-09-21 14:21:58,262 - INFO - Account states initialized - CSV reset on startup
2025-09-21 14:21:58,435 - INFO - Loaded index prices from text files
2025-09-21 14:21:58,436 - INFO - Index prices are current, no refresh needed
2025-09-21 14:21:58,438 - INFO - Cleanup completed: 0 old master files deleted
2025-09-21 14:21:58,438 - INFO - Expiry dates already calculated today, loading from CSV
2025-09-21 14:21:58,439 - INFO - SENSEX - Current expiry: 25-Sep-2025
2025-09-21 14:21:58,439 - INFO - SENSEX - Next expiry: 01-Oct-2025
2025-09-21 14:21:58,651 - INFO - Generated fresh 2FA for account 1: 078640
2025-09-21 14:21:59,716 - INFO - PnL calculated for account 1 (active): 0.0
2025-09-21 14:21:59,716 - INFO - Master account initialized successfully: ROOPAL SONI
2025-09-21 14:21:59,834 - INFO - Price input box enabled - no active positions
2025-09-21 14:21:59,834 - INFO - UI states initialized successfully
2025-09-21 14:22:01,709 - INFO - Generated fresh 2FA for account 2: 255968
2025-09-21 14:22:02,183 - INFO - Account 2 order status reset to 'ready' on successful login
2025-09-21 14:22:02,183 - INFO - Updated Child (ID: 2) login status to '1': Account logged in successfully
2025-09-21 14:22:02,192 - INFO - Updated Child (ID: 2) order status to '1': Account ready for orders
2025-09-21 14:22:02,194 - INFO - Child account logged in - Order blocking reset
2025-09-21 14:22:02,695 - INFO - PnL calculated for account 2 (active): 0.0
2025-09-21 14:22:05,294 - INFO - Cleared option, strike, quantity, and price selections - no active orders
2025-09-21 14:22:05,295 - INFO - Fetching NIFTY price from NSE with token 26000
2025-09-21 14:22:05,772 - INFO - Successfully fetched NIFTY price: 25774.05
2025-09-21 14:22:05,772 - INFO - Index LTP for NIFTY: 25774.05
2025-09-21 14:22:05,772 - INFO - Using cached NIFTY price: 25000.0
2025-09-21 14:22:05,772 - INFO - Updated strikes for NIFTY based on price 25000.0 and option None: [24650, 24700, 24750, 24800, 24850, 24900, 24950, 25000, 25050, 25100, 25150, 25200, 25250, 25300, 25350]
2025-09-21 14:22:05,788 - INFO - Updated quantity options for NIFTY using default method: [25, 50, 75, 100, 125, 150, 175, 200, 225]
2025-09-21 14:22:08,002 - INFO - Fetching NIFTY price from NSE with token 26000
2025-09-21 14:22:08,474 - INFO - Successfully fetched NIFTY price: 25774.05
2025-09-21 14:22:08,474 - INFO - Index LTP for NIFTY: 25774.05
2025-09-21 14:22:08,474 - INFO - Updated strikes for NIFTY CE based on price 25774.05: [25650, 25700, 25750, 25800, 25850, 25900, 25950, 26000, 26050, 26100, 26150, 26200, 26250, 26300, 26350]
2025-09-21 14:22:09,787 - INFO - Getting token and lot size for trading symbol: NIFTY23SEP25C25800
2025-09-21 14:22:09,787 - INFO - Found NFO token and lot size for NIFTY23SEP25C25800: 47803, 75
2025-09-21 14:22:09,787 - INFO - Generated quantity options for lot size 75: ['75', '150', '225', '300', '375', '450', '525', '600', '675', '750']
2025-09-21 14:22:09,787 - INFO - Updated quantity options for NIFTY23SEP25C25800 with lot size 75: ['75', '150', '225', '300', '375', '450', '525', '600', '675', '750']
2025-09-21 14:22:09,787 - INFO - Getting token for trading symbol: NIFTY23SEP25C25800
2025-09-21 14:22:09,807 - INFO - Found NFO token for NIFTY23SEP25C25800: 47803
2025-09-21 14:22:10,276 - INFO - Modify price fields cleared after auto-fetch
2025-09-21 14:22:10,276 - INFO - Getting token for trading symbol: NIFTY23SEP25C25800
2025-09-21 14:22:10,283 - INFO - Found NFO token for NIFTY23SEP25C25800: 47803
2025-09-21 14:22:10,283 - INFO - Subscribed to live price feed via master account: NFO|47803
2025-09-21 14:22:10,283 - INFO - Auto-subscribed to NIFTY23SEP25C25800 at price 70.0
2025-09-21 14:22:13,663 - INFO - Getting token and lot size for trading symbol: NIFTY23SEP25C25800
2025-09-21 14:22:13,680 - INFO - Found NFO token and lot size for NIFTY23SEP25C25800: 47803, 75
2025-09-21 14:22:13,681 - INFO - Generated quantity options for lot size 75: ['75', '150', '225', '300', '375', '450', '525', '600', '675', '750']
2025-09-21 14:22:13,681 - INFO - Updated quantity options for NIFTY23SEP25C25800 with lot size 75: ['75', '150', '225', '300', '375', '450', '525', '600', '675', '750']
2025-09-21 14:22:13,681 - INFO - Original buy price stored: 70.0
2025-09-21 14:22:13,682 - INFO - Getting token and lot size for trading symbol: NIFTY23SEP25C25800
2025-09-21 14:22:13,688 - INFO - Found NFO token and lot size for NIFTY23SEP25C25800: 47803, 75
2025-09-21 14:22:13,690 - INFO - Master quantity: 450 (selected: 450, lot size: 75)
2025-09-21 14:22:13,690 - INFO - Child quantity: 75 (lots: 1, lot size: 75)
2025-09-21 14:22:13,690 - INFO - Active accounts: [1, 2]
2025-09-21 14:22:13,690 - INFO - Placing buy orders for accounts: [1, 2]
2025-09-21 14:22:13,691 - INFO - Trading symbol: NIFTY23SEP25C25800, Price: 70.0
2025-09-21 14:22:13,691 - INFO - Quantities: [450, 75]
2025-09-21 14:22:13,691 - INFO - Account 1: API=True, Qty=450, Active=True
2025-09-21 14:22:13,693 - INFO - Placing order for account 1 with parameters: {'buy_or_sell': 'B', 'product_type': 'I', 'exchange': 'NFO', 'tradingsymbol': 'NIFTY23SEP25C25800', 'quantity': 450, 'discloseqty': 0, 'price_type': 'LMT', 'price': 70.0, 'trigger_price': None, 'retention': 'DAY', 'amo': 'NO', 'remarks': None}
2025-09-21 14:22:13,693 - INFO - Account 2: API=True, Qty=75, Active=True
2025-09-21 14:22:13,693 - INFO - API instance for account 1: True
2025-09-21 14:22:13,695 - INFO - Placing order for account 2 with parameters: {'buy_or_sell': 'B', 'product_type': 'I', 'exchange': 'NFO', 'tradingsymbol': 'NIFTY23SEP25C25800', 'quantity': 75, 'discloseqty': 0, 'price_type': 'LMT', 'price': 70.0, 'trigger_price': None, 'retention': 'DAY', 'amo': 'NO', 'remarks': None}
2025-09-21 14:22:13,697 - INFO - API instance for account 2: True
2025-09-21 14:22:14,266 - INFO - API response: {'request_time': '14:22:14 21-09-2025', 'stat': 'Ok', 'norenordno': '25092000007333'}
2025-09-21 14:22:14,267 - INFO - New order received: 25092000007333
2025-09-21 14:22:14,268 - INFO - Order status debug - status: 'PENDING', reporttype: 'NewAck', trantype: 'B', price: '70.00'
2025-09-21 14:22:14,268 - INFO - API response type: <class 'dict'>
2025-09-21 14:22:14,276 - INFO - Buy order placed successfully: {'request_time': '14:22:14 21-09-2025', 'stat': 'Ok', 'norenordno': '25092000007333'}
2025-09-21 14:22:14,279 - INFO - API response: {'request_time': '14:22:14 21-09-2025', 'stat': 'Ok', 'norenordno': '25092000007334'}
2025-09-21 14:22:14,282 - INFO - Order data saved to orders.csv
2025-09-21 14:22:14,283 - INFO - New order received: 25092000007334
2025-09-21 14:22:14,283 - INFO - Order status debug - status: 'PENDING', reporttype: 'NewAck', trantype: 'B', price: '70.00'
2025-09-21 14:22:14,283 - INFO - API response type: <class 'dict'>
2025-09-21 14:22:14,284 - INFO - Account 2 - B PENDING NewAck
2025-09-21 14:22:14,287 - INFO - Buy order placed successfully: {'request_time': '14:22:14 21-09-2025', 'stat': 'Ok', 'norenordno': '25092000007334'}
2025-09-21 14:22:14,292 - INFO - Auto SL/Target set - SL: 50.0, Target: 110.0 (Buy Open: 70.0)
2025-09-21 14:22:14,292 - INFO - Order data saved to orders.csv
2025-09-21 14:22:14,293 - INFO - Cross-account coordination started
2025-09-21 14:22:14,293 - INFO - Account 1 - B PENDING NewAck
2025-09-21 14:22:14,294 - INFO - Cross-account coordination started for buy orders
2025-09-21 14:22:14,295 - INFO - Buy button disabled to prevent duplicate orders
2025-09-21 14:22:14,296 - INFO - Price box grayed out after order placement
2025-09-21 14:22:14,296 - INFO - Cancel Buy and Modify Buy buttons enabled after buy orders placed
2025-09-21 14:22:14,296 - INFO - Sell Order button kept disabled until buy orders are completed
2025-09-21 14:22:14,297 - INFO - Master order status updated: Buy Order PENDING @ 70.00
2025-09-21 14:22:14,297 - INFO - Child order status updated: Buy Order PENDING @ 70.00
2025-09-21 14:22:14,299 - INFO - Updating order 25092000007334
2025-09-21 14:22:14,299 - INFO - Order status debug - status: 'REJECTED', reporttype: 'Rejected', trantype: 'B', price: '70.00'
2025-09-21 14:22:14,300 - ERROR - Error processing order update for account 1: Must have equal len keys and value when setting with an iterable
2025-09-21 14:22:14,301 - WARNING - Buy order rejected for account 1 - Symbol: NIFTY23SEP25C25800, Reason: RED:'MIS' Orders are disallowed after system square off
2025-09-21 14:22:14,301 - INFO - Updating order 25092000007333
2025-09-21 14:22:14,302 - INFO - Order status debug - status: 'REJECTED', reporttype: 'Rejected', trantype: 'B', price: '70.00'
2025-09-21 14:22:14,308 - ERROR - Error processing order update for account 2: Must have equal len keys and value when setting with an iterable
2025-09-21 14:22:14,313 - WARNING - Buy order rejected for account 2 - Symbol: NIFTY23SEP25C25800, Reason: RED:'MIS' Orders are disallowed after system square off
2025-09-21 14:22:14,315 - INFO - Updated Master (ID: 1) order status to '0': Buy order rejected: RED:'MIS' Orders are disallowed after system square off
2025-09-21 14:22:14,318 - ERROR - Error disabling trading buttons for account 1: 'MainWindow' object has no attribute 'login_button1'
2025-09-21 14:22:14,320 - INFO - Master account blocked due to buy order rejection - no further orders allowed
2025-09-21 14:22:14,321 - INFO - Updated Child (ID: 2) order status to '0': Buy order rejected: RED:'MIS' Orders are disallowed after system square off
2025-09-21 14:22:14,321 - INFO - Master order status updated: Order Rejected: RED:'MIS' Orders are disallowed after system square off
2025-09-21 14:22:14,323 - INFO - Child account trading buttons disabled due to order rejection (preserving logged-in state)
2025-09-21 14:22:14,323 - INFO - Child account blocked due to buy order rejection - no further orders allowed
2025-09-21 14:22:14,324 - INFO - Child order status updated: Order Rejected: RED:'MIS' Orders are disallowed after system square off
2025-09-21 14:22:14,885 - INFO - PnL calculated for account 2 (active): 0.0
2025-09-21 14:22:14,885 - INFO - Order state updated - Master: None, Child: PENDING
2025-09-21 14:22:14,887 - INFO - PnL calculated for account 1 (active): 0.0
2025-09-21 14:22:14,887 - INFO - Order state updated - Master: PENDING, Child: PENDING
2025-09-21 14:22:14,888 - INFO - Modify Buy button enabled - orders are in modifiable state
2025-09-21 14:22:14,888 - INFO - Modify Buy button enabled - orders are in modifiable state
2025-09-21 14:22:14,888 - INFO - Modify Exit button disabled - no exit orders in modifiable state
2025-09-21 14:22:14,889 - INFO - Modify Exit button disabled - no exit orders in modifiable state
2025-09-21 14:22:14,889 - INFO - Checking coordination - Master: PENDING, Child: PENDING
2025-09-21 14:22:14,889 - INFO - Checking coordination - Master: PENDING, Child: PENDING
2025-09-21 14:22:48,368 - INFO - Order 25092000007334 cancelled successfully
2025-09-21 14:22:48,368 - INFO - Updating order 25092000007334
2025-09-21 14:22:48,370 - INFO - Order status debug - status: 'REJECTED', reporttype: 'CancelRejected', trantype: 'B', price: '70.00'
2025-09-21 14:22:48,372 - ERROR - Error processing order update for account 1: Must have equal len keys and value when setting with an iterable
2025-09-21 14:22:48,372 - WARNING - Buy order rejected for account 1 - Symbol: NIFTY23SEP25C25800, Reason: SAF:order is not open to cancel
2025-09-21 14:22:48,374 - INFO - Updated Master (ID: 1) order status to '0': Master buy order cancelled by user
2025-09-21 14:22:48,377 - WARNING - Master account blocked: Master buy order cancelled
2025-09-21 14:22:48,378 - INFO - Updated Master (ID: 1) order status to '0': Buy order rejected: SAF:order is not open to cancel
2025-09-21 14:22:48,379 - INFO - Master buy order cancelled successfully, price box re-enabled
2025-09-21 14:22:48,380 - ERROR - Error disabling trading buttons for account 1: 'MainWindow' object has no attribute 'login_button1'
2025-09-21 14:22:48,381 - INFO - Master account blocked due to buy order rejection - no further orders allowed
2025-09-21 14:22:48,383 - INFO - Master order status updated: Order Rejected: SAF:order is not open to cancel
2025-09-21 15:26:01,152 - INFO - Application interrupted by user
