2025-09-18 14:52:44,910 - INFO - Starting master file download in background...
2025-09-18 14:52:44,911 - INFO - Finding expiry dates (with caching)...
2025-09-18 14:52:45,033 - INFO - System initialization completed (downloads in background)
2025-09-18 14:52:45,033 - INFO - Showing configuration window...
2025-09-18 14:52:45,944 - INFO - Loaded settings from config/settings.json: {'child_default_lots': 1, 'default_sl_points': 20.0, 'default_target_points': 30.0}
2025-09-18 14:52:52,139 - INFO - Settings saved to config/settings.json: {'child_default_lots': 1, 'default_sl_points': 20.0, 'default_target_points': 40.0}
2025-09-18 14:52:52,141 - INFO - Configuration saved: {'child_default_lots': 1, 'default_sl_points': 20.0, 'default_target_points': 40.0}
2025-09-18 14:52:54,148 - INFO - Settings saved to config/settings.json: {'child_default_lots': 1, 'default_sl_points': 20.0, 'default_target_points': 40.0}
2025-09-18 14:52:54,148 - INFO - Configuration completed and proceeding: {'child_default_lots': 1, 'default_sl_points': 20.0, 'default_target_points': 40.0}
2025-09-18 14:52:54,247 - INFO - Configuration completed with settings: {'child_default_lots': 1, 'default_sl_points': 20.0, 'default_target_points': 40.0}
2025-09-18 14:52:54,783 - INFO - Generated fresh 2FA for account 1: 560805
2025-09-18 14:52:56,693 - INFO - PnL updated for account 1 (active): 800.0
2025-09-18 14:52:56,693 - INFO - Master account initialized successfully: MAYANK  CHOURASIA
2025-09-18 14:52:56,821 - INFO - Price input box enabled - no active positions
2025-09-18 14:52:56,821 - INFO - UI states initialized successfully
2025-09-18 14:52:58,459 - INFO - New order received: 25091800576492
2025-09-18 14:52:58,459 - INFO - Order status debug - status: 'PENDING', reporttype: 'ModAck', trantype: 'B', price: '174.00'
2025-09-18 14:52:58,468 - INFO - Master order status updated: Buy Order PENDING @ 174.00
2025-09-18 14:52:58,471 - INFO - Updating order 25091800576492
2025-09-18 14:52:58,473 - ERROR - Error processing order update for account 1: Must have equal len keys and value when setting with an iterable
2025-09-18 14:52:58,473 - INFO - Order status debug - status: 'PENDING', reporttype: 'PendingReplace', trantype: 'B', price: '174.00'
2025-09-18 14:52:58,474 - INFO - Master order status updated: Buy Order PENDING @ 174.00
2025-09-18 14:52:58,475 - INFO - Updating order 25091800576492
2025-09-18 14:52:58,475 - INFO - Order status debug - status: 'OPEN', reporttype: 'Replaced', trantype: 'B', price: '174.00'
2025-09-18 14:52:58,478 - ERROR - Error processing order update for account 1: Must have equal len keys and value when setting with an iterable
2025-09-18 14:52:58,479 - INFO - Master order status updated: Buy Order OPEN @ 174.00
2025-09-18 14:52:58,483 - INFO - Order data saved to orders.csv
2025-09-18 14:52:58,483 - INFO - Account 1 - B PENDING ModAck
2025-09-18 14:52:59,124 - INFO - PnL updated for account 1 (active): 800.0
2025-09-18 14:52:59,124 - INFO - Order state updated - Master: PENDING, Child: None
2025-09-18 14:53:00,155 - INFO - Generated fresh 2FA for account 2: 507585
2025-09-18 14:53:00,671 - INFO - Child account logged in - Order blocking reset
2025-09-18 14:53:01,208 - INFO - PnL updated for account 2 (active): 0.0
2025-09-18 14:53:05,862 - INFO - Updating order 25091800576492
2025-09-18 14:53:05,862 - INFO - Order status debug - status: 'PENDING', reporttype: 'PendingCancel', trantype: 'B', price: '174.00'
2025-09-18 14:53:05,863 - ERROR - Error processing order update for account 1: Must have equal len keys and value when setting with an iterable
2025-09-18 14:53:05,863 - INFO - Master order status updated: Buy Order PENDING @ 174.00
2025-09-18 14:53:05,865 - INFO - Updating order 25091800576492
2025-09-18 14:53:05,865 - INFO - Order status debug - status: 'CANCELED', reporttype: 'Canceled', trantype: 'B', price: '174.00'
2025-09-18 14:53:05,866 - ERROR - Error processing order update for account 1: Must have equal len keys and value when setting with an iterable
2025-09-18 14:53:05,867 - INFO - Master order status updated: Buy Order CANCELED @ 174.00
2025-09-18 14:53:12,538 - INFO - New order received: 25091800596530
2025-09-18 14:53:12,538 - INFO - Order status debug - status: 'PENDING', reporttype: 'NewAck', trantype: 'B', price: '88.00'
2025-09-18 14:53:12,543 - INFO - Master order status updated: Buy Order PENDING @ 88.00
2025-09-18 14:53:12,543 - INFO - Order data saved to orders.csv
2025-09-18 14:53:12,545 - INFO - Account 1 - B PENDING NewAck
2025-09-18 14:53:12,545 - INFO - Updating order 25091800596530
2025-09-18 14:53:12,545 - INFO - Order status debug - status: 'PENDING', reporttype: 'PendingNew', trantype: 'B', price: '88.00'
2025-09-18 14:53:12,548 - ERROR - Error processing order update for account 1: Must have equal len keys and value when setting with an iterable
2025-09-18 14:53:12,549 - INFO - Master order status updated: Buy Order PENDING @ 88.00
2025-09-18 14:53:12,551 - INFO - Updating order 25091800596530
2025-09-18 14:53:12,551 - INFO - Order status debug - status: 'OPEN', reporttype: 'New', trantype: 'B', price: '88.00'
2025-09-18 14:53:12,552 - ERROR - Error processing order update for account 1: Must have equal len keys and value when setting with an iterable
2025-09-18 14:53:12,552 - INFO - Master order status updated: Buy Order Open @ 88.00
2025-09-18 14:53:13,077 - INFO - PnL updated for account 1 (active): 800.0
2025-09-18 14:53:13,079 - INFO - Order state updated - Master: PENDING, Child: None
2025-09-18 14:53:43,078 - INFO - Updating order 25091800596530
2025-09-18 14:53:43,078 - INFO - Order status debug - status: 'PENDING', reporttype: 'ModAck', trantype: 'B', price: '77.00'
2025-09-18 14:53:43,080 - ERROR - Error processing order update for account 1: Must have equal len keys and value when setting with an iterable
2025-09-18 14:53:43,080 - INFO - Master order status updated: Buy Order PENDING @ 77.00
2025-09-18 14:53:43,081 - INFO - Updating order 25091800596530
2025-09-18 14:53:43,081 - INFO - Order status debug - status: 'PENDING', reporttype: 'PendingReplace', trantype: 'B', price: '77.00'
2025-09-18 14:53:43,083 - ERROR - Error processing order update for account 1: Must have equal len keys and value when setting with an iterable
2025-09-18 14:53:43,083 - INFO - Master order status updated: Buy Order PENDING @ 77.00
2025-09-18 14:53:43,085 - INFO - Updating order 25091800596530
2025-09-18 14:53:43,085 - INFO - Order status debug - status: 'OPEN', reporttype: 'Replaced', trantype: 'B', price: '77.00'
2025-09-18 14:53:43,086 - ERROR - Error processing order update for account 1: Must have equal len keys and value when setting with an iterable
2025-09-18 14:53:43,086 - INFO - Master order status updated: Buy Order OPEN @ 77.00
2025-09-18 14:54:11,824 - INFO - Updating order 25091800596530
2025-09-18 14:54:11,824 - INFO - Order status debug - status: 'PENDING', reporttype: 'PendingCancel', trantype: 'B', price: '77.00'
2025-09-18 14:54:11,826 - ERROR - Error processing order update for account 1: Must have equal len keys and value when setting with an iterable
2025-09-18 14:54:11,826 - INFO - Master order status updated: Buy Order PENDING @ 77.00
2025-09-18 14:54:11,828 - INFO - Updating order 25091800596530
2025-09-18 14:54:11,828 - INFO - Order status debug - status: 'CANCELED', reporttype: 'Canceled', trantype: 'B', price: '77.00'
2025-09-18 14:54:11,829 - ERROR - Error processing order update for account 1: Must have equal len keys and value when setting with an iterable
2025-09-18 14:54:11,830 - INFO - Master order status updated: Buy Order CANCELED @ 77.00
2025-09-18 14:54:41,868 - INFO - Cleared option and strike selections - no active orders
2025-09-18 14:54:42,447 - INFO - Fetched SENSEX price: 82865.75
2025-09-18 14:54:42,447 - INFO - Index LTP for SENSEX: 82865.75
2025-09-18 14:54:42,975 - INFO - Fetched SENSEX price: 82862.69
2025-09-18 14:54:42,975 - INFO - Updated strikes for SENSEX based on price 82862.69 and option None: [82200, 82300, 82400, 82500, 82600, 82700, 82800, 82900, 83000, 83100, 83200, 83300, 83400, 83500, 83600]
2025-09-18 14:54:47,330 - INFO - Fetched SENSEX price: 82868.58
2025-09-18 14:54:47,330 - INFO - Index LTP for SENSEX: 82868.58
2025-09-18 14:54:47,331 - INFO - Updated strikes for SENSEX CE based on price 82868.58: [82700, 82800, 82900, 83000, 83100, 83200, 83300, 83400, 83500, 83600, 83700, 83800, 83900, 84000, 84100]
2025-09-18 14:54:56,905 - INFO - Getting token and lot size for trading symbol: SENSEX2591882700CE
2025-09-18 14:54:56,910 - INFO - Found token and lot size for SENSEX2591882700CE: 862305, 20
2025-09-18 14:54:56,910 - INFO - Generated quantity options for lot size 20: ['20', '40', '60', '80', '100', '120', '140', '160', '180', '200']
2025-09-18 14:54:56,910 - INFO - Updated quantity options for SENSEX2591882700CE with lot size 20: ['20', '40', '60', '80', '100', '120', '140', '160', '180', '200']
2025-09-18 14:54:56,910 - INFO - Getting token for trading symbol: SENSEX2591882700CE
2025-09-18 14:54:56,913 - INFO - Found token for SENSEX2591882700CE: 862305
2025-09-18 14:54:57,407 - INFO - Modify price fields cleared after auto-fetch
2025-09-18 14:54:57,407 - INFO - Getting token for trading symbol: SENSEX2591882700CE
2025-09-18 14:54:57,410 - INFO - Found token for SENSEX2591882700CE: 862305
2025-09-18 14:54:57,410 - INFO - Subscribed to live price feed via master account: BFO|862305
2025-09-18 14:54:57,410 - INFO - Auto-subscribed to SENSEX2591882700CE at price 226.7
2025-09-18 14:55:47,671 - INFO - Getting token and lot size for trading symbol: SENSEX2591882700CE
2025-09-18 14:55:47,674 - INFO - Found token and lot size for SENSEX2591882700CE: 862305, 20
2025-09-18 14:55:47,674 - INFO - Generated quantity options for lot size 20: ['20', '40', '60', '80', '100', '120', '140', '160', '180', '200']
2025-09-18 14:55:47,675 - INFO - Updated quantity options for SENSEX2591882700CE with lot size 20: ['20', '40', '60', '80', '100', '120', '140', '160', '180', '200']
2025-09-18 14:55:47,675 - INFO - Original buy price stored: 177.0
2025-09-18 14:55:47,675 - INFO - Getting token and lot size for trading symbol: SENSEX2591882700CE
2025-09-18 14:55:47,678 - INFO - Found token and lot size for SENSEX2591882700CE: 862305, 20
2025-09-18 14:55:47,678 - INFO - Master quantity: 100 (selected: 100, lot size: 20)
2025-09-18 14:55:47,678 - INFO - Child quantity: 20 (lots: 1, lot size: 20)
2025-09-18 14:55:47,678 - INFO - Active accounts: [1, 2]
2025-09-18 14:55:47,679 - INFO - Placing buy orders for accounts: [1, 2]
2025-09-18 14:55:47,679 - INFO - Trading symbol: SENSEX2591882700CE, Price: 177.0
2025-09-18 14:55:47,679 - INFO - Quantities: [100, 20]
2025-09-18 14:55:47,679 - INFO - Account 1: API=True, Qty=100, Active=True
2025-09-18 14:55:47,680 - INFO - Placing order for account 1 with parameters: {'buy_or_sell': 'B', 'product_type': 'M', 'exchange': 'BFO', 'tradingsymbol': 'SENSEX2591882700CE', 'quantity': 100, 'discloseqty': 0, 'price_type': 'LMT', 'price': 177.0, 'trigger_price': None, 'retention': 'DAY', 'amo': 'NO', 'remarks': None}
2025-09-18 14:55:47,680 - INFO - Account 2: API=True, Qty=20, Active=True
2025-09-18 14:55:47,680 - INFO - API instance for account 1: True
2025-09-18 14:55:47,680 - INFO - Placing order for account 2 with parameters: {'buy_or_sell': 'B', 'product_type': 'M', 'exchange': 'BFO', 'tradingsymbol': 'SENSEX2591882700CE', 'quantity': 20, 'discloseqty': 0, 'price_type': 'LMT', 'price': 177.0, 'trigger_price': None, 'retention': 'DAY', 'amo': 'NO', 'remarks': None}
2025-09-18 14:55:47,682 - INFO - API instance for account 2: True
2025-09-18 14:55:48,365 - INFO - API response: {'request_time': '14:55:49 18-09-2025', 'stat': 'Ok', 'norenordno': '25091800605070'}
2025-09-18 14:55:48,365 - INFO - API response type: <class 'dict'>
2025-09-18 14:55:48,366 - INFO - Buy order placed successfully: {'request_time': '14:55:49 18-09-2025', 'stat': 'Ok', 'norenordno': '25091800605070'}
2025-09-18 14:55:48,387 - INFO - API response: {'request_time': '14:55:49 18-09-2025', 'stat': 'Ok', 'norenordno': '25091800605072'}
2025-09-18 14:55:48,388 - INFO - API response type: <class 'dict'>
2025-09-18 14:55:48,388 - INFO - Buy order placed successfully: {'request_time': '14:55:49 18-09-2025', 'stat': 'Ok', 'norenordno': '25091800605072'}
2025-09-18 14:55:48,389 - INFO - New order received: 25091800605072
2025-09-18 14:55:48,389 - INFO - Order status debug - status: 'PENDING', reporttype: 'NewAck', trantype: 'B', price: '177.00'
2025-09-18 14:55:48,391 - INFO - Auto SL/Target set - SL: 157.0, Target: 217.0 (Buy Open: 177.0)
2025-09-18 14:55:48,392 - INFO - Cross-account coordination started
2025-09-18 14:55:48,392 - INFO - Cross-account coordination started for buy orders
2025-09-18 14:55:48,394 - INFO - Buy button disabled to prevent duplicate orders
2025-09-18 14:55:48,394 - INFO - Order data saved to orders.csv
2025-09-18 14:55:48,395 - INFO - Price box grayed out after order placement
2025-09-18 14:55:48,395 - INFO - Account 2 - B PENDING NewAck
2025-09-18 14:55:48,396 - INFO - Cancel Buy and Modify Buy buttons enabled after buy orders placed
2025-09-18 14:55:48,397 - INFO - Exit button kept disabled until buy orders are completed
2025-09-18 14:55:48,397 - INFO - Child order status updated: Buy Order PENDING @ 177.00
2025-09-18 14:55:48,402 - INFO - New order received: 25091800605070
2025-09-18 14:55:48,403 - INFO - Order status debug - status: 'PENDING', reporttype: 'NewAck', trantype: 'B', price: '177.00'
2025-09-18 14:55:48,410 - INFO - Master order status updated: Buy Order PENDING @ 177.00
2025-09-18 14:55:48,411 - INFO - Order data saved to orders.csv
2025-09-18 14:55:48,411 - INFO - Updating order 25091800605072
2025-09-18 14:55:48,411 - INFO - Order status debug - status: 'PENDING', reporttype: 'PendingNew', trantype: 'B', price: '177.00'
2025-09-18 14:55:48,412 - INFO - Account 1 - B PENDING NewAck
2025-09-18 14:55:48,413 - ERROR - Error processing order update for account 2: Must have equal len keys and value when setting with an iterable
2025-09-18 14:55:48,414 - INFO - Updating order 25091800605070
2025-09-18 14:55:48,414 - INFO - Order status debug - status: 'PENDING', reporttype: 'PendingNew', trantype: 'B', price: '177.00'
2025-09-18 14:55:48,415 - INFO - Child order status updated: Buy Order PENDING @ 177.00
2025-09-18 14:55:48,416 - ERROR - Error processing order update for account 1: Must have equal len keys and value when setting with an iterable
2025-09-18 14:55:48,417 - INFO - Master order status updated: Buy Order PENDING @ 177.00
2025-09-18 14:55:48,419 - INFO - Updating order 25091800605072
2025-09-18 14:55:48,420 - INFO - Order status debug - status: 'OPEN', reporttype: 'New', trantype: 'B', price: '177.00'
2025-09-18 14:55:48,423 - ERROR - Error processing order update for account 2: Must have equal len keys and value when setting with an iterable
2025-09-18 14:55:48,426 - INFO - Child order status updated: Buy Order Open @ 177.00
2025-09-18 14:55:48,427 - INFO - Updating order 25091800605070
2025-09-18 14:55:48,427 - INFO - Order status debug - status: 'OPEN', reporttype: 'New', trantype: 'B', price: '177.00'
2025-09-18 14:55:48,429 - ERROR - Error processing order update for account 1: Must have equal len keys and value when setting with an iterable
2025-09-18 14:55:48,431 - INFO - Master order status updated: Buy Order Open @ 177.00
2025-09-18 14:55:49,037 - INFO - PnL updated for account 2 (active): 0.0
2025-09-18 14:55:49,038 - INFO - Order state updated - Master: None, Child: PENDING
2025-09-18 14:55:49,038 - INFO - Checking coordination - Master: None, Child: PENDING
2025-09-18 14:55:49,093 - INFO - PnL updated for account 1 (active): 800.0
2025-09-18 14:55:49,094 - INFO - Order state updated - Master: PENDING, Child: PENDING
2025-09-18 14:55:49,094 - INFO - Checking coordination - Master: PENDING, Child: PENDING
2025-09-18 14:57:56,088 - INFO - Getting token and lot size for trading symbol: SENSEX2591882700CE
2025-09-18 14:57:56,092 - INFO - Found token and lot size for SENSEX2591882700CE: 862305, 20
2025-09-18 14:57:56,092 - INFO - Generated quantity options for lot size 20: ['20', '40', '60', '80', '100', '120', '140', '160', '180', '200']
2025-09-18 14:57:56,093 - INFO - Updated quantity options for SENSEX2591882700CE with lot size 20: ['20', '40', '60', '80', '100', '120', '140', '160', '180', '200']
2025-09-18 14:57:56,093 - INFO - Getting token and lot size for trading symbol: SENSEX2591882700CE
2025-09-18 14:57:56,096 - INFO - Found token and lot size for SENSEX2591882700CE: 862305, 20
2025-09-18 14:57:56,096 - INFO - Master quantity: 100 (selected: 100, lot size: 20)
2025-09-18 14:57:56,096 - INFO - Child quantity: 20 (lots: 1, lot size: 20)
2025-09-18 14:57:56,097 - INFO - Active accounts for modify buy orders: [1, 2]
2025-09-18 14:57:56,097 - INFO - Modifying order 25091800605070 for account 1 with quantity 100 and price 176.0
2025-09-18 14:57:56,098 - INFO - Modifying order 25091800605072 for account 2 with quantity 20 and price 176.0
2025-09-18 14:57:57,232 - INFO - Order 25091800605072 modified successfully
2025-09-18 14:57:57,234 - INFO - Order 25091800605070 modified successfully
2025-09-18 14:57:57,236 - INFO - Updating order 25091800605072
2025-09-18 14:57:57,237 - INFO - Order status debug - status: 'PENDING', reporttype: 'ModAck', trantype: 'B', price: '176.00'
2025-09-18 14:57:57,241 - ERROR - Error processing order update for account 2: Must have equal len keys and value when setting with an iterable
2025-09-18 14:57:57,247 - INFO - Auto SL/Target set - SL: 156.0, Target: 216.0 (Buy Open: 176.0)
2025-09-18 14:57:57,248 - INFO - Original buy price updated to: 176.0
2025-09-18 14:57:57,249 - INFO - Modify Buy box cleared after successful modification
2025-09-18 14:57:57,251 - INFO - Child order status updated: Buy Order PENDING @ 176.00
2025-09-18 14:57:57,256 - INFO - Updating order 25091800605070
2025-09-18 14:57:57,257 - INFO - Order status debug - status: 'PENDING', reporttype: 'ModAck', trantype: 'B', price: '176.00'
2025-09-18 14:57:57,259 - INFO - Updating order 25091800605072
2025-09-18 14:57:57,259 - INFO - Order status debug - status: 'PENDING', reporttype: 'PendingReplace', trantype: 'B', price: '176.00'
2025-09-18 14:57:57,263 - ERROR - Error processing order update for account 1: Must have equal len keys and value when setting with an iterable
2025-09-18 14:57:57,270 - ERROR - Error processing order update for account 2: Must have equal len keys and value when setting with an iterable
2025-09-18 14:57:57,276 - INFO - Master order status updated: Buy Order PENDING @ 176.00
2025-09-18 14:57:57,278 - INFO - Child order status updated: Buy Order PENDING @ 176.00
2025-09-18 14:57:57,283 - INFO - Updating order 25091800605070
2025-09-18 14:57:57,284 - INFO - Updating order 25091800605072
2025-09-18 14:57:57,285 - INFO - Order status debug - status: 'OPEN', reporttype: 'Replaced', trantype: 'B', price: '176.00'
2025-09-18 14:57:57,287 - ERROR - Error processing order update for account 1: Must have equal len keys and value when setting with an iterable
2025-09-18 14:57:57,288 - INFO - Order status debug - status: 'PENDING', reporttype: 'PendingReplace', trantype: 'B', price: '176.00'
2025-09-18 14:57:57,294 - ERROR - Error processing order update for account 2: Must have equal len keys and value when setting with an iterable
2025-09-18 14:57:57,295 - INFO - Child order status updated: Buy Order OPEN @ 176.00
2025-09-18 14:57:57,297 - INFO - Master order status updated: Buy Order PENDING @ 176.00
2025-09-18 14:57:57,299 - INFO - Updating order 25091800605070
2025-09-18 14:57:57,299 - INFO - Order status debug - status: 'OPEN', reporttype: 'Replaced', trantype: 'B', price: '176.00'
2025-09-18 14:57:57,301 - ERROR - Error processing order update for account 1: Must have equal len keys and value when setting with an iterable
2025-09-18 14:57:57,301 - INFO - Master order status updated: Buy Order OPEN @ 176.00
2025-09-18 14:59:30,216 - INFO - Getting token and lot size for trading symbol: SENSEX2591882700CE
2025-09-18 14:59:30,222 - INFO - Found token and lot size for SENSEX2591882700CE: 862305, 20
2025-09-18 14:59:30,223 - INFO - Generated quantity options for lot size 20: ['20', '40', '60', '80', '100', '120', '140', '160', '180', '200']
2025-09-18 14:59:30,224 - INFO - Updated quantity options for SENSEX2591882700CE with lot size 20: ['20', '40', '60', '80', '100', '120', '140', '160', '180', '200']
2025-09-18 14:59:30,225 - INFO - Getting token and lot size for trading symbol: SENSEX2591882700CE
2025-09-18 14:59:30,233 - INFO - Found token and lot size for SENSEX2591882700CE: 862305, 20
2025-09-18 14:59:30,233 - INFO - Master quantity: 100 (selected: 100, lot size: 20)
2025-09-18 14:59:30,234 - INFO - Child quantity: 20 (lots: 1, lot size: 20)
2025-09-18 14:59:30,235 - INFO - Active accounts for modify buy orders: [1, 2]
2025-09-18 14:59:30,235 - INFO - Modifying order 25091800605070 for account 1 with quantity 100 and price 155.0
2025-09-18 14:59:30,237 - INFO - Modifying order 25091800605072 for account 2 with quantity 20 and price 155.0
2025-09-18 14:59:30,912 - INFO - Order 25091800605070 modified successfully
2025-09-18 14:59:30,912 - INFO - Order 25091800605072 modified successfully
2025-09-18 14:59:30,912 - INFO - Auto SL/Target set - SL: 135.0, Target: 195.0 (Buy Open: 155.0)
2025-09-18 14:59:30,912 - INFO - Updating order 25091800605072
2025-09-18 14:59:30,912 - INFO - Original buy price updated to: 155.0
2025-09-18 14:59:30,912 - INFO - Order status debug - status: 'PENDING', reporttype: 'ModAck', trantype: 'B', price: '155.00'
2025-09-18 14:59:30,929 - ERROR - Error processing order update for account 2: Must have equal len keys and value when setting with an iterable
2025-09-18 14:59:30,930 - INFO - Modify Buy box cleared after successful modification
2025-09-18 14:59:30,931 - INFO - Child order status updated: Buy Order PENDING @ 155.00
2025-09-18 14:59:30,933 - INFO - Updating order 25091800605072
2025-09-18 14:59:30,935 - INFO - Order status debug - status: 'PENDING', reporttype: 'PendingReplace', trantype: 'B', price: '155.00'
2025-09-18 14:59:30,938 - ERROR - Error processing order update for account 2: Must have equal len keys and value when setting with an iterable
2025-09-18 14:59:30,944 - INFO - Updating order 25091800605070
2025-09-18 14:59:30,944 - INFO - Order status debug - status: 'PENDING', reporttype: 'ModAck', trantype: 'B', price: '155.00'
2025-09-18 14:59:30,949 - ERROR - Error processing order update for account 1: Must have equal len keys and value when setting with an iterable
2025-09-18 14:59:30,957 - INFO - Child order status updated: Buy Order PENDING @ 155.00
2025-09-18 14:59:30,958 - INFO - Master order status updated: Buy Order PENDING @ 155.00
2025-09-18 14:59:30,963 - INFO - Updating order 25091800605072
2025-09-18 14:59:30,964 - INFO - Order status debug - status: 'OPEN', reporttype: 'Replaced', trantype: 'B', price: '155.00'
2025-09-18 14:59:30,966 - INFO - Updating order 25091800605070
2025-09-18 14:59:30,970 - ERROR - Error processing order update for account 2: Must have equal len keys and value when setting with an iterable
2025-09-18 14:59:30,971 - INFO - Order status debug - status: 'PENDING', reporttype: 'PendingReplace', trantype: 'B', price: '155.00'
2025-09-18 14:59:30,975 - ERROR - Error processing order update for account 1: Must have equal len keys and value when setting with an iterable
2025-09-18 14:59:30,977 - INFO - Child order status updated: Buy Order OPEN @ 155.00
2025-09-18 14:59:30,979 - INFO - Master order status updated: Buy Order PENDING @ 155.00
2025-09-18 14:59:30,983 - INFO - Updating order 25091800605070
2025-09-18 14:59:30,984 - INFO - Order status debug - status: 'OPEN', reporttype: 'Replaced', trantype: 'B', price: '155.00'
2025-09-18 14:59:30,988 - ERROR - Error processing order update for account 1: Must have equal len keys and value when setting with an iterable
2025-09-18 14:59:30,989 - INFO - Master order status updated: Buy Order OPEN @ 155.00
2025-09-18 15:01:12,307 - INFO - Getting token and lot size for trading symbol: SENSEX2591882700CE
2025-09-18 15:01:12,312 - INFO - Found token and lot size for SENSEX2591882700CE: 862305, 20
2025-09-18 15:01:12,313 - INFO - Generated quantity options for lot size 20: ['20', '40', '60', '80', '100', '120', '140', '160', '180', '200']
2025-09-18 15:01:12,314 - INFO - Updated quantity options for SENSEX2591882700CE with lot size 20: ['20', '40', '60', '80', '100', '120', '140', '160', '180', '200']
2025-09-18 15:01:12,315 - INFO - Getting token and lot size for trading symbol: SENSEX2591882700CE
2025-09-18 15:01:12,321 - INFO - Found token and lot size for SENSEX2591882700CE: 862305, 20
2025-09-18 15:01:12,322 - INFO - Master quantity: 100 (selected: 100, lot size: 20)
2025-09-18 15:01:12,322 - INFO - Child quantity: 20 (lots: 1, lot size: 20)
2025-09-18 15:01:12,323 - INFO - Active accounts for modify buy orders: [1, 2]
2025-09-18 15:01:12,323 - INFO - Modifying order 25091800605070 for account 1 with quantity 100 and price 200.0
2025-09-18 15:01:12,326 - INFO - Modifying order 25091800605072 for account 2 with quantity 20 and price 200.0
2025-09-18 15:01:13,200 - INFO - Order 25091800605070 modified successfully
2025-09-18 15:01:13,265 - INFO - Order 25091800605072 modified successfully
2025-09-18 15:01:13,266 - INFO - Updating order 25091800605072
2025-09-18 15:01:13,267 - INFO - Order status debug - status: 'PENDING', reporttype: 'ModAck', trantype: 'B', price: '200.00'
2025-09-18 15:01:13,268 - ERROR - Error processing order update for account 2: Must have equal len keys and value when setting with an iterable
2025-09-18 15:01:13,269 - INFO - Auto SL/Target set - SL: 180.0, Target: 240.0 (Buy Open: 200.0)
2025-09-18 15:01:13,270 - INFO - Original buy price updated to: 200.0
2025-09-18 15:01:13,270 - INFO - Modify Buy box cleared after successful modification
2025-09-18 15:01:13,271 - INFO - Child order status updated: Buy Order PENDING @ 200.00
2025-09-18 15:01:13,273 - INFO - Updating order 25091800605072
2025-09-18 15:01:13,273 - INFO - Order status debug - status: 'PENDING', reporttype: 'PendingReplace', trantype: 'B', price: '200.00'
2025-09-18 15:01:13,277 - ERROR - Error processing order update for account 2: Must have equal len keys and value when setting with an iterable
2025-09-18 15:01:13,278 - INFO - Updating order 25091800605070
2025-09-18 15:01:13,278 - INFO - Order status debug - status: 'PENDING', reporttype: 'ModAck', trantype: 'B', price: '200.00'
2025-09-18 15:01:13,281 - ERROR - Error processing order update for account 1: Must have equal len keys and value when setting with an iterable
2025-09-18 15:01:13,281 - INFO - Child order status updated: Buy Order PENDING @ 200.00
2025-09-18 15:01:13,282 - INFO - Master order status updated: Buy Order PENDING @ 200.00
2025-09-18 15:01:13,286 - INFO - Updating order 25091800605072
2025-09-18 15:01:13,287 - INFO - Order status debug - status: 'OPEN', reporttype: 'Replaced', trantype: 'B', price: '200.00'
2025-09-18 15:01:13,292 - ERROR - Error processing order update for account 2: Must have equal len keys and value when setting with an iterable
2025-09-18 15:01:13,293 - INFO - Updating order 25091800605070
2025-09-18 15:01:13,294 - INFO - Order status debug - status: 'PENDING', reporttype: 'PendingReplace', trantype: 'B', price: '200.00'
2025-09-18 15:01:13,295 - INFO - Child order status updated: Buy Order OPEN @ 200.00
2025-09-18 15:01:13,302 - ERROR - Error processing order update for account 1: Must have equal len keys and value when setting with an iterable
2025-09-18 15:01:13,303 - INFO - Master order status updated: Buy Order PENDING @ 200.00
2025-09-18 15:01:13,305 - INFO - Updating order 25091800605070
2025-09-18 15:01:13,306 - INFO - Order status debug - status: 'OPEN', reporttype: 'Replaced', trantype: 'B', price: '200.00'
2025-09-18 15:01:13,309 - ERROR - Error processing order update for account 1: Must have equal len keys and value when setting with an iterable
2025-09-18 15:01:13,310 - INFO - Master order status updated: Buy Order OPEN @ 200.00
2025-09-18 15:01:33,725 - INFO - SL price ready for modification: 185
2025-09-18 15:01:34,614 - INFO - SL difference updated: -15.0 points from buy price
2025-09-18 15:01:34,614 - INFO - SL price confirmed: 185.0 (monitoring will start after buy order is filled)
2025-09-18 15:01:46,739 - INFO - Target price ready for modification: 235
2025-09-18 15:01:47,051 - INFO - Target difference updated: 35.0 points from buy price
2025-09-18 15:01:47,051 - INFO - Target price confirmed: 235.0 (monitoring will start after buy order is filled)
2025-09-18 15:03:46,412 - INFO - Getting token and lot size for trading symbol: SENSEX2591882800CE
2025-09-18 15:03:46,428 - INFO - Found token and lot size for SENSEX2591882800CE: 862176, 20
2025-09-18 15:03:46,428 - INFO - Generated quantity options for lot size 20: ['20', '40', '60', '80', '100', '120', '140', '160', '180', '200']
2025-09-18 15:03:46,429 - INFO - Updated quantity options for SENSEX2591882800CE with lot size 20: ['20', '40', '60', '80', '100', '120', '140', '160', '180', '200']
2025-09-18 15:03:46,429 - INFO - Getting token for trading symbol: SENSEX2591882800CE
2025-09-18 15:03:46,437 - INFO - Found token for SENSEX2591882800CE: 862176
2025-09-18 15:03:47,045 - INFO - Modify price fields cleared after auto-fetch
2025-09-18 15:03:47,045 - INFO - Getting token for trading symbol: SENSEX2591882800CE
2025-09-18 15:03:47,045 - INFO - Found token for SENSEX2591882800CE: 862176
2025-09-18 15:03:47,045 - INFO - Unsubscribed from previous: BFO|862305
2025-09-18 15:03:47,045 - INFO - Subscribed to live price feed via master account: BFO|862176
2025-09-18 15:03:47,045 - INFO - Auto-subscribed to SENSEX2591882800CE at price 178.9
2025-09-18 15:03:59,317 - INFO - Updating order 25091800605072
2025-09-18 15:03:59,319 - INFO - Order 25091800605072 cancelled successfully
2025-09-18 15:03:59,319 - INFO - Order status debug - status: 'PENDING', reporttype: 'PendingCancel', trantype: 'B', price: '200.00'
2025-09-18 15:03:59,326 - ERROR - Error processing order update for account 2: Must have equal len keys and value when setting with an iterable
2025-09-18 15:03:59,327 - INFO - Order 25091800605070 cancelled successfully
2025-09-18 15:03:59,329 - INFO - Buy button and price box re-enabled after cancelling buy orders
2025-09-18 15:03:59,330 - INFO - SL and Target monitoring reset and fields cleared
2025-09-18 15:03:59,330 - INFO - Child order status updated: Buy Order PENDING @ 200.00
2025-09-18 15:03:59,330 - INFO - Updating order 25091800605072
2025-09-18 15:03:59,330 - INFO - Order status debug - status: 'CANCELED', reporttype: 'Canceled', trantype: 'B', price: '200.00'
2025-09-18 15:03:59,335 - ERROR - Error processing order update for account 2: Must have equal len keys and value when setting with an iterable
2025-09-18 15:03:59,336 - INFO - Updating order 25091800605070
2025-09-18 15:03:59,336 - INFO - Order status debug - status: 'PENDING', reporttype: 'PendingCancel', trantype: 'B', price: '200.00'
2025-09-18 15:03:59,337 - ERROR - Error processing order update for account 1: Must have equal len keys and value when setting with an iterable
2025-09-18 15:03:59,342 - INFO - Child order status updated: Buy Order CANCELED @ 200.00
2025-09-18 15:03:59,342 - INFO - Master order status updated: Buy Order PENDING @ 200.00
2025-09-18 15:03:59,344 - INFO - Updating order 25091800605070
2025-09-18 15:03:59,345 - INFO - Order status debug - status: 'CANCELED', reporttype: 'Canceled', trantype: 'B', price: '200.00'
2025-09-18 15:03:59,347 - ERROR - Error processing order update for account 1: Must have equal len keys and value when setting with an iterable
2025-09-18 15:03:59,348 - INFO - Master order status updated: Buy Order CANCELED @ 200.00
2025-09-18 15:04:18,247 - INFO - Getting token and lot size for trading symbol: SENSEX2591882800CE
2025-09-18 15:04:18,251 - INFO - Found token and lot size for SENSEX2591882800CE: 862176, 20
2025-09-18 15:04:18,252 - INFO - Generated quantity options for lot size 20: ['20', '40', '60', '80', '100', '120', '140', '160', '180', '200']
2025-09-18 15:04:18,252 - INFO - Updated quantity options for SENSEX2591882800CE with lot size 20: ['20', '40', '60', '80', '100', '120', '140', '160', '180', '200']
2025-09-18 15:04:18,253 - INFO - Original buy price stored: 188.0
2025-09-18 15:04:18,253 - INFO - Getting token and lot size for trading symbol: SENSEX2591882800CE
2025-09-18 15:04:18,258 - INFO - Found token and lot size for SENSEX2591882800CE: 862176, 20
2025-09-18 15:04:18,258 - INFO - Master quantity: 20 (selected: 20, lot size: 20)
2025-09-18 15:04:18,259 - INFO - Child quantity: 20 (lots: 1, lot size: 20)
2025-09-18 15:04:18,259 - INFO - Active accounts: [1, 2]
2025-09-18 15:04:18,259 - INFO - Placing buy orders for accounts: [1, 2]
2025-09-18 15:04:18,260 - INFO - Trading symbol: SENSEX2591882800CE, Price: 188.0
2025-09-18 15:04:18,260 - INFO - Quantities: [20, 20]
2025-09-18 15:04:18,261 - INFO - Account 1: API=True, Qty=20, Active=True
2025-09-18 15:04:18,262 - INFO - Placing order for account 1 with parameters: {'buy_or_sell': 'B', 'product_type': 'M', 'exchange': 'BFO', 'tradingsymbol': 'SENSEX2591882800CE', 'quantity': 20, 'discloseqty': 0, 'price_type': 'LMT', 'price': 188.0, 'trigger_price': None, 'retention': 'DAY', 'amo': 'NO', 'remarks': None}
2025-09-18 15:04:18,264 - INFO - Account 2: API=True, Qty=20, Active=True
2025-09-18 15:04:18,265 - INFO - API instance for account 1: True
2025-09-18 15:04:18,267 - INFO - Placing order for account 2 with parameters: {'buy_or_sell': 'B', 'product_type': 'M', 'exchange': 'BFO', 'tradingsymbol': 'SENSEX2591882800CE', 'quantity': 20, 'discloseqty': 0, 'price_type': 'LMT', 'price': 188.0, 'trigger_price': None, 'retention': 'DAY', 'amo': 'NO', 'remarks': None}
2025-09-18 15:04:18,268 - INFO - API instance for account 2: True
2025-09-18 15:04:18,969 - INFO - API response: {'request_time': '15:04:20 18-09-2025', 'stat': 'Ok', 'norenordno': '25091800629615'}
2025-09-18 15:04:18,969 - INFO - API response type: <class 'dict'>
2025-09-18 15:04:18,969 - INFO - Buy order placed successfully: {'request_time': '15:04:20 18-09-2025', 'stat': 'Ok', 'norenordno': '25091800629615'}
2025-09-18 15:04:18,994 - INFO - API response: {'request_time': '15:04:20 18-09-2025', 'stat': 'Ok', 'norenordno': '25091800629616'}
2025-09-18 15:04:18,996 - INFO - New order received: 25091800629616
2025-09-18 15:04:18,996 - INFO - Order status debug - status: 'PENDING', reporttype: 'NewAck', trantype: 'B', price: '188.00'
2025-09-18 15:04:18,997 - INFO - API response type: <class 'dict'>
2025-09-18 15:04:19,009 - INFO - Buy order placed successfully: {'request_time': '15:04:20 18-09-2025', 'stat': 'Ok', 'norenordno': '25091800629616'}
2025-09-18 15:04:19,018 - INFO - Auto SL/Target set - SL: 168.0, Target: 228.0 (Buy Open: 188.0)
2025-09-18 15:04:19,018 - INFO - Order data saved to orders.csv
2025-09-18 15:04:19,018 - INFO - Cross-account coordination started
2025-09-18 15:04:19,019 - INFO - Account 2 - B PENDING NewAck
2025-09-18 15:04:19,020 - INFO - Cross-account coordination started for buy orders
2025-09-18 15:04:19,029 - INFO - Buy button disabled to prevent duplicate orders
2025-09-18 15:04:19,033 - INFO - Price box grayed out after order placement
2025-09-18 15:04:19,034 - INFO - Cancel Buy and Modify Buy buttons enabled after buy orders placed
2025-09-18 15:04:19,034 - INFO - Exit button kept disabled until buy orders are completed
2025-09-18 15:04:19,035 - INFO - Child order status updated: Buy Order PENDING @ 188.00
2025-09-18 15:04:19,038 - INFO - Updating order 25091800629616
2025-09-18 15:04:19,038 - INFO - Order status debug - status: 'PENDING', reporttype: 'PendingNew', trantype: 'B', price: '188.00'
2025-09-18 15:04:19,045 - ERROR - Error processing order update for account 2: Must have equal len keys and value when setting with an iterable
2025-09-18 15:04:19,074 - INFO - Child order status updated: Buy Order PENDING @ 188.00
2025-09-18 15:04:19,078 - INFO - New order received: 25091800629615
2025-09-18 15:04:19,079 - INFO - Order status debug - status: 'PENDING', reporttype: 'NewAck', trantype: 'B', price: '188.00'
2025-09-18 15:04:19,086 - INFO - Updating order 25091800629616
2025-09-18 15:04:19,086 - INFO - Order status debug - status: 'OPEN', reporttype: 'New', trantype: 'B', price: '188.00'
2025-09-18 15:04:19,092 - ERROR - Error processing order update for account 2: Must have equal len keys and value when setting with an iterable
2025-09-18 15:04:19,092 - INFO - Master order status updated: Buy Order PENDING @ 188.00
2025-09-18 15:04:19,093 - INFO - Order data saved to orders.csv
2025-09-18 15:04:19,094 - INFO - Child order status updated: Buy Order Open @ 188.00
2025-09-18 15:04:19,096 - INFO - Account 1 - B PENDING NewAck
2025-09-18 15:04:19,104 - INFO - Updating order 25091800629615
2025-09-18 15:04:19,104 - INFO - Order status debug - status: 'PENDING', reporttype: 'PendingNew', trantype: 'B', price: '188.00'
2025-09-18 15:04:19,106 - ERROR - Error processing order update for account 1: Must have equal len keys and value when setting with an iterable
2025-09-18 15:04:19,111 - INFO - Master order status updated: Buy Order PENDING @ 188.00
2025-09-18 15:04:19,114 - INFO - Updating order 25091800629615
2025-09-18 15:04:19,116 - ERROR - Error processing order update for account 1: Must have equal len keys and value when setting with an iterable
2025-09-18 15:04:19,116 - INFO - Order status debug - status: 'OPEN', reporttype: 'New', trantype: 'B', price: '188.00'
2025-09-18 15:04:19,118 - INFO - Master order status updated: Buy Order Open @ 188.00
2025-09-18 15:04:19,745 - INFO - PnL updated for account 2 (active): 0.0
2025-09-18 15:04:19,747 - INFO - Order state updated - Master: None, Child: PENDING
2025-09-18 15:04:19,749 - INFO - Checking coordination - Master: None, Child: PENDING
2025-09-18 15:04:19,788 - INFO - PnL updated for account 1 (active): 800.0
2025-09-18 15:04:19,788 - INFO - Order state updated - Master: PENDING, Child: PENDING
2025-09-18 15:04:19,789 - INFO - Checking coordination - Master: PENDING, Child: PENDING
2025-09-18 15:04:24,177 - INFO - SL price ready for modification: 168.0
2025-09-18 15:04:29,755 - INFO - SL difference updated: -10.0 points from buy price
2025-09-18 15:04:29,757 - INFO - SL price confirmed: 178.0 (monitoring will start after buy order is filled)
2025-09-18 15:04:58,778 - INFO - Getting token and lot size for trading symbol: SENSEX2591882800CE
2025-09-18 15:04:58,778 - INFO - Found token and lot size for SENSEX2591882800CE: 862176, 20
2025-09-18 15:04:58,778 - INFO - Generated quantity options for lot size 20: ['20', '40', '60', '80', '100', '120', '140', '160', '180', '200']
2025-09-18 15:04:58,778 - INFO - Updated quantity options for SENSEX2591882800CE with lot size 20: ['20', '40', '60', '80', '100', '120', '140', '160', '180', '200']
2025-09-18 15:05:08,525 - INFO - Getting token and lot size for trading symbol: SENSEX2591882800CE
2025-09-18 15:05:08,528 - INFO - Found token and lot size for SENSEX2591882800CE: 862176, 20
2025-09-18 15:05:08,529 - INFO - Generated quantity options for lot size 20: ['20', '40', '60', '80', '100', '120', '140', '160', '180', '200']
2025-09-18 15:05:08,529 - INFO - Updated quantity options for SENSEX2591882800CE with lot size 20: ['20', '40', '60', '80', '100', '120', '140', '160', '180', '200']
2025-09-18 15:05:08,530 - INFO - Getting token and lot size for trading symbol: SENSEX2591882800CE
2025-09-18 15:05:08,534 - INFO - Found token and lot size for SENSEX2591882800CE: 862176, 20
2025-09-18 15:05:08,535 - INFO - Master quantity: 20 (selected: 20, lot size: 20)
2025-09-18 15:05:08,535 - INFO - Child quantity: 20 (lots: 1, lot size: 20)
2025-09-18 15:05:08,536 - INFO - Active accounts for modify buy orders: [1, 2]
2025-09-18 15:05:08,536 - INFO - Modifying order 25091800629615 for account 1 with quantity 20 and price 211.0
2025-09-18 15:05:08,538 - INFO - Modifying order 25091800629616 for account 2 with quantity 20 and price 211.0
2025-09-18 15:05:09,231 - INFO - Order 25091800629615 modified successfully
2025-09-18 15:05:09,263 - INFO - Order 25091800629616 modified successfully
2025-09-18 15:05:09,265 - INFO - Updating order 25091800629616
2025-09-18 15:05:09,266 - INFO - Order status debug - status: 'PENDING', reporttype: 'ModAck', trantype: 'B', price: '211.00'
2025-09-18 15:05:09,269 - ERROR - Error processing order update for account 2: Must have equal len keys and value when setting with an iterable
2025-09-18 15:05:09,270 - INFO - Auto SL/Target set - SL: 201.0, Target: 251.0 (Buy Open: 211.0)
2025-09-18 15:05:09,271 - INFO - Original buy price updated to: 211.0
2025-09-18 15:05:09,273 - INFO - Modify Buy box cleared after successful modification
2025-09-18 15:05:09,278 - INFO - Child order status updated: Buy Order PENDING @ 211.00
2025-09-18 15:05:09,284 - INFO - Updating order 25091800629616
2025-09-18 15:05:09,285 - INFO - Order status debug - status: 'PENDING', reporttype: 'PendingReplace', trantype: 'B', price: '211.00'
2025-09-18 15:05:09,290 - ERROR - Error processing order update for account 2: Must have equal len keys and value when setting with an iterable
2025-09-18 15:05:09,320 - INFO - Child order status updated: Buy Order PENDING @ 211.00
2025-09-18 15:05:09,323 - INFO - Updating order 25091800629615
2025-09-18 15:05:09,323 - INFO - Order status debug - status: 'PENDING', reporttype: 'ModAck', trantype: 'B', price: '211.00'
2025-09-18 15:05:09,325 - ERROR - Error processing order update for account 1: Must have equal len keys and value when setting with an iterable
2025-09-18 15:05:09,327 - INFO - Updating order 25091800629616
2025-09-18 15:05:09,327 - INFO - Order status debug - status: 'OPEN', reporttype: 'Replaced', trantype: 'B', price: '211.00'
2025-09-18 15:05:09,329 - ERROR - Error processing order update for account 2: Must have equal len keys and value when setting with an iterable
2025-09-18 15:05:09,330 - INFO - Master order status updated: Buy Order PENDING @ 211.00
2025-09-18 15:05:09,331 - INFO - Child order status updated: Buy Order OPEN @ 211.00
2025-09-18 15:05:09,332 - INFO - Updating order 25091800629615
2025-09-18 15:05:09,332 - INFO - Order status debug - status: 'PENDING', reporttype: 'PendingReplace', trantype: 'B', price: '211.00'
2025-09-18 15:05:09,334 - ERROR - Error processing order update for account 1: Must have equal len keys and value when setting with an iterable
2025-09-18 15:05:09,336 - INFO - Master order status updated: Buy Order PENDING @ 211.00
2025-09-18 15:05:09,340 - INFO - Updating order 25091800629615
2025-09-18 15:05:09,341 - INFO - Order status debug - status: 'OPEN', reporttype: 'Replaced', trantype: 'B', price: '211.00'
2025-09-18 15:05:09,347 - ERROR - Error processing order update for account 1: Must have equal len keys and value when setting with an iterable
2025-09-18 15:05:09,352 - INFO - Master order status updated: Buy Order OPEN @ 211.00
2025-09-18 15:05:16,542 - INFO - SL price ready for modification: 207
2025-09-18 15:05:17,089 - INFO - SL difference updated: -4.0 points from buy price
2025-09-18 15:05:17,091 - INFO - SL price confirmed: 207.0 (monitoring will start after buy order is filled)
2025-09-18 15:05:39,438 - INFO - Updating order 25091800629615
2025-09-18 15:05:39,438 - INFO - Order status debug - status: 'COMPLETE', reporttype: 'Fill', trantype: 'B', price: '211.00'
2025-09-18 15:05:39,438 - INFO - Updating order 25091800629616
2025-09-18 15:05:39,439 - INFO - Order status debug - status: 'COMPLETE', reporttype: 'Fill', trantype: 'B', price: '211.00'
2025-09-18 15:05:39,440 - ERROR - Error processing order update for account 1: Must have equal len keys and value when setting with an iterable
2025-09-18 15:05:39,440 - INFO - Buy order completed for account 1: SENSEX2591882800CE @ 211.0
2025-09-18 15:05:39,442 - ERROR - Error processing order update for account 2: Must have equal len keys and value when setting with an iterable
2025-09-18 15:05:39,443 - INFO - Buy order completed for account 2: SENSEX2591882800CE @ 211.0
2025-09-18 15:05:39,445 - INFO - SL monitoring activated at 207.0
2025-09-18 15:05:39,446 - INFO - SL monitoring started at: 207.0
2025-09-18 15:05:39,448 - INFO - SL monitoring activated at 207.0
2025-09-18 15:05:39,448 - INFO - Target monitoring activated at 251.0
2025-09-18 15:05:39,448 - INFO - SL monitoring started at: 207.0
2025-09-18 15:05:39,449 - INFO - Target monitoring started at: 251.0
2025-09-18 15:05:39,450 - INFO - Target monitoring activated at 251.0
2025-09-18 15:05:39,451 - INFO - Target monitoring started at: 251.0
2025-09-18 15:05:39,454 - INFO - Exit buttons enabled after buy order completion
2025-09-18 15:05:39,454 - INFO - Position tracked for account 1: SENSEX2591882800CE @ 211.0, Qty: 20
2025-09-18 15:05:39,455 - INFO - Exit buttons enabled after buy order completion
2025-09-18 15:05:39,455 - INFO - Position tracked for account 2: SENSEX2591882800CE @ 211.0, Qty: 20
2025-09-18 15:05:39,457 - INFO - Price input box disabled - active position detected
2025-09-18 15:05:39,460 - INFO - Price input box disabled - active position detected
2025-09-18 15:05:40,321 - INFO - PnL updated for account 1 (active): 748.0
2025-09-18 15:05:40,328 - INFO - Master order status updated: Buy Order Complete @ 211.00
2025-09-18 15:05:40,333 - INFO - PnL updated for account 2 (active): -52.0
2025-09-18 15:05:40,336 - INFO - Child order status updated: Buy Order Complete @ 211.00
2025-09-18 15:05:41,070 - WARNING - SL BREACHED! Current: 206.25, SL: 207.0
2025-09-18 15:05:41,070 - INFO - Executing SL exit at limit price. Current: 206.25
2025-09-18 15:05:41,070 - INFO - SL monitoring stopped
2025-09-18 15:05:41,070 - INFO - Target monitoring stopped
2025-09-18 15:05:41,082 - INFO - Getting token and lot size for trading symbol: SENSEX2591882800CE
2025-09-18 15:05:41,088 - INFO - Found token and lot size for SENSEX2591882800CE: 862176, 20
2025-09-18 15:05:41,088 - INFO - Generated quantity options for lot size 20: ['20', '40', '60', '80', '100', '120', '140', '160', '180', '200']
2025-09-18 15:05:41,089 - INFO - Updated quantity options for SENSEX2591882800CE with lot size 20: ['20', '40', '60', '80', '100', '120', '140', '160', '180', '200']
2025-09-18 15:05:41,669 - ERROR - Error checking accounts with open positions: 'list' object has no attribute 'get'
2025-09-18 15:05:41,670 - INFO - Position status before exit: [1, 2]
2025-09-18 15:05:41,670 - INFO - Getting token and lot size for trading symbol: SENSEX2591882800CE
2025-09-18 15:05:41,674 - INFO - Found token and lot size for SENSEX2591882800CE: 862176, 20
2025-09-18 15:05:41,675 - INFO - Master quantity: 20 (selected: 20, lot size: 20)
2025-09-18 15:05:41,675 - INFO - Child quantity: 20 (lots: 1, lot size: 20)
2025-09-18 15:05:42,218 - ERROR - Error checking accounts with open positions: 'list' object has no attribute 'get'
2025-09-18 15:05:42,219 - INFO - Accounts with open positions for exit: [1, 2]
2025-09-18 15:05:42,219 - INFO - Placing exit orders for accounts: [1, 2]
2025-09-18 15:05:42,220 - INFO - Trading symbol: SENSEX2591882800CE, Price: 206.25
2025-09-18 15:05:42,220 - INFO - Quantities: [20, 20]
2025-09-18 15:05:42,904 - INFO - Exit order placed successfully: {'request_time': '15:05:44 18-09-2025', 'stat': 'Ok', 'norenordno': '25091800634459'}
2025-09-18 15:05:42,906 - INFO - New order received: 25091800634459
2025-09-18 15:05:42,907 - INFO - Order status debug - status: 'PENDING', reporttype: 'NewAck', trantype: 'S', price: '0.00'
2025-09-18 15:05:42,919 - INFO - Child order status updated: Sell Order PENDING @ 0.00
2025-09-18 15:05:42,925 - INFO - Exit order placed successfully: {'request_time': '15:05:44 18-09-2025', 'stat': 'Ok', 'norenordno': '25091800634461'}
2025-09-18 15:05:42,929 - INFO - Order data saved to orders.csv
2025-09-18 15:05:42,931 - INFO - Account 2 - S PENDING NewAck
2025-09-18 15:05:42,933 - INFO - Updating order 25091800634459
2025-09-18 15:05:42,933 - INFO - Order status debug - status: 'PENDING', reporttype: 'PendingNew', trantype: 'S', price: '0.00'
2025-09-18 15:05:42,939 - ERROR - Error processing order update for account 2: Must have equal len keys and value when setting with an iterable
2025-09-18 15:05:42,945 - INFO - Child order status updated: Sell Order PENDING @ 0.00
2025-09-18 15:05:42,952 - INFO - Exit button disabled to prevent duplicate orders
2025-09-18 15:05:42,954 - INFO - Updating order 25091800634459
2025-09-18 15:05:42,955 - INFO - Order status debug - status: 'COMPLETE', reporttype: 'Fill', trantype: 'S', price: '0.00'
2025-09-18 15:05:42,956 - INFO - Cancel Exit and Modify Exit buttons enabled after exit orders placed
2025-09-18 15:05:42,962 - ERROR - Error processing order update for account 2: Must have equal len keys and value when setting with an iterable
2025-09-18 15:05:42,963 - INFO - Sell order completed for account 2: SENSEX2591882800CE @ 0.0
2025-09-18 15:05:42,969 - INFO - SL and Target monitoring reset and fields cleared
2025-09-18 15:05:42,971 - INFO - SL and Target monitoring reset after sell order completion
2025-09-18 15:05:42,972 - INFO - Position cleared for account 2 after sell completion
2025-09-18 15:05:42,979 - INFO - Price input box disabled - active position detected
2025-09-18 15:05:42,993 - INFO - New order received: 25091800634461
2025-09-18 15:05:42,994 - INFO - Order status debug - status: 'PENDING', reporttype: 'NewAck', trantype: 'S', price: '0.00'
2025-09-18 15:05:43,000 - INFO - Master order status updated: Sell Order PENDING @ 0.00
2025-09-18 15:05:43,006 - INFO - Updating order 25091800634461
2025-09-18 15:05:43,007 - INFO - Order status debug - status: 'PENDING', reporttype: 'PendingNew', trantype: 'S', price: '0.00'
2025-09-18 15:05:43,007 - INFO - Order data saved to orders.csv
2025-09-18 15:05:43,010 - ERROR - Error processing order update for account 1: Must have equal len keys and value when setting with an iterable
2025-09-18 15:05:43,012 - INFO - Account 1 - S PENDING NewAck
2025-09-18 15:05:43,012 - INFO - Master order status updated: Sell Order PENDING @ 0.00
2025-09-18 15:05:43,017 - INFO - Updating order 25091800634461
2025-09-18 15:05:43,017 - INFO - Order status debug - status: 'COMPLETE', reporttype: 'Fill', trantype: 'S', price: '0.00'
2025-09-18 15:05:43,021 - ERROR - Error processing order update for account 1: Must have equal len keys and value when setting with an iterable
2025-09-18 15:05:43,022 - INFO - Sell order completed for account 1: SENSEX2591882800CE @ 0.0
2025-09-18 15:05:43,023 - INFO - SL and Target monitoring reset and fields cleared
2025-09-18 15:05:43,024 - INFO - SL and Target monitoring reset after sell order completion
2025-09-18 15:05:43,026 - INFO - Position cleared for account 1 after sell completion
2025-09-18 15:05:43,032 - INFO - Price input box enabled - no active positions
2025-09-18 15:05:43,999 - INFO - PnL updated for account 2 (active): 2.0
2025-09-18 15:05:44,001 - INFO - Order state updated - Master: PENDING, Child: PENDING
2025-09-18 15:05:44,003 - INFO - PnL updated for account 2 (active): 2.0
2025-09-18 15:05:44,003 - INFO - Checking coordination - Master: PENDING, Child: PENDING
2025-09-18 15:05:44,004 - INFO - Master sell complete check: False (status: Sell Order PENDING @ 0.00)
2025-09-18 15:05:44,008 - INFO - Child sell complete check: False (status: Sell Order PENDING @ 0.00)
2025-09-18 15:05:44,009 - INFO - Child order status updated: Sell Order Complete @ 0.00
2025-09-18 15:05:44,031 - INFO - PnL updated for account 1 (active): 804.0
2025-09-18 15:05:44,032 - INFO - Master sell complete check: False (status: Sell Order PENDING @ 0.00)
2025-09-18 15:05:44,033 - INFO - Child sell complete check: True (status: Sell Order Complete @ 0.00)
2025-09-18 15:05:44,038 - INFO - Master order status updated: Sell Order Complete @ 0.00
2025-09-18 15:05:44,038 - INFO - PnL updated for account 1 (active): 804.0
2025-09-18 15:05:44,041 - INFO - Order state updated - Master: PENDING, Child: PENDING
2025-09-18 15:05:44,042 - INFO - Checking coordination - Master: PENDING, Child: PENDING
2025-09-18 15:06:41,004 - INFO - Order 25091800629616 cancelled successfully
2025-09-18 15:06:41,004 - INFO - Order 25091800629615 cancelled successfully
2025-09-18 15:06:41,004 - INFO - Updating order 25091800629616
2025-09-18 15:06:41,004 - INFO - Order status debug - status: 'COMPLETE', reporttype: 'CancelRejected', trantype: 'B', price: '211.00'
2025-09-18 15:06:41,012 - ERROR - Error processing order update for account 2: Must have equal len keys and value when setting with an iterable
2025-09-18 15:06:41,013 - INFO - Buy order completed for account 2: SENSEX2591882800CE @ 211.0
2025-09-18 15:06:41,014 - INFO - Buy button and price box re-enabled after cancelling buy orders
2025-09-18 15:06:41,015 - INFO - SL and Target monitoring reset and fields cleared
2025-09-18 15:06:41,020 - INFO - Updating order 25091800629615
2025-09-18 15:06:41,021 - INFO - Order status debug - status: 'COMPLETE', reporttype: 'CancelRejected', trantype: 'B', price: '211.00'
2025-09-18 15:06:41,026 - ERROR - Error processing order update for account 1: Must have equal len keys and value when setting with an iterable
2025-09-18 15:06:41,027 - INFO - Buy order completed for account 1: SENSEX2591882800CE @ 211.0
2025-09-18 15:06:41,049 - INFO - Exit buttons enabled after buy order completion
2025-09-18 15:06:41,050 - INFO - Position tracked for account 2: SENSEX2591882800CE @ 211.0, Qty: 20
2025-09-18 15:06:41,059 - INFO - Price input box disabled - active position detected
2025-09-18 15:06:41,062 - INFO - Exit buttons enabled after buy order completion
2025-09-18 15:06:41,064 - INFO - Position tracked for account 1: SENSEX2591882800CE @ 211.0, Qty: 20
2025-09-18 15:06:41,069 - INFO - Price input box disabled - active position detected
2025-09-18 15:06:41,814 - INFO - PnL updated for account 2 (active): 2.0
2025-09-18 15:06:41,819 - INFO - Child order status updated: Buy Order Complete @ 211.00
2025-09-18 15:06:41,833 - INFO - PnL updated for account 1 (active): 804.0
2025-09-18 15:06:41,837 - INFO - Master order status updated: Buy Order Complete @ 211.00
2025-09-18 15:06:42,662 - INFO - Price box re-enabled for new orders
2025-09-18 15:06:42,664 - INFO - Buttons released - ready for new orders
2025-09-18 15:07:56,200 - INFO - Getting token and lot size for trading symbol: SENSEX2591882800CE
2025-09-18 15:07:56,208 - INFO - Found token and lot size for SENSEX2591882800CE: 862176, 20
2025-09-18 15:07:56,208 - INFO - Generated quantity options for lot size 20: ['20', '40', '60', '80', '100', '120', '140', '160', '180', '200']
2025-09-18 15:07:56,209 - INFO - Updated quantity options for SENSEX2591882800CE with lot size 20: ['20', '40', '60', '80', '100', '120', '140', '160', '180', '200']
2025-09-18 15:07:56,210 - INFO - Original buy price stored: 222.0
2025-09-18 15:07:56,210 - INFO - Getting token and lot size for trading symbol: SENSEX2591882800CE
2025-09-18 15:07:56,216 - INFO - Found token and lot size for SENSEX2591882800CE: 862176, 20
2025-09-18 15:07:56,217 - INFO - Master quantity: 20 (selected: 20, lot size: 20)
2025-09-18 15:07:56,217 - INFO - Child quantity: 20 (lots: 1, lot size: 20)
2025-09-18 15:07:56,219 - INFO - Active accounts: [1, 2]
2025-09-18 15:07:56,220 - INFO - Placing buy orders for accounts: [1, 2]
2025-09-18 15:07:56,221 - INFO - Trading symbol: SENSEX2591882800CE, Price: 222.0
2025-09-18 15:07:56,222 - INFO - Quantities: [20, 20]
2025-09-18 15:07:56,222 - INFO - Account 1: API=True, Qty=20, Active=True
2025-09-18 15:07:56,224 - INFO - Placing order for account 1 with parameters: {'buy_or_sell': 'B', 'product_type': 'M', 'exchange': 'BFO', 'tradingsymbol': 'SENSEX2591882800CE', 'quantity': 20, 'discloseqty': 0, 'price_type': 'LMT', 'price': 222.0, 'trigger_price': None, 'retention': 'DAY', 'amo': 'NO', 'remarks': None}
2025-09-18 15:07:56,224 - INFO - Account 2: API=True, Qty=20, Active=True
2025-09-18 15:07:56,225 - INFO - API instance for account 1: True
2025-09-18 15:07:56,227 - INFO - Placing order for account 2 with parameters: {'buy_or_sell': 'B', 'product_type': 'M', 'exchange': 'BFO', 'tradingsymbol': 'SENSEX2591882800CE', 'quantity': 20, 'discloseqty': 0, 'price_type': 'LMT', 'price': 222.0, 'trigger_price': None, 'retention': 'DAY', 'amo': 'NO', 'remarks': None}
2025-09-18 15:07:56,232 - INFO - API instance for account 2: True
2025-09-18 15:07:57,149 - INFO - API response: {'request_time': '15:07:58 18-09-2025', 'stat': 'Ok', 'norenordno': '25091800640633'}
2025-09-18 15:07:57,161 - INFO - API response: {'request_time': '15:07:58 18-09-2025', 'stat': 'Ok', 'norenordno': '25091800640634'}
2025-09-18 15:07:57,164 - INFO - New order received: 25091800640634
2025-09-18 15:07:57,164 - INFO - Order status debug - status: 'PENDING', reporttype: 'NewAck', trantype: 'B', price: '222.00'
2025-09-18 15:07:57,176 - INFO - API response type: <class 'dict'>
2025-09-18 15:07:57,176 - INFO - API response type: <class 'dict'>
2025-09-18 15:07:57,187 - INFO - Buy order placed successfully: {'request_time': '15:07:58 18-09-2025', 'stat': 'Ok', 'norenordno': '25091800640633'}
2025-09-18 15:07:57,188 - INFO - Buy order placed successfully: {'request_time': '15:07:58 18-09-2025', 'stat': 'Ok', 'norenordno': '25091800640634'}
2025-09-18 15:07:57,199 - INFO - Order data saved to orders.csv
2025-09-18 15:07:57,201 - INFO - Auto SL/Target set - SL: 202.0, Target: 262.0 (Buy Open: 222.0)
2025-09-18 15:07:57,201 - INFO - Account 2 - B PENDING NewAck
2025-09-18 15:07:57,203 - INFO - Cross-account coordination started
2025-09-18 15:07:57,207 - INFO - Cross-account coordination started for buy orders
2025-09-18 15:07:57,211 - INFO - Buy button disabled to prevent duplicate orders
2025-09-18 15:07:57,212 - INFO - Price box grayed out after order placement
2025-09-18 15:07:57,213 - INFO - Cancel Buy and Modify Buy buttons enabled after buy orders placed
2025-09-18 15:07:57,214 - INFO - Exit button kept disabled until buy orders are completed
2025-09-18 15:07:57,217 - INFO - Child order status updated: Buy Order PENDING @ 222.00
2025-09-18 15:07:57,223 - INFO - Updating order 25091800640634
2025-09-18 15:07:57,223 - INFO - Order status debug - status: 'PENDING', reporttype: 'PendingNew', trantype: 'B', price: '222.00'
2025-09-18 15:07:57,227 - ERROR - Error processing order update for account 2: Must have equal len keys and value when setting with an iterable
2025-09-18 15:07:57,242 - INFO - Child order status updated: Buy Order PENDING @ 222.00
2025-09-18 15:07:57,244 - INFO - Updating order 25091800640634
2025-09-18 15:07:57,244 - INFO - Order status debug - status: 'OPEN', reporttype: 'New', trantype: 'B', price: '222.00'
2025-09-18 15:07:57,246 - ERROR - Error processing order update for account 2: Must have equal len keys and value when setting with an iterable
2025-09-18 15:07:57,248 - INFO - New order received: 25091800640633
2025-09-18 15:07:57,248 - INFO - Order status debug - status: 'PENDING', reporttype: 'NewAck', trantype: 'B', price: '222.00'
2025-09-18 15:07:57,257 - INFO - Child order status updated: Buy Order Open @ 222.00
2025-09-18 15:07:57,259 - INFO - Master order status updated: Buy Order PENDING @ 222.00
2025-09-18 15:07:57,267 - INFO - Order data saved to orders.csv
2025-09-18 15:07:57,269 - INFO - Account 1 - B PENDING NewAck
2025-09-18 15:07:57,269 - INFO - Updating order 25091800640633
2025-09-18 15:07:57,269 - INFO - Order status debug - status: 'PENDING', reporttype: 'PendingNew', trantype: 'B', price: '222.00'
2025-09-18 15:07:57,279 - ERROR - Error processing order update for account 1: Must have equal len keys and value when setting with an iterable
2025-09-18 15:07:57,288 - INFO - Master order status updated: Buy Order PENDING @ 222.00
2025-09-18 15:07:57,291 - INFO - Updating order 25091800640633
2025-09-18 15:07:57,291 - INFO - Order status debug - status: 'OPEN', reporttype: 'New', trantype: 'B', price: '222.00'
2025-09-18 15:07:57,296 - ERROR - Error processing order update for account 1: Must have equal len keys and value when setting with an iterable
2025-09-18 15:07:57,297 - INFO - Master order status updated: Buy Order Open @ 222.00
2025-09-18 15:07:58,569 - INFO - PnL updated for account 2 (active): 2.0
2025-09-18 15:07:58,569 - INFO - PnL updated for account 1 (active): 804.0
2025-09-18 15:07:58,569 - INFO - Order state updated - Master: None, Child: PENDING
2025-09-18 15:07:58,576 - INFO - Order state updated - Master: PENDING, Child: PENDING
2025-09-18 15:07:58,576 - INFO - Checking coordination - Master: PENDING, Child: PENDING
2025-09-18 15:07:58,576 - INFO - Checking coordination - Master: PENDING, Child: PENDING
2025-09-18 15:08:03,897 - INFO - SL price ready for modification: 218
2025-09-18 15:08:05,056 - INFO - SL difference updated: -4.0 points from buy price
2025-09-18 15:08:05,056 - INFO - SL price confirmed: 218.0 (monitoring will start after buy order is filled)
2025-09-18 15:08:38,824 - INFO - Getting token and lot size for trading symbol: SENSEX2591882800CE
2025-09-18 15:08:38,828 - INFO - Found token and lot size for SENSEX2591882800CE: 862176, 20
2025-09-18 15:08:38,828 - INFO - Generated quantity options for lot size 20: ['20', '40', '60', '80', '100', '120', '140', '160', '180', '200']
2025-09-18 15:08:38,829 - INFO - Updated quantity options for SENSEX2591882800CE with lot size 20: ['20', '40', '60', '80', '100', '120', '140', '160', '180', '200']
2025-09-18 15:08:38,829 - INFO - Getting token and lot size for trading symbol: SENSEX2591882800CE
2025-09-18 15:08:38,838 - INFO - Found token and lot size for SENSEX2591882800CE: 862176, 20
2025-09-18 15:08:38,838 - INFO - Master quantity: 20 (selected: 20, lot size: 20)
2025-09-18 15:08:38,839 - INFO - Child quantity: 20 (lots: 1, lot size: 20)
2025-09-18 15:08:38,841 - INFO - Active accounts for modify buy orders: [1, 2]
2025-09-18 15:08:38,842 - INFO - Modifying order 25091800640633 for account 1 with quantity 20 and price 233.0
2025-09-18 15:08:38,843 - INFO - Modifying order 25091800640634 for account 2 with quantity 20 and price 233.0
2025-09-18 15:08:39,514 - INFO - Order 25091800640634 modified successfully
2025-09-18 15:08:39,514 - INFO - Updating order 25091800640634
2025-09-18 15:08:39,514 - INFO - Order status debug - status: 'PENDING', reporttype: 'ModAck', trantype: 'B', price: '233.00'
2025-09-18 15:08:39,514 - ERROR - Error processing order update for account 2: Must have equal len keys and value when setting with an iterable
2025-09-18 15:08:39,534 - INFO - Order 25091800640633 modified successfully
2025-09-18 15:08:39,539 - INFO - Auto SL/Target set - SL: 229.0, Target: 273.0 (Buy Open: 233.0)
2025-09-18 15:08:39,540 - INFO - Original buy price updated to: 233.0
2025-09-18 15:08:39,541 - INFO - Modify Buy box cleared after successful modification
2025-09-18 15:08:39,542 - INFO - Child order status updated: Buy Order PENDING @ 233.00
2025-09-18 15:08:39,550 - INFO - Updating order 25091800640634
2025-09-18 15:08:39,551 - INFO - Order status debug - status: 'PENDING', reporttype: 'PendingReplace', trantype: 'B', price: '233.00'
2025-09-18 15:08:39,557 - ERROR - Error processing order update for account 2: Must have equal len keys and value when setting with an iterable
2025-09-18 15:08:39,558 - INFO - Updating order 25091800640633
2025-09-18 15:08:39,559 - INFO - Order status debug - status: 'PENDING', reporttype: 'ModAck', trantype: 'B', price: '233.00'
2025-09-18 15:08:39,566 - ERROR - Error processing order update for account 1: Must have equal len keys and value when setting with an iterable
2025-09-18 15:08:39,596 - INFO - Child order status updated: Buy Order PENDING @ 233.00
2025-09-18 15:08:39,596 - INFO - Master order status updated: Buy Order PENDING @ 233.00
2025-09-18 15:08:39,599 - INFO - Updating order 25091800640634
2025-09-18 15:08:39,600 - INFO - Order status debug - status: 'OPEN', reporttype: 'Replaced', trantype: 'B', price: '233.00'
2025-09-18 15:08:39,600 - INFO - Updating order 25091800640633
2025-09-18 15:08:39,600 - INFO - Order status debug - status: 'PENDING', reporttype: 'PendingReplace', trantype: 'B', price: '233.00'
2025-09-18 15:08:39,602 - ERROR - Error processing order update for account 2: Must have equal len keys and value when setting with an iterable
2025-09-18 15:08:39,608 - ERROR - Error processing order update for account 1: Must have equal len keys and value when setting with an iterable
2025-09-18 15:08:39,608 - INFO - Child order status updated: Buy Order OPEN @ 233.00
2025-09-18 15:08:39,609 - INFO - Master order status updated: Buy Order PENDING @ 233.00
2025-09-18 15:08:39,611 - INFO - Updating order 25091800640633
2025-09-18 15:08:39,611 - INFO - Order status debug - status: 'OPEN', reporttype: 'Replaced', trantype: 'B', price: '233.00'
2025-09-18 15:08:39,614 - ERROR - Error processing order update for account 1: Must have equal len keys and value when setting with an iterable
2025-09-18 15:08:39,615 - INFO - Master order status updated: Buy Order OPEN @ 233.00
2025-09-18 15:09:39,406 - INFO - Updating order 25091800640634
2025-09-18 15:09:39,407 - INFO - Order status debug - status: 'COMPLETE', reporttype: 'Fill', trantype: 'B', price: '233.00'
2025-09-18 15:09:39,409 - ERROR - Error processing order update for account 2: Must have equal len keys and value when setting with an iterable
2025-09-18 15:09:39,409 - INFO - Updating order 25091800640633
2025-09-18 15:09:39,411 - INFO - Order status debug - status: 'COMPLETE', reporttype: 'Fill', trantype: 'B', price: '233.00'
2025-09-18 15:09:39,411 - INFO - Buy order completed for account 2: SENSEX2591882800CE @ 233.0
2025-09-18 15:09:39,413 - ERROR - Error processing order update for account 1: Must have equal len keys and value when setting with an iterable
2025-09-18 15:09:39,413 - INFO - Buy order completed for account 1: SENSEX2591882800CE @ 233.0
2025-09-18 15:09:39,414 - INFO - SL monitoring activated at 229.0
2025-09-18 15:09:39,414 - INFO - SL monitoring started at: 229.0
2025-09-18 15:09:39,415 - INFO - SL monitoring activated at 229.0
2025-09-18 15:09:39,415 - INFO - Target monitoring activated at 273.0
2025-09-18 15:09:39,415 - INFO - SL monitoring started at: 229.0
2025-09-18 15:09:39,416 - INFO - Target monitoring started at: 273.0
2025-09-18 15:09:39,416 - INFO - Target monitoring activated at 273.0
2025-09-18 15:09:39,416 - INFO - Target monitoring started at: 273.0
2025-09-18 15:09:39,417 - INFO - Exit buttons enabled after buy order completion
2025-09-18 15:09:39,418 - INFO - Position tracked for account 2: SENSEX2591882800CE @ 233.0, Qty: 20
2025-09-18 15:09:39,420 - INFO - Exit buttons enabled after buy order completion
2025-09-18 15:09:39,420 - INFO - Position tracked for account 1: SENSEX2591882800CE @ 233.0, Qty: 20
2025-09-18 15:09:39,421 - INFO - Price input box disabled - active position detected
2025-09-18 15:09:39,424 - INFO - Price input box disabled - active position detected
2025-09-18 15:09:40,475 - INFO - PnL updated for account 2 (active): 4.0
2025-09-18 15:09:40,480 - INFO - Child order status updated: Buy Order Complete @ 233.00
2025-09-18 15:09:40,481 - INFO - PnL updated for account 1 (active): 806.0
2025-09-18 15:09:40,481 - INFO - Master order status updated: Buy Order Complete @ 233.00
2025-09-18 15:09:54,942 - INFO - Target price ready for modification: 255
2025-09-18 15:09:55,926 - INFO - Target difference updated: 22.0 points from buy price
2025-09-18 15:09:55,926 - INFO - Target monitoring activated at 255.0
2025-09-18 15:09:55,926 - INFO - Target price confirmed and monitoring started: 255.0 (buy orders are filled)
2025-09-18 15:10:38,115 - WARNING - SL BREACHED! Current: 227.6, SL: 229.0
2025-09-18 15:10:38,115 - INFO - Executing SL exit at limit price. Current: 227.6
2025-09-18 15:10:38,115 - INFO - SL monitoring stopped
2025-09-18 15:10:38,115 - INFO - Target monitoring stopped
2025-09-18 15:10:38,115 - INFO - Getting token and lot size for trading symbol: SENSEX2591882800CE
2025-09-18 15:10:38,122 - INFO - Found token and lot size for SENSEX2591882800CE: 862176, 20
2025-09-18 15:10:38,122 - INFO - Generated quantity options for lot size 20: ['20', '40', '60', '80', '100', '120', '140', '160', '180', '200']
2025-09-18 15:10:38,123 - INFO - Updated quantity options for SENSEX2591882800CE with lot size 20: ['20', '40', '60', '80', '100', '120', '140', '160', '180', '200']
2025-09-18 15:10:39,323 - ERROR - Error checking accounts with open positions: 'list' object has no attribute 'get'
2025-09-18 15:10:39,323 - INFO - Position status before exit: [1, 2]
2025-09-18 15:10:39,323 - INFO - Getting token and lot size for trading symbol: SENSEX2591882800CE
2025-09-18 15:10:39,339 - INFO - Found token and lot size for SENSEX2591882800CE: 862176, 20
2025-09-18 15:10:39,339 - INFO - Master quantity: 20 (selected: 20, lot size: 20)
2025-09-18 15:10:39,339 - INFO - Child quantity: 20 (lots: 1, lot size: 20)
2025-09-18 15:10:40,188 - ERROR - Error checking accounts with open positions: 'list' object has no attribute 'get'
2025-09-18 15:10:40,189 - INFO - Accounts with open positions for exit: [1, 2]
2025-09-18 15:10:40,189 - INFO - Placing exit orders for accounts: [1, 2]
2025-09-18 15:10:40,190 - INFO - Trading symbol: SENSEX2591882800CE, Price: 227.6
2025-09-18 15:10:40,190 - INFO - Quantities: [20, 20]
2025-09-18 15:10:40,958 - INFO - Exit order placed successfully: {'request_time': '15:10:42 18-09-2025', 'stat': 'Ok', 'norenordno': '25091800647664'}
2025-09-18 15:10:40,958 - INFO - New order received: 25091800647664
2025-09-18 15:10:40,958 - INFO - Order status debug - status: 'PENDING', reporttype: 'NewAck', trantype: 'S', price: '0.00'
2025-09-18 15:10:40,968 - INFO - Child order status updated: Sell Order PENDING @ 0.00
2025-09-18 15:10:40,968 - INFO - Order data saved to orders.csv
2025-09-18 15:10:40,972 - INFO - Account 2 - S PENDING NewAck
2025-09-18 15:10:40,974 - INFO - Exit order placed successfully: {'request_time': '15:10:42 18-09-2025', 'stat': 'Ok', 'norenordno': '25091800647666'}
2025-09-18 15:10:40,976 - INFO - Updating order 25091800647664
2025-09-18 15:10:40,976 - INFO - Order status debug - status: 'PENDING', reporttype: 'PendingNew', trantype: 'S', price: '0.00'
2025-09-18 15:10:40,986 - ERROR - Error processing order update for account 2: Must have equal len keys and value when setting with an iterable
2025-09-18 15:10:40,989 - INFO - Child order status updated: Sell Order PENDING @ 0.00
2025-09-18 15:10:40,994 - INFO - Updating order 25091800647664
2025-09-18 15:10:40,995 - INFO - Order status debug - status: 'COMPLETE', reporttype: 'Fill', trantype: 'S', price: '0.00'
2025-09-18 15:10:40,996 - INFO - Exit button disabled to prevent duplicate orders
2025-09-18 15:10:41,001 - ERROR - Error processing order update for account 2: Must have equal len keys and value when setting with an iterable
2025-09-18 15:10:41,003 - INFO - Sell order completed for account 2: SENSEX2591882800CE @ 0.0
2025-09-18 15:10:41,006 - INFO - SL and Target monitoring reset and fields cleared
2025-09-18 15:10:41,006 - INFO - Cancel Exit and Modify Exit buttons enabled after exit orders placed
2025-09-18 15:10:41,007 - INFO - SL and Target monitoring reset after sell order completion
2025-09-18 15:10:41,008 - INFO - Position cleared for account 2 after sell completion
2025-09-18 15:10:41,017 - INFO - Price input box disabled - active position detected
2025-09-18 15:10:41,047 - INFO - New order received: 25091800647666
2025-09-18 15:10:41,047 - INFO - Order status debug - status: 'PENDING', reporttype: 'NewAck', trantype: 'S', price: '0.00'
2025-09-18 15:10:41,053 - INFO - Master order status updated: Sell Order PENDING @ 0.00
2025-09-18 15:10:41,061 - INFO - Order data saved to orders.csv
2025-09-18 15:10:41,061 - INFO - Updating order 25091800647666
2025-09-18 15:10:41,061 - INFO - Order status debug - status: 'PENDING', reporttype: 'PendingNew', trantype: 'S', price: '0.00'
2025-09-18 15:10:41,062 - INFO - Account 1 - S PENDING NewAck
2025-09-18 15:10:41,065 - ERROR - Error processing order update for account 1: Must have equal len keys and value when setting with an iterable
2025-09-18 15:10:41,066 - INFO - Master order status updated: Sell Order PENDING @ 0.00
2025-09-18 15:10:41,069 - INFO - Updating order 25091800647666
2025-09-18 15:10:41,069 - INFO - Order status debug - status: 'COMPLETE', reporttype: 'Fill', trantype: 'S', price: '0.00'
2025-09-18 15:10:41,071 - ERROR - Error processing order update for account 1: Must have equal len keys and value when setting with an iterable
2025-09-18 15:10:41,073 - INFO - Sell order completed for account 1: SENSEX2591882800CE @ 0.0
2025-09-18 15:10:41,076 - INFO - SL and Target monitoring reset and fields cleared
2025-09-18 15:10:41,078 - INFO - SL and Target monitoring reset after sell order completion
2025-09-18 15:10:41,078 - INFO - Position cleared for account 1 after sell completion
2025-09-18 15:10:41,080 - INFO - Price input box enabled - no active positions
2025-09-18 15:10:41,959 - INFO - PnL updated for account 2 (active): -154.0
2025-09-18 15:10:41,959 - INFO - Order state updated - Master: PENDING, Child: PENDING
2025-09-18 15:10:41,959 - INFO - Checking coordination - Master: PENDING, Child: PENDING
2025-09-18 15:10:41,966 - INFO - PnL updated for account 2 (active): -154.0
2025-09-18 15:10:41,968 - INFO - Master sell complete check: False (status: Sell Order PENDING @ 0.00)
2025-09-18 15:10:41,968 - INFO - Child sell complete check: False (status: Exit Orders Placed - Waiting for Status)
2025-09-18 15:10:41,969 - INFO - Child order status updated: Sell Order Complete @ 0.00
2025-09-18 15:10:41,999 - INFO - PnL updated for account 1 (active): 651.0
2025-09-18 15:10:41,999 - INFO - PnL updated for account 1 (active): 651.0
2025-09-18 15:10:42,000 - INFO - Order state updated - Master: PENDING, Child: PENDING
2025-09-18 15:10:42,000 - INFO - Master sell complete check: False (status: Sell Order PENDING @ 0.00)
2025-09-18 15:10:42,000 - INFO - Checking coordination - Master: PENDING, Child: PENDING
2025-09-18 15:10:42,000 - INFO - Child sell complete check: True (status: Sell Order Complete @ 0.00)
2025-09-18 15:10:42,001 - INFO - Master order status updated: Sell Order Complete @ 0.00
2025-09-18 15:12:05,575 - INFO - Price box re-enabled for new orders
2025-09-18 15:12:05,587 - INFO - Buttons released - ready for new orders
2025-09-18 15:12:40,796 - INFO - Verifying PnL from broker...
2025-09-18 15:12:41,862 - INFO - Verified PnL for account 1 (active): 651.0
2025-09-18 15:12:42,431 - INFO - Verified PnL for account 2 (active): -154.0
2025-09-18 15:12:42,431 - INFO - PnL verification completed successfully
2025-09-18 15:12:42,431 - INFO - Verifying PnL from broker...
2025-09-18 15:12:43,015 - INFO - Verified PnL for account 1 (active): 651.0
2025-09-18 15:12:43,744 - INFO - Verified PnL for account 2 (active): -154.0
2025-09-18 15:12:43,745 - INFO - PnL verification completed successfully
2025-09-18 15:12:57,635 - INFO - Verifying PnL from broker...
2025-09-18 15:12:58,402 - INFO - Verified PnL for account 1 (active): 651.0
2025-09-18 15:12:59,027 - INFO - Verified PnL for account 2 (active): -154.0
2025-09-18 15:12:59,029 - INFO - PnL verification completed successfully
2025-09-18 15:16:16,892 - INFO - Getting token and lot size for trading symbol: SENSEX2591882800CE
2025-09-18 15:16:16,892 - INFO - Found token and lot size for SENSEX2591882800CE: 862176, 20
2025-09-18 15:16:16,892 - INFO - Generated quantity options for lot size 20: ['20', '40', '60', '80', '100', '120', '140', '160', '180', '200']
2025-09-18 15:16:16,892 - INFO - Updated quantity options for SENSEX2591882800CE with lot size 20: ['20', '40', '60', '80', '100', '120', '140', '160', '180', '200']
2025-09-18 15:16:16,892 - INFO - Original buy price stored: 222.0
2025-09-18 15:16:16,892 - INFO - Getting token and lot size for trading symbol: SENSEX2591882800CE
2025-09-18 15:16:16,899 - INFO - Found token and lot size for SENSEX2591882800CE: 862176, 20
2025-09-18 15:16:16,899 - INFO - Master quantity: 20 (selected: 20, lot size: 20)
2025-09-18 15:16:16,899 - INFO - Child quantity: 20 (lots: 1, lot size: 20)
2025-09-18 15:16:16,900 - INFO - Active accounts: [1, 2]
2025-09-18 15:16:16,900 - INFO - Placing buy orders for accounts: [1, 2]
2025-09-18 15:16:16,900 - INFO - Trading symbol: SENSEX2591882800CE, Price: 222.0
2025-09-18 15:16:16,900 - INFO - Quantities: [20, 20]
2025-09-18 15:16:16,901 - INFO - Account 1: API=True, Qty=20, Active=True
2025-09-18 15:16:16,901 - INFO - Placing order for account 1 with parameters: {'buy_or_sell': 'B', 'product_type': 'M', 'exchange': 'BFO', 'tradingsymbol': 'SENSEX2591882800CE', 'quantity': 20, 'discloseqty': 0, 'price_type': 'LMT', 'price': 222.0, 'trigger_price': None, 'retention': 'DAY', 'amo': 'NO', 'remarks': None}
2025-09-18 15:16:16,902 - INFO - Account 2: API=True, Qty=20, Active=True
2025-09-18 15:16:16,902 - INFO - API instance for account 1: True
2025-09-18 15:16:16,903 - INFO - Placing order for account 2 with parameters: {'buy_or_sell': 'B', 'product_type': 'M', 'exchange': 'BFO', 'tradingsymbol': 'SENSEX2591882800CE', 'quantity': 20, 'discloseqty': 0, 'price_type': 'LMT', 'price': 222.0, 'trigger_price': None, 'retention': 'DAY', 'amo': 'NO', 'remarks': None}
2025-09-18 15:16:16,903 - INFO - API instance for account 2: True
2025-09-18 15:16:17,634 - INFO - New order received: 25091800659151
2025-09-18 15:16:17,634 - INFO - Order status debug - status: 'PENDING', reporttype: 'NewAck', trantype: 'B', price: '222.00'
2025-09-18 15:16:17,642 - INFO - API response: {'request_time': '15:16:19 18-09-2025', 'stat': 'Ok', 'norenordno': '25091800659152'}
2025-09-18 15:16:17,645 - INFO - API response type: <class 'dict'>
2025-09-18 15:16:17,646 - INFO - Buy order placed successfully: {'request_time': '15:16:19 18-09-2025', 'stat': 'Ok', 'norenordno': '25091800659152'}
2025-09-18 15:16:17,646 - INFO - Order data saved to orders.csv
2025-09-18 15:16:17,648 - INFO - Account 2 - B PENDING NewAck
2025-09-18 15:16:17,678 - INFO - API response: {'request_time': '15:16:19 18-09-2025', 'stat': 'Ok', 'norenordno': '25091800659151'}
2025-09-18 15:16:17,680 - INFO - API response type: <class 'dict'>
2025-09-18 15:16:17,681 - INFO - Buy order placed successfully: {'request_time': '15:16:19 18-09-2025', 'stat': 'Ok', 'norenordno': '25091800659151'}
2025-09-18 15:16:17,683 - INFO - Auto SL/Target set - SL: 202.0, Target: 262.0 (Buy Open: 222.0)
2025-09-18 15:16:17,684 - INFO - Cross-account coordination started
2025-09-18 15:16:17,685 - INFO - Cross-account coordination started for buy orders
2025-09-18 15:16:17,686 - INFO - Buy button disabled to prevent duplicate orders
2025-09-18 15:16:17,687 - INFO - Price box grayed out after order placement
2025-09-18 15:16:17,689 - INFO - Cancel Buy and Modify Buy buttons enabled after buy orders placed
2025-09-18 15:16:17,691 - INFO - Exit button kept disabled until buy orders are completed
2025-09-18 15:16:17,694 - INFO - Child order status updated: Buy Order PENDING @ 222.00
2025-09-18 15:16:17,700 - INFO - Updating order 25091800659151
2025-09-18 15:16:17,700 - INFO - Order status debug - status: 'PENDING', reporttype: 'PendingNew', trantype: 'B', price: '222.00'
2025-09-18 15:16:17,703 - ERROR - Error processing order update for account 2: Must have equal len keys and value when setting with an iterable
2025-09-18 15:16:17,704 - INFO - New order received: 25091800659152
2025-09-18 15:16:17,705 - INFO - Order status debug - status: 'PENDING', reporttype: 'NewAck', trantype: 'B', price: '222.00'
2025-09-18 15:16:17,717 - INFO - Child order status updated: Buy Order PENDING @ 222.00
2025-09-18 15:16:17,718 - INFO - Master order status updated: Buy Order PENDING @ 222.00
2025-09-18 15:16:17,718 - INFO - Order data saved to orders.csv
2025-09-18 15:16:17,719 - INFO - Account 1 - B PENDING NewAck
2025-09-18 15:16:17,723 - INFO - Updating order 25091800659152
2025-09-18 15:16:17,726 - INFO - Updating order 25091800659151
2025-09-18 15:16:17,726 - INFO - Order status debug - status: 'PENDING', reporttype: 'PendingNew', trantype: 'B', price: '222.00'
2025-09-18 15:16:17,726 - INFO - Order status debug - status: 'OPEN', reporttype: 'New', trantype: 'B', price: '222.00'
2025-09-18 15:16:17,728 - ERROR - Error processing order update for account 1: Must have equal len keys and value when setting with an iterable
2025-09-18 15:16:17,730 - ERROR - Error processing order update for account 2: Must have equal len keys and value when setting with an iterable
2025-09-18 15:16:17,734 - INFO - Master order status updated: Buy Order PENDING @ 222.00
2025-09-18 15:16:17,734 - INFO - Child order status updated: Buy Order Open @ 222.00
2025-09-18 15:16:17,737 - INFO - Updating order 25091800659152
2025-09-18 15:16:17,737 - INFO - Order status debug - status: 'OPEN', reporttype: 'New', trantype: 'B', price: '222.00'
2025-09-18 15:16:17,738 - ERROR - Error processing order update for account 1: Must have equal len keys and value when setting with an iterable
2025-09-18 15:16:17,739 - INFO - Master order status updated: Buy Order Open @ 222.00
2025-09-18 15:16:18,378 - INFO - PnL updated for account 2 (active): -154.0
2025-09-18 15:16:18,379 - INFO - Order state updated - Master: None, Child: PENDING
2025-09-18 15:16:18,380 - INFO - Checking coordination - Master: None, Child: PENDING
2025-09-18 15:16:18,432 - INFO - PnL updated for account 1 (active): 651.0
2025-09-18 15:16:18,435 - INFO - Order state updated - Master: PENDING, Child: PENDING
2025-09-18 15:16:18,435 - INFO - Checking coordination - Master: PENDING, Child: PENDING
2025-09-18 15:16:56,912 - INFO - SL price ready for modification: 217
2025-09-18 15:16:57,061 - INFO - Updating order 25091800659152
2025-09-18 15:16:57,061 - INFO - Order status debug - status: 'COMPLETE', reporttype: 'Fill', trantype: 'B', price: '222.00'
2025-09-18 15:16:57,073 - ERROR - Error processing order update for account 1: Must have equal len keys and value when setting with an iterable
2025-09-18 15:16:57,073 - INFO - Buy order completed for account 1: SENSEX2591882800CE @ 222.0
2025-09-18 15:16:57,075 - INFO - SL monitoring activated at 217.0
2025-09-18 15:16:57,075 - INFO - Updating order 25091800659151
2025-09-18 15:16:57,077 - INFO - Order status debug - status: 'COMPLETE', reporttype: 'Fill', trantype: 'B', price: '222.00'
2025-09-18 15:16:57,077 - INFO - SL monitoring started at: 217.0
2025-09-18 15:16:57,080 - ERROR - Error processing order update for account 2: Must have equal len keys and value when setting with an iterable
2025-09-18 15:16:57,080 - INFO - Buy order completed for account 2: SENSEX2591882800CE @ 222.0
2025-09-18 15:16:57,082 - INFO - Target monitoring activated at 262.0
2025-09-18 15:16:57,083 - INFO - Target monitoring started at: 262.0
2025-09-18 15:16:57,090 - INFO - SL monitoring activated at 217.0
2025-09-18 15:16:57,091 - INFO - SL monitoring started at: 217.0
2025-09-18 15:16:57,099 - INFO - Exit buttons enabled after buy order completion
2025-09-18 15:16:57,100 - INFO - Target monitoring activated at 262.0
2025-09-18 15:16:57,101 - INFO - Position tracked for account 1: SENSEX2591882800CE @ 222.0, Qty: 20
2025-09-18 15:16:57,103 - INFO - Target monitoring started at: 262.0
2025-09-18 15:16:57,116 - INFO - Price input box disabled - active position detected
2025-09-18 15:16:57,119 - INFO - Exit buttons enabled after buy order completion
2025-09-18 15:16:57,120 - INFO - Position tracked for account 2: SENSEX2591882800CE @ 222.0, Qty: 20
2025-09-18 15:16:57,124 - INFO - Price input box disabled - active position detected
2025-09-18 15:16:57,195 - INFO - SL difference updated: -5.0 points from buy price
2025-09-18 15:16:57,196 - INFO - SL monitoring activated at 217.0
2025-09-18 15:16:57,196 - INFO - SL price confirmed and monitoring started: 217.0 (buy orders are filled)
2025-09-18 15:16:57,874 - INFO - PnL updated for account 1 (active): 644.0
2025-09-18 15:16:57,874 - INFO - Master order status updated: Buy Order Complete @ 222.00
2025-09-18 15:16:57,887 - INFO - PnL updated for account 2 (active): -161.0
2025-09-18 15:16:57,887 - INFO - Child order status updated: Buy Order Complete @ 222.00
2025-09-18 15:17:33,814 - INFO - Exiting all orders at market price
2025-09-18 15:17:35,046 - INFO - SL monitoring stopped
2025-09-18 15:17:35,047 - INFO - SL monitoring stopped - all positions being closed
2025-09-18 15:17:35,047 - INFO - Target monitoring stopped
2025-09-18 15:17:35,048 - INFO - Target monitoring stopped - all positions being closed
2025-09-18 15:17:53,646 - INFO - Exiting child orders at market price
2025-09-18 15:17:54,244 - ERROR - Error in exit_child_orders_market: 'list' object has no attribute 'get'
2025-09-18 15:17:58,812 - INFO - Exiting master orders at market price
2025-09-18 15:17:59,422 - ERROR - Error in exit_master_orders_market: 'list' object has no attribute 'get'
2025-09-18 15:18:16,260 - INFO - Target price suggested: 228.26 (1% above LTP: 226.0) - Press again to confirm
2025-09-18 15:18:16,848 - INFO - Target difference updated: 6.259999999999991 points from buy price
2025-09-18 15:18:16,848 - INFO - Target price confirmed: 228.26 (monitoring will start after buy order is filled)
2025-09-18 15:18:25,593 - INFO - Getting token and lot size for trading symbol: SENSEX2591882800CE
2025-09-18 15:18:25,597 - INFO - Found token and lot size for SENSEX2591882800CE: 862176, 20
2025-09-18 15:18:25,597 - INFO - Generated quantity options for lot size 20: ['20', '40', '60', '80', '100', '120', '140', '160', '180', '200']
2025-09-18 15:18:25,597 - INFO - Updated quantity options for SENSEX2591882800CE with lot size 20: ['20', '40', '60', '80', '100', '120', '140', '160', '180', '200']
2025-09-18 15:18:26,226 - ERROR - Error checking accounts with open positions: 'list' object has no attribute 'get'
2025-09-18 15:18:26,226 - INFO - Position status before exit: [1, 2]
2025-09-18 15:18:26,227 - INFO - Getting token and lot size for trading symbol: SENSEX2591882800CE
2025-09-18 15:18:26,232 - INFO - Found token and lot size for SENSEX2591882800CE: 862176, 20
2025-09-18 15:18:26,232 - INFO - Master quantity: 20 (selected: 20, lot size: 20)
2025-09-18 15:18:26,233 - INFO - Child quantity: 20 (lots: 1, lot size: 20)
2025-09-18 15:18:26,794 - ERROR - Error checking accounts with open positions: 'list' object has no attribute 'get'
2025-09-18 15:18:26,795 - INFO - Accounts with open positions for exit: [1, 2]
2025-09-18 15:18:26,795 - INFO - Placing exit orders for accounts: [1, 2]
2025-09-18 15:18:26,795 - INFO - Trading symbol: SENSEX2591882800CE, Price: 227.6
2025-09-18 15:18:26,796 - INFO - Quantities: [20, 20]
2025-09-18 15:18:27,446 - INFO - Exit order placed successfully: {'request_time': '15:18:28 18-09-2025', 'stat': 'Ok', 'norenordno': '25091800662780'}
2025-09-18 15:18:27,460 - INFO - Exit order placed successfully: {'request_time': '15:18:28 18-09-2025', 'stat': 'Ok', 'norenordno': '25091800662781'}
2025-09-18 15:18:27,463 - INFO - New order received: 25091800662781
2025-09-18 15:18:27,464 - INFO - Order status debug - status: 'PENDING', reporttype: 'NewAck', trantype: 'S', price: '227.60'
2025-09-18 15:18:27,464 - INFO - Exit button disabled to prevent duplicate orders
2025-09-18 15:18:27,475 - INFO - Cancel Exit and Modify Exit buttons enabled after exit orders placed
2025-09-18 15:18:27,477 - INFO - Order data saved to orders.csv
2025-09-18 15:18:27,478 - INFO - Child order status updated: Sell Order PENDING @ 227.60
2025-09-18 15:18:27,480 - INFO - Account 2 - S PENDING NewAck
2025-09-18 15:18:27,489 - INFO - Updating order 25091800662781
2025-09-18 15:18:27,489 - INFO - Order status debug - status: 'PENDING', reporttype: 'PendingNew', trantype: 'S', price: '227.60'
2025-09-18 15:18:27,493 - ERROR - Error processing order update for account 2: Must have equal len keys and value when setting with an iterable
2025-09-18 15:18:27,494 - INFO - Child order status updated: Sell Order PENDING @ 227.60
2025-09-18 15:18:27,500 - INFO - Updating order 25091800662781
2025-09-18 15:18:27,501 - INFO - Order status debug - status: 'COMPLETE', reporttype: 'Fill', trantype: 'S', price: '227.60'
2025-09-18 15:18:27,503 - ERROR - Error processing order update for account 2: Must have equal len keys and value when setting with an iterable
2025-09-18 15:18:27,505 - INFO - Sell order completed for account 2: SENSEX2591882800CE @ 227.6
2025-09-18 15:18:27,511 - INFO - SL and Target monitoring reset and fields cleared
2025-09-18 15:18:27,512 - INFO - SL and Target monitoring reset after sell order completion
2025-09-18 15:18:27,512 - INFO - Position cleared for account 2 after sell completion
2025-09-18 15:18:27,514 - INFO - Price input box disabled - active position detected
2025-09-18 15:18:27,516 - INFO - New order received: 25091800662780
2025-09-18 15:18:27,517 - INFO - Order status debug - status: 'PENDING', reporttype: 'NewAck', trantype: 'S', price: '227.60'
2025-09-18 15:18:27,528 - INFO - Master order status updated: Sell Order PENDING @ 227.60
2025-09-18 15:18:27,532 - INFO - Order data saved to orders.csv
2025-09-18 15:18:27,533 - INFO - Account 1 - S PENDING NewAck
2025-09-18 15:18:27,534 - INFO - Updating order 25091800662780
2025-09-18 15:18:27,534 - INFO - Order status debug - status: 'PENDING', reporttype: 'PendingNew', trantype: 'S', price: '227.60'
2025-09-18 15:18:27,538 - ERROR - Error processing order update for account 1: Must have equal len keys and value when setting with an iterable
2025-09-18 15:18:27,541 - INFO - Master order status updated: Sell Order PENDING @ 227.60
2025-09-18 15:18:27,543 - INFO - Updating order 25091800662780
2025-09-18 15:18:27,543 - INFO - Order status debug - status: 'COMPLETE', reporttype: 'Fill', trantype: 'S', price: '227.60'
2025-09-18 15:18:27,545 - ERROR - Error processing order update for account 1: Must have equal len keys and value when setting with an iterable
2025-09-18 15:18:27,545 - INFO - Sell order completed for account 1: SENSEX2591882800CE @ 227.6
2025-09-18 15:18:27,546 - INFO - SL and Target monitoring reset and fields cleared
2025-09-18 15:18:27,546 - INFO - SL and Target monitoring reset after sell order completion
2025-09-18 15:18:27,546 - INFO - Position cleared for account 1 after sell completion
2025-09-18 15:18:27,548 - INFO - Price input box enabled - no active positions
2025-09-18 15:18:28,435 - INFO - PnL updated for account 2 (active): -40.0
2025-09-18 15:18:28,435 - INFO - Order state updated - Master: PENDING, Child: PENDING
2025-09-18 15:18:28,435 - INFO - Checking coordination - Master: PENDING, Child: PENDING
2025-09-18 15:18:28,460 - INFO - PnL updated for account 2 (active): -40.0
2025-09-18 15:18:28,460 - INFO - Master sell complete check: False (status: Sell Order PENDING @ 227.60)
2025-09-18 15:18:28,461 - INFO - Child sell complete check: False (status: Sell Order PENDING @ 227.60)
2025-09-18 15:18:28,461 - INFO - Child order status updated: Sell Order Complete @ 227.60
2025-09-18 15:18:28,500 - INFO - PnL updated for account 1 (active): 764.0
2025-09-18 15:18:28,506 - INFO - Order state updated - Master: PENDING, Child: PENDING
2025-09-18 15:18:28,508 - INFO - Checking coordination - Master: PENDING, Child: PENDING
2025-09-18 15:18:28,518 - INFO - PnL updated for account 1 (active): 764.0
2025-09-18 15:18:28,519 - INFO - Master sell complete check: False (status: Sell Order PENDING @ 227.60)
2025-09-18 15:18:28,520 - INFO - Child sell complete check: True (status: Sell Order Complete @ 227.60)
2025-09-18 15:18:28,520 - INFO - Master order status updated: Sell Order Complete @ 227.60
2025-09-18 15:19:23,384 - INFO - Price box re-enabled for new orders
2025-09-18 15:19:23,386 - INFO - Buttons released - ready for new orders
2025-09-18 15:19:26,769 - INFO - Getting token and lot size for trading symbol: SENSEX2591882800CE
2025-09-18 15:19:26,774 - INFO - Found token and lot size for SENSEX2591882800CE: 862176, 20
2025-09-18 15:19:26,774 - INFO - Generated quantity options for lot size 20: ['20', '40', '60', '80', '100', '120', '140', '160', '180', '200']
2025-09-18 15:19:26,775 - INFO - Updated quantity options for SENSEX2591882800CE with lot size 20: ['20', '40', '60', '80', '100', '120', '140', '160', '180', '200']
2025-09-18 15:19:26,775 - INFO - Original buy price stored: 200.0
2025-09-18 15:19:26,775 - INFO - Getting token and lot size for trading symbol: SENSEX2591882800CE
2025-09-18 15:19:26,778 - INFO - Found token and lot size for SENSEX2591882800CE: 862176, 20
2025-09-18 15:19:26,779 - INFO - Master quantity: 20 (selected: 20, lot size: 20)
2025-09-18 15:19:26,779 - INFO - Child quantity: 20 (lots: 1, lot size: 20)
2025-09-18 15:19:26,779 - INFO - Active accounts: [1, 2]
2025-09-18 15:19:26,780 - INFO - Placing buy orders for accounts: [1, 2]
2025-09-18 15:19:26,781 - INFO - Trading symbol: SENSEX2591882800CE, Price: 200.0
2025-09-18 15:19:26,782 - INFO - Quantities: [20, 20]
2025-09-18 15:19:26,783 - INFO - Account 1: API=True, Qty=20, Active=True
2025-09-18 15:19:26,785 - INFO - Placing order for account 1 with parameters: {'buy_or_sell': 'B', 'product_type': 'M', 'exchange': 'BFO', 'tradingsymbol': 'SENSEX2591882800CE', 'quantity': 20, 'discloseqty': 0, 'price_type': 'LMT', 'price': 200.0, 'trigger_price': None, 'retention': 'DAY', 'amo': 'NO', 'remarks': None}
2025-09-18 15:19:26,786 - INFO - Account 2: API=True, Qty=20, Active=True
2025-09-18 15:19:26,786 - INFO - API instance for account 1: True
2025-09-18 15:19:26,787 - INFO - Placing order for account 2 with parameters: {'buy_or_sell': 'B', 'product_type': 'M', 'exchange': 'BFO', 'tradingsymbol': 'SENSEX2591882800CE', 'quantity': 20, 'discloseqty': 0, 'price_type': 'LMT', 'price': 200.0, 'trigger_price': None, 'retention': 'DAY', 'amo': 'NO', 'remarks': None}
2025-09-18 15:19:26,789 - INFO - API instance for account 2: True
2025-09-18 15:19:27,475 - INFO - API response: {'request_time': '15:19:28 18-09-2025', 'stat': 'Ok', 'norenordno': '25091800664384'}
2025-09-18 15:19:27,475 - INFO - API response type: <class 'dict'>
2025-09-18 15:19:27,475 - INFO - Buy order placed successfully: {'request_time': '15:19:28 18-09-2025', 'stat': 'Ok', 'norenordno': '25091800664384'}
2025-09-18 15:19:27,475 - INFO - New order received: 25091800664384
2025-09-18 15:19:27,475 - INFO - Order status debug - status: 'PENDING', reporttype: 'NewAck', trantype: 'B', price: '200.00'
2025-09-18 15:19:27,485 - INFO - API response: {'request_time': '15:19:28 18-09-2025', 'stat': 'Ok', 'norenordno': '25091800664386'}
2025-09-18 15:19:27,486 - INFO - New order received: 25091800664386
2025-09-18 15:19:27,487 - INFO - Order status debug - status: 'PENDING', reporttype: 'NewAck', trantype: 'B', price: '200.00'
2025-09-18 15:19:27,490 - INFO - API response type: <class 'dict'>
2025-09-18 15:19:27,505 - INFO - Buy order placed successfully: {'request_time': '15:19:28 18-09-2025', 'stat': 'Ok', 'norenordno': '25091800664386'}
2025-09-18 15:19:27,506 - INFO - Order data saved to orders.csv
2025-09-18 15:19:27,514 - INFO - Account 2 - B PENDING NewAck
2025-09-18 15:19:27,518 - INFO - Order data saved to orders.csv
2025-09-18 15:19:27,519 - INFO - Auto SL/Target set - SL: 180.0, Target: 240.0 (Buy Open: 200.0)
2025-09-18 15:19:27,523 - INFO - Account 1 - B PENDING NewAck
2025-09-18 15:19:27,527 - INFO - Cross-account coordination started
2025-09-18 15:19:27,531 - INFO - Cross-account coordination started for buy orders
2025-09-18 15:19:27,535 - INFO - Buy button disabled to prevent duplicate orders
2025-09-18 15:19:27,540 - INFO - Price box grayed out after order placement
2025-09-18 15:19:27,544 - INFO - Cancel Buy and Modify Buy buttons enabled after buy orders placed
2025-09-18 15:19:27,545 - INFO - Exit button kept disabled until buy orders are completed
2025-09-18 15:19:27,546 - INFO - Child order status updated: Buy Order PENDING @ 200.00
2025-09-18 15:19:27,546 - INFO - Master order status updated: Buy Order PENDING @ 200.00
2025-09-18 15:19:27,552 - INFO - Updating order 25091800664384
2025-09-18 15:19:27,553 - INFO - Order status debug - status: 'PENDING', reporttype: 'PendingNew', trantype: 'B', price: '200.00'
2025-09-18 15:19:27,555 - INFO - Updating order 25091800664386
2025-09-18 15:19:27,562 - ERROR - Error processing order update for account 2: Must have equal len keys and value when setting with an iterable
2025-09-18 15:19:27,566 - ERROR - Error processing order update for account 1: Must have equal len keys and value when setting with an iterable
2025-09-18 15:19:27,568 - INFO - Order status debug - status: 'PENDING', reporttype: 'PendingNew', trantype: 'B', price: '200.00'
2025-09-18 15:19:27,576 - INFO - Master order status updated: Buy Order PENDING @ 200.00
2025-09-18 15:19:27,576 - INFO - Child order status updated: Buy Order PENDING @ 200.00
2025-09-18 15:19:27,578 - INFO - Updating order 25091800664386
2025-09-18 15:19:27,578 - INFO - Order status debug - status: 'OPEN', reporttype: 'New', trantype: 'B', price: '200.00'
2025-09-18 15:19:27,579 - INFO - Updating order 25091800664384
2025-09-18 15:19:27,579 - INFO - Order status debug - status: 'OPEN', reporttype: 'New', trantype: 'B', price: '200.00'
2025-09-18 15:19:27,581 - ERROR - Error processing order update for account 1: Must have equal len keys and value when setting with an iterable
2025-09-18 15:19:27,588 - ERROR - Error processing order update for account 2: Must have equal len keys and value when setting with an iterable
2025-09-18 15:19:27,591 - INFO - Master order status updated: Buy Order Open @ 200.00
2025-09-18 15:19:27,592 - INFO - Child order status updated: Buy Order Open @ 200.00
2025-09-18 15:19:28,302 - INFO - PnL updated for account 1 (active): 764.0
2025-09-18 15:19:28,302 - INFO - Order state updated - Master: PENDING, Child: None
2025-09-18 15:19:28,302 - INFO - Checking coordination - Master: PENDING, Child: None
2025-09-18 15:19:28,329 - INFO - PnL updated for account 2 (active): -40.0
2025-09-18 15:19:28,329 - INFO - Order state updated - Master: PENDING, Child: PENDING
2025-09-18 15:19:28,330 - INFO - Checking coordination - Master: PENDING, Child: PENDING
2025-09-18 15:19:31,888 - INFO - Order 25091800664386 cancelled successfully
2025-09-18 15:19:31,893 - INFO - Updating order 25091800664386
2025-09-18 15:19:31,893 - INFO - Order status debug - status: 'PENDING', reporttype: 'PendingCancel', trantype: 'B', price: '200.00'
2025-09-18 15:19:31,895 - ERROR - Error processing order update for account 1: Must have equal len keys and value when setting with an iterable
2025-09-18 15:19:31,895 - INFO - Master buy order cancelled successfully, price box re-enabled
2025-09-18 15:19:31,897 - INFO - Master order status updated: Buy Order PENDING @ 200.00
2025-09-18 15:19:31,900 - INFO - Updating order 25091800664386
2025-09-18 15:19:31,900 - INFO - Order status debug - status: 'CANCELED', reporttype: 'Canceled', trantype: 'B', price: '200.00'
2025-09-18 15:19:31,903 - ERROR - Error processing order update for account 1: Must have equal len keys and value when setting with an iterable
2025-09-18 15:19:31,905 - INFO - Master order status updated: Buy Order CANCELED @ 200.00
2025-09-18 15:19:37,503 - INFO - Updating order 25091800664384
2025-09-18 15:19:37,503 - INFO - Order 25091800664384 cancelled successfully
2025-09-18 15:19:37,503 - ERROR - Error processing order update for account 2: Must have equal len keys and value when setting with an iterable
2025-09-18 15:19:37,503 - INFO - Order status debug - status: 'PENDING', reporttype: 'PendingCancel', trantype: 'B', price: '200.00'
2025-09-18 15:19:37,503 - INFO - Child buy order cancelled successfully, price box re-enabled
2025-09-18 15:19:37,513 - INFO - Child order status updated: Buy Order PENDING @ 200.00
2025-09-18 15:19:37,516 - INFO - Updating order 25091800664384
2025-09-18 15:19:37,516 - INFO - Order status debug - status: 'CANCELED', reporttype: 'Canceled', trantype: 'B', price: '200.00'
2025-09-18 15:19:37,518 - ERROR - Error processing order update for account 2: Must have equal len keys and value when setting with an iterable
2025-09-18 15:19:37,521 - INFO - Child order status updated: Buy Order CANCELED @ 200.00
2025-09-18 15:20:09,572 - INFO - Price box re-enabled for new orders
2025-09-18 15:20:09,572 - INFO - Buttons released - ready for new orders
2025-09-18 15:20:21,606 - INFO - Getting token and lot size for trading symbol: SENSEX2591882800CE
2025-09-18 15:20:21,606 - INFO - Found token and lot size for SENSEX2591882800CE: 862176, 20
2025-09-18 15:20:21,606 - INFO - Generated quantity options for lot size 20: ['20', '40', '60', '80', '100', '120', '140', '160', '180', '200']
2025-09-18 15:20:21,606 - INFO - Updated quantity options for SENSEX2591882800CE with lot size 20: ['20', '40', '60', '80', '100', '120', '140', '160', '180', '200']
2025-09-18 15:20:21,606 - INFO - Original buy price stored: 222.0
2025-09-18 15:20:21,606 - INFO - Getting token and lot size for trading symbol: SENSEX2591882800CE
2025-09-18 15:20:21,618 - INFO - Found token and lot size for SENSEX2591882800CE: 862176, 20
2025-09-18 15:20:21,618 - INFO - Master quantity: 20 (selected: 20, lot size: 20)
2025-09-18 15:20:21,620 - INFO - Child quantity: 20 (lots: 1, lot size: 20)
2025-09-18 15:20:21,620 - INFO - Active accounts: [1, 2]
2025-09-18 15:20:21,621 - INFO - Placing buy orders for accounts: [1, 2]
2025-09-18 15:20:21,621 - INFO - Trading symbol: SENSEX2591882800CE, Price: 222.0
2025-09-18 15:20:21,621 - INFO - Quantities: [20, 20]
2025-09-18 15:20:21,622 - INFO - Account 1: API=True, Qty=20, Active=True
2025-09-18 15:20:21,624 - INFO - Placing order for account 1 with parameters: {'buy_or_sell': 'B', 'product_type': 'M', 'exchange': 'BFO', 'tradingsymbol': 'SENSEX2591882800CE', 'quantity': 20, 'discloseqty': 0, 'price_type': 'LMT', 'price': 222.0, 'trigger_price': None, 'retention': 'DAY', 'amo': 'NO', 'remarks': None}
2025-09-18 15:20:21,624 - INFO - Account 2: API=True, Qty=20, Active=True
2025-09-18 15:20:21,624 - INFO - API instance for account 1: True
2025-09-18 15:20:21,627 - INFO - Placing order for account 2 with parameters: {'buy_or_sell': 'B', 'product_type': 'M', 'exchange': 'BFO', 'tradingsymbol': 'SENSEX2591882800CE', 'quantity': 20, 'discloseqty': 0, 'price_type': 'LMT', 'price': 222.0, 'trigger_price': None, 'retention': 'DAY', 'amo': 'NO', 'remarks': None}
2025-09-18 15:20:21,631 - INFO - API instance for account 2: True
2025-09-18 15:20:22,712 - INFO - API response: {'request_time': '15:20:24 18-09-2025', 'stat': 'Ok', 'norenordno': '25091800665820'}
2025-09-18 15:20:22,715 - INFO - API response type: <class 'dict'>
2025-09-18 15:20:22,719 - INFO - API response: {'request_time': '15:20:24 18-09-2025', 'stat': 'Ok', 'norenordno': '25091800665821'}
2025-09-18 15:20:22,722 - INFO - New order received: 25091800665820
2025-09-18 15:20:22,723 - INFO - Buy order placed successfully: {'request_time': '15:20:24 18-09-2025', 'stat': 'Ok', 'norenordno': '25091800665820'}
2025-09-18 15:20:22,723 - INFO - Order status debug - status: 'PENDING', reporttype: 'NewAck', trantype: 'B', price: '222.00'
2025-09-18 15:20:22,724 - INFO - API response type: <class 'dict'>
2025-09-18 15:20:22,743 - INFO - Order data saved to orders.csv
2025-09-18 15:20:22,747 - INFO - Buy order placed successfully: {'request_time': '15:20:24 18-09-2025', 'stat': 'Ok', 'norenordno': '25091800665821'}
2025-09-18 15:20:22,751 - INFO - Account 2 - B PENDING NewAck
2025-09-18 15:20:22,756 - INFO - Auto SL/Target set - SL: 202.0, Target: 262.0 (Buy Open: 222.0)
2025-09-18 15:20:22,761 - INFO - Cross-account coordination started
2025-09-18 15:20:22,762 - INFO - Cross-account coordination started for buy orders
2025-09-18 15:20:22,764 - INFO - Buy button disabled to prevent duplicate orders
2025-09-18 15:20:22,764 - INFO - Price box grayed out after order placement
2025-09-18 15:20:22,765 - INFO - Cancel Buy and Modify Buy buttons enabled after buy orders placed
2025-09-18 15:20:22,766 - INFO - Exit button kept disabled until buy orders are completed
2025-09-18 15:20:22,767 - INFO - Child order status updated: Buy Order PENDING @ 222.00
2025-09-18 15:20:22,770 - INFO - New order received: 25091800665821
2025-09-18 15:20:22,770 - INFO - Order status debug - status: 'PENDING', reporttype: 'NewAck', trantype: 'B', price: '222.00'
2025-09-18 15:20:22,771 - INFO - Updating order 25091800665820
2025-09-18 15:20:22,771 - INFO - Order status debug - status: 'PENDING', reporttype: 'PendingNew', trantype: 'B', price: '222.00'
2025-09-18 15:20:22,779 - ERROR - Error processing order update for account 2: Must have equal len keys and value when setting with an iterable
2025-09-18 15:20:22,780 - INFO - Master order status updated: Buy Order PENDING @ 222.00
2025-09-18 15:20:22,780 - INFO - Child order status updated: Buy Order PENDING @ 222.00
2025-09-18 15:20:22,780 - INFO - Order data saved to orders.csv
2025-09-18 15:20:22,784 - INFO - Updating order 25091800665821
2025-09-18 15:20:22,785 - INFO - Order status debug - status: 'PENDING', reporttype: 'PendingNew', trantype: 'B', price: '222.00'
2025-09-18 15:20:22,786 - INFO - Account 1 - B PENDING NewAck
2025-09-18 15:20:22,787 - INFO - Updating order 25091800665820
2025-09-18 15:20:22,790 - ERROR - Error processing order update for account 1: Must have equal len keys and value when setting with an iterable
2025-09-18 15:20:22,791 - INFO - Order status debug - status: 'OPEN', reporttype: 'New', trantype: 'B', price: '222.00'
2025-09-18 15:20:22,799 - ERROR - Error processing order update for account 2: Must have equal len keys and value when setting with an iterable
2025-09-18 15:20:22,800 - INFO - Master order status updated: Buy Order PENDING @ 222.00
2025-09-18 15:20:22,801 - INFO - Child order status updated: Buy Order Open @ 222.00
2025-09-18 15:20:22,803 - INFO - Updating order 25091800665821
2025-09-18 15:20:22,804 - INFO - Order status debug - status: 'OPEN', reporttype: 'New', trantype: 'B', price: '222.00'
2025-09-18 15:20:22,808 - ERROR - Error processing order update for account 1: Must have equal len keys and value when setting with an iterable
2025-09-18 15:20:22,808 - INFO - Master order status updated: Buy Order Open @ 222.00
2025-09-18 15:20:23,625 - INFO - PnL updated for account 2 (active): -40.0
2025-09-18 15:20:23,625 - INFO - PnL updated for account 1 (active): 764.0
2025-09-18 15:20:23,625 - INFO - Order state updated - Master: None, Child: PENDING
2025-09-18 15:20:23,626 - INFO - Order state updated - Master: PENDING, Child: PENDING
2025-09-18 15:20:23,626 - INFO - Checking coordination - Master: PENDING, Child: PENDING
2025-09-18 15:20:23,627 - INFO - Checking coordination - Master: PENDING, Child: PENDING
2025-09-18 15:20:30,243 - INFO - SL price ready for modification: 221
2025-09-18 15:20:31,612 - INFO - SL difference updated: -1.0 points from buy price
2025-09-18 15:20:31,614 - INFO - SL price confirmed: 221.0 (monitoring will start after buy order is filled)
2025-09-18 15:21:20,082 - INFO - Updating order 25091800665821
2025-09-18 15:21:20,082 - INFO - Order status debug - status: 'COMPLETE', reporttype: 'Fill', trantype: 'B', price: '222.00'
2025-09-18 15:21:20,084 - ERROR - Error processing order update for account 1: Must have equal len keys and value when setting with an iterable
2025-09-18 15:21:20,084 - INFO - Updating order 25091800665820
2025-09-18 15:21:20,084 - INFO - Buy order completed for account 1: SENSEX2591882800CE @ 222.0
2025-09-18 15:21:20,084 - INFO - Order status debug - status: 'COMPLETE', reporttype: 'Fill', trantype: 'B', price: '222.00'
2025-09-18 15:21:20,086 - ERROR - Error processing order update for account 2: Must have equal len keys and value when setting with an iterable
2025-09-18 15:21:20,087 - INFO - Buy order completed for account 2: SENSEX2591882800CE @ 222.0
2025-09-18 15:21:20,088 - INFO - SL monitoring activated at 221.0
2025-09-18 15:21:20,089 - INFO - SL monitoring started at: 221.0
2025-09-18 15:21:20,090 - INFO - Target monitoring activated at 262.0
2025-09-18 15:21:20,091 - INFO - SL monitoring activated at 221.0
2025-09-18 15:21:20,091 - INFO - Target monitoring started at: 262.0
2025-09-18 15:21:20,092 - INFO - SL monitoring started at: 221.0
2025-09-18 15:21:20,094 - INFO - Target monitoring activated at 262.0
2025-09-18 15:21:20,094 - INFO - Target monitoring started at: 262.0
2025-09-18 15:21:20,096 - INFO - Exit buttons enabled after buy order completion
2025-09-18 15:21:20,097 - INFO - Position tracked for account 1: SENSEX2591882800CE @ 222.0, Qty: 20
2025-09-18 15:21:20,099 - INFO - Price input box disabled - active position detected
2025-09-18 15:21:20,099 - INFO - Exit buttons enabled after buy order completion
2025-09-18 15:21:20,104 - INFO - Position tracked for account 2: SENSEX2591882800CE @ 222.0, Qty: 20
2025-09-18 15:21:20,108 - INFO - Price input box disabled - active position detected
2025-09-18 15:21:20,896 - INFO - PnL updated for account 1 (active): 771.0
2025-09-18 15:21:20,896 - INFO - Master order status updated: Buy Order Complete @ 222.00
2025-09-18 15:21:20,901 - INFO - PnL updated for account 2 (active): -33.0
2025-09-18 15:21:20,908 - INFO - Child order status updated: Buy Order Complete @ 222.00
2025-09-18 15:21:52,055 - INFO - Target price ready for modification: 230
2025-09-18 15:21:52,449 - INFO - Target difference updated: 8.0 points from buy price
2025-09-18 15:21:52,450 - INFO - Target monitoring activated at 230.0
2025-09-18 15:21:52,450 - INFO - Target price confirmed and monitoring started: 230.0 (buy orders are filled)
2025-09-18 15:22:03,750 - WARNING - SL BREACHED! Current: 220.95, SL: 221.0
2025-09-18 15:22:03,750 - INFO - Executing SL exit at limit price. Current: 220.95
2025-09-18 15:22:03,751 - INFO - SL monitoring stopped
2025-09-18 15:22:03,754 - INFO - Target monitoring stopped
2025-09-18 15:22:03,760 - INFO - Getting token and lot size for trading symbol: SENSEX2591882800CE
2025-09-18 15:22:03,769 - INFO - Found token and lot size for SENSEX2591882800CE: 862176, 20
2025-09-18 15:22:03,770 - INFO - Generated quantity options for lot size 20: ['20', '40', '60', '80', '100', '120', '140', '160', '180', '200']
2025-09-18 15:22:03,779 - INFO - Updated quantity options for SENSEX2591882800CE with lot size 20: ['20', '40', '60', '80', '100', '120', '140', '160', '180', '200']
2025-09-18 15:22:04,478 - ERROR - Error checking accounts with open positions: 'list' object has no attribute 'get'
2025-09-18 15:22:04,480 - INFO - Position status before exit: [1, 2]
2025-09-18 15:22:04,480 - INFO - Getting token and lot size for trading symbol: SENSEX2591882800CE
2025-09-18 15:22:04,480 - INFO - Found token and lot size for SENSEX2591882800CE: 862176, 20
2025-09-18 15:22:04,480 - INFO - Master quantity: 20 (selected: 20, lot size: 20)
2025-09-18 15:22:04,480 - INFO - Child quantity: 20 (lots: 1, lot size: 20)
2025-09-18 15:22:05,157 - ERROR - Error checking accounts with open positions: 'list' object has no attribute 'get'
2025-09-18 15:22:05,157 - INFO - Accounts with open positions for exit: [1, 2]
2025-09-18 15:22:05,157 - INFO - Placing exit orders for accounts: [1, 2]
2025-09-18 15:22:05,157 - INFO - Trading symbol: SENSEX2591882800CE, Price: 220.95
2025-09-18 15:22:05,157 - INFO - Quantities: [20, 20]
2025-09-18 15:22:05,820 - INFO - Exit order placed successfully: {'request_time': '15:22:07 18-09-2025', 'stat': 'Ok', 'norenordno': '25091800669011'}
2025-09-18 15:22:05,829 - INFO - Exit order placed successfully: {'request_time': '15:22:07 18-09-2025', 'stat': 'Ok', 'norenordno': '25091800669012'}
2025-09-18 15:22:05,833 - INFO - New order received: 25091800669012
2025-09-18 15:22:05,834 - INFO - Order status debug - status: 'PENDING', reporttype: 'NewAck', trantype: 'S', price: '0.00'
2025-09-18 15:22:05,840 - INFO - Child order status updated: Sell Order PENDING @ 0.00
2025-09-18 15:22:05,850 - INFO - Exit button disabled to prevent duplicate orders
2025-09-18 15:22:05,854 - INFO - Updating order 25091800669012
2025-09-18 15:22:05,855 - INFO - Order status debug - status: 'PENDING', reporttype: 'PendingNew', trantype: 'S', price: '0.00'
2025-09-18 15:22:05,855 - INFO - Order data saved to orders.csv
2025-09-18 15:22:05,860 - ERROR - Error processing order update for account 2: Must have equal len keys and value when setting with an iterable
2025-09-18 15:22:05,862 - INFO - Cancel Exit and Modify Exit buttons enabled after exit orders placed
2025-09-18 15:22:05,863 - INFO - Account 2 - S PENDING NewAck
2025-09-18 15:22:05,863 - INFO - Child order status updated: Sell Order PENDING @ 0.00
2025-09-18 15:22:05,874 - INFO - Updating order 25091800669012
2025-09-18 15:22:05,875 - INFO - Order status debug - status: 'COMPLETE', reporttype: 'Fill', trantype: 'S', price: '0.00'
2025-09-18 15:22:05,878 - ERROR - Error processing order update for account 2: Must have equal len keys and value when setting with an iterable
2025-09-18 15:22:05,881 - INFO - Sell order completed for account 2: SENSEX2591882800CE @ 0.0
2025-09-18 15:22:05,884 - INFO - SL and Target monitoring reset and fields cleared
2025-09-18 15:22:05,886 - INFO - SL and Target monitoring reset after sell order completion
2025-09-18 15:22:05,886 - INFO - Position cleared for account 2 after sell completion
2025-09-18 15:22:05,893 - INFO - New order received: 25091800669011
2025-09-18 15:22:05,894 - INFO - Order status debug - status: 'PENDING', reporttype: 'NewAck', trantype: 'S', price: '0.00'
2025-09-18 15:22:05,903 - INFO - Price input box disabled - active position detected
2025-09-18 15:22:05,910 - INFO - Master order status updated: Sell Order PENDING @ 0.00
2025-09-18 15:22:05,912 - INFO - Order data saved to orders.csv
2025-09-18 15:22:05,913 - INFO - Account 1 - S PENDING NewAck
2025-09-18 15:22:05,916 - INFO - Updating order 25091800669011
2025-09-18 15:22:05,916 - INFO - Order status debug - status: 'PENDING', reporttype: 'PendingNew', trantype: 'S', price: '0.00'
2025-09-18 15:22:05,927 - ERROR - Error processing order update for account 1: Must have equal len keys and value when setting with an iterable
2025-09-18 15:22:05,931 - INFO - Master order status updated: Sell Order PENDING @ 0.00
2025-09-18 15:22:05,932 - INFO - Updating order 25091800669011
2025-09-18 15:22:05,932 - INFO - Order status debug - status: 'COMPLETE', reporttype: 'Fill', trantype: 'S', price: '0.00'
2025-09-18 15:22:05,936 - ERROR - Error processing order update for account 1: Must have equal len keys and value when setting with an iterable
2025-09-18 15:22:05,937 - INFO - Sell order completed for account 1: SENSEX2591882800CE @ 0.0
2025-09-18 15:22:05,939 - INFO - SL and Target monitoring reset and fields cleared
2025-09-18 15:22:05,939 - INFO - SL and Target monitoring reset after sell order completion
2025-09-18 15:22:05,939 - INFO - Position cleared for account 1 after sell completion
2025-09-18 15:22:05,942 - INFO - Price input box enabled - no active positions
2025-09-18 15:22:06,791 - INFO - PnL updated for account 2 (active): -80.0
2025-09-18 15:22:06,791 - INFO - Order state updated - Master: PENDING, Child: PENDING
2025-09-18 15:22:06,792 - INFO - Checking coordination - Master: PENDING, Child: PENDING
2025-09-18 15:22:06,815 - INFO - PnL updated for account 2 (active): -80.0
2025-09-18 15:22:06,817 - INFO - Master sell complete check: False (status: Sell Order PENDING @ 0.00)
2025-09-18 15:22:06,818 - INFO - Child sell complete check: False (status: Sell Order PENDING @ 0.00)
2025-09-18 15:22:06,820 - INFO - Child order status updated: Sell Order Complete @ 0.00
2025-09-18 15:22:06,830 - INFO - PnL updated for account 1 (active): 724.0
2025-09-18 15:22:06,830 - INFO - Master sell complete check: False (status: Sell Order PENDING @ 0.00)
2025-09-18 15:22:06,830 - INFO - Child sell complete check: True (status: Sell Order Complete @ 0.00)
2025-09-18 15:22:06,833 - INFO - Master order status updated: Sell Order Complete @ 0.00
2025-09-18 15:22:06,873 - INFO - PnL updated for account 1 (active): 724.0
2025-09-18 15:22:06,875 - INFO - Order state updated - Master: PENDING, Child: PENDING
2025-09-18 15:22:06,876 - INFO - Checking coordination - Master: PENDING, Child: PENDING
2025-09-18 15:23:33,727 - INFO - Price box re-enabled for new orders
2025-09-18 15:23:33,730 - INFO - Buttons released - ready for new orders
